project_id,project_name,snapshot_month,original_cost,approval_to_start_months,cumulative_expenditure,expenditure_percent_of_original_cost,monthly_expenditure_change,monthly_expenditure_growth_pct,physical_progress_pct,monthly_progress_change,progress_growth_rate,planned_duration_months,elapsed_months,remaining_planned_months,elapsed_duration_ratio,is_past_original_doc,efficiency_gap,cost_physical_ratio,expected_progress_pct,progress_gap_pct_points,months_since_first_observation,observation_count_to_date,physical_progress_1_month_change,physical_progress_2_month_change,expenditure_1_month_change,expenditure_2_month_change,progress_trend_slope,expenditure_trend_slope,negative_expenditure_flag,missing_previous_month_flag,invalid_duration_flag,past_original_doc_flag,missing_key_date_flag,suspicious_value_flag,ministry,sector,implementing_agency,state
108841,"Amended BharatNet Program - KTK, GOA, PY",2026-07,3742.0,22.0,435.31,11.6331,0.0,0.0,8.15,8.15,,36.0,13.0,23.0,0.3611,0.0,-3.4831,1.4274,36.1111,-27.9611,1,2,8.15,,0.0,,8.15,0.0,0,0,0,0,0,0,Department of Telecommunications,Telecommunication,Department of Telecommunications,PAN India
124199,Amended BharatNet Program - HR,2026-07,837.0,31.0,83.68,9.9976,,,0.0,,,36.0,4.0,32.0,0.1111,0.0,-9.9976,,11.1111,-11.1111,0,1,,,,,,,0,1,0,0,0,0,Department of Telecommunications,Telecommunication,Department of Telecommunications,PAN India
171218,Amended BharatNet Program - PB,2026-07,1245.0,18.0,0.0,0.0,,,26.58,,,36.0,17.0,19.0,0.4722,0.0,26.58,0.0,47.2222,-20.6422,0,1,,,,,,,0,1,0,0,0,0,Department of Telecommunications,Telecommunication,Department of Telecommunications,PAN India
175860,"Amended BharatNet Program - MP, DD and DNH",2026-07,4943.0,23.0,562.13,11.3722,,,8.4,,,36.0,14.0,22.0,0.3889,0.0,-2.9722,1.3538,38.8889,-30.4889,0,1,,,,,,,0,1,0,0,0,0,Department of Telecommunications,Telecommunication,Department of Telecommunications,PAN India
210914,Amended BharatNet Program - WB & ANI,2026-07,1674.0,18.0,223.41,13.3459,,,15.13,,,36.0,17.0,19.0,0.4722,0.0,1.7841,0.8821,47.2222,-32.0922,0,1,,,,,,,0,1,0,0,0,0,Department of Telecommunications,Telecommunication,Department of Telecommunications,PAN India
222253,Amended BharatNet Program - UP (East),2026-07,5008.0,18.0,502.0,10.024,0.0,0.0,7.65,7.65,,36.0,17.0,19.0,0.4722,0.0,-2.374,1.3103,47.2222,-39.5722,1,2,7.65,,0.0,,7.65,0.0,0,0,0,0,0,0,Department of Telecommunications,Telecommunication,Department of Telecommunications,Uttar Pradesh
240484,Amended BharatNet Program - AS,2026-07,832.0,31.0,83.16,9.9952,,,0.0,,,36.0,4.0,32.0,0.1111,0.0,-9.9952,,11.1111,-11.1111,0,1,,,,,,,0,1,0,0,0,0,Department of Telecommunications,Telecommunication,Department of Telecommunications,PAN India
245986,Jaipur Metro Rail Project Phase 2 (Prahladpura to Todi Mod),2026-07,13037.66,0.0,1.79,0.0137,,,1.79,,,66.0,3.0,63.0,0.0455,0.0,1.7763,0.0077,4.5455,-2.7555,0,1,,,,,,,0,1,0,0,0,0,Ministry of Housing & Urban Affairs,Urban Public Transport,Jaipur Metro Rail Corporation,Rajasthan
298178,"Meja Thermal Power Project, Stage-II , (3x800 MW)",2026-07,38358.0,0.0,1002.73,2.6141,,,0.02,,,78.0,1.0,77.0,0.0128,0.0,-2.5941,130.7068,1.2821,-1.2621,0,1,,,,,,,0,1,0,0,0,0,Ministry of Power,Electricity Generation,National Thermal Power Corporation [NTPC],Uttar Pradesh
317725,Amended BharatNet Program - OD,2026-07,1713.0,35.0,0.0,0.0,,,0.0,,,36.0,0.0,36.0,0.0,0.0,0.0,,0.0,0.0,0,1,,,,,,,0,1,0,0,0,0,Department of Telecommunications,Telecommunication,Department of Telecommunications,PAN India
364934,Stamp Charge Battery No.12 By-product Plant at IISCO Steel Plant,2026-07,999.46,1.0,70.37,7.0408,,,18.72,,,41.0,17.0,24.0,0.4146,0.0,11.6792,0.3761,41.4634,-22.7434,0,1,,,,,,,0,1,0,0,0,0,Ministry of Steel,Steel,Steel Authority of India Limited (SAIL,West Bengal
400005,Transmission Network Expansion in Gujarat to increase its ATC from ISTS Part B,2026-04,4546.26,6.0,4528.07,99.5999,4.58,0.1012,99.9,0.25,0.2509,11.0,45.0,-34.0,4.0909,1.0,0.3001,0.997,100.0,-0.1,4,5,0.25,1.9,4.58,27.28,1.225,42.395,0,0,0,1,0,0,Ministry of Power,Transmission & Distribution,Power Grid Corporation of India Limited [POWERGRID],"Multi-States
(Dadra & Nagar
Haveli and Daman
& Diu, Gujarat,
Maharashtra)"
400006,Jharsuguda-Barpali-Sardega Ph II Works- Rail Connectivity for Coal Loading Bulb at Barpali.,2026-07,808.99,0.0,743.46,91.8998,0.0,0.0,44.0,4.0,10.0,48.0,57.0,-9.0,1.1875,1.0,-47.8998,2.0886,100.0,-56.0,7,8,4.0,4.0,0.0,0.0,1.8571,34.0643,0,0,0,1,0,0,Ministry of Railways,Railways,South Eastern Railway [SER] - I,Odisha
400010,"Construction of Terminal Building & Associated works at Leh Airport, Ladakh",2026-07,480.0,2.0,512.55,106.7812,3.14,0.6164,88.0,4.6,5.5156,36.0,94.0,-58.0,2.6111,1.0,-18.7812,1.2134,100.0,-12.0,7,8,4.6,8.8,3.14,6.42,1.4286,3.9929,0,0,0,1,0,0,Ministry of Civil Aviation,Aviation & Aviation Infrastructure,Airport Authority of India [AAI],Ladakh
400012,Kandla Gorakhpur LPG Pipeline,2026-07,10088.0,0.0,8504.21,84.3003,-168.14,-1.9388,96.0,0.3,0.3135,36.0,91.0,-55.0,2.5278,1.0,11.6997,0.8781,100.0,-4.0,7,8,0.3,0.6,-168.14,-81.5,0.2857,40.9314,0,0,0,1,0,0,Ministry of Petroleum & Natural Gas,Energy Storage,Indian Oil Corporation Limited [IOCL],Uttar Pradesh
400013,Saturation 4G mobile coverage of Uncovered Villages through USOF,2026-07,26316.0,0.0,8722.82,33.1465,169.72,1.9843,87.7,2.7,3.1765,23.0,48.0,-25.0,2.087,1.0,54.5535,0.378,100.0,-12.3,7,8,2.7,2.7,169.72,-1068.98,1.1,-152.7114,0,0,0,1,0,0,Department of Telecommunications,Telecommunication,Department of Telecommunications [DoT],PAN India
400018,HURA C OCP,2026-07,859.41,0.0,455.95,53.0538,0.0,0.0,63.3,0.0,0.0,79.0,47.0,32.0,0.5949,0.0,10.2462,0.8381,59.4937,3.8063,7,8,0.0,0.08,0.0,0.7,0.1857,0.4214,0,0,0,0,0,0,Ministry of Coal,Coal,Eastern Coal Fields Limited [ECL],Jharkhand
400019,DHULE [BORVIHIR] - NARDANA NEW LINE [50.60 KMS],2026-06,492.76,51.0,560.32,113.7105,18.06,3.3305,38.0,13.0,52.0,44.0,38.0,6.0,0.8636,0.0,-75.7105,2.9924,86.3636,-48.3636,6,7,13.0,13.0,18.06,41.03,2.1667,24.1417,0,0,0,0,0,0,Ministry of Railways,Railways,Central Railway,Maharashtra
400022,Taranga Hill-Abu Road via Ambaji 116.65 km,2026-07,2798.0,10.0,1953.58,69.8206,-662.93,-25.3364,48.0,3.0,6.6667,86.0,38.0,48.0,0.4419,0.0,-21.8206,1.4546,44.186,3.814,7,8,3.0,11.0,-662.93,-615.74,4.4286,-20.6443,0,0,0,0,0,0,Ministry of Railways,Railways,CAOC/NWR NWR mor,"Multi-States
(Gujarat,
Rajasthan)"
400023,Construction of New BG line between Hassan to Belur [27 Km],2026-07,749.0,81.0,3.43,0.4579,0.0,0.0,0.5,0.0,0.0,28.0,7.0,21.0,0.25,0.0,0.0421,0.9159,25.0,-24.5,7,8,0.0,0.5,0.0,2.49,0.0714,0.49,0,0,0,0,0,0,Ministry of Railways,Railways,South Western Railway [SWR] - II,Karnataka
400033,BHATADI EXPANSION OC,2026-07,580.61,27.0,112.17,19.3193,0.0,0.0,34.25,0.34,1.0027,70.0,50.0,20.0,0.7143,0.0,14.9307,0.5641,71.4286,-37.1786,7,8,0.34,0.34,0.0,0.0,0.4643,3.92,0,0,0,0,0,0,Ministry of Coal,Coal,WCL - CIL,Maharashtra
400035,"Grass Root Rail-fed Depot at Sekerkote, Agartala as resitement of existing Dharmanagar Depot",2026-05,656.0,0.0,541.81,82.593,4.64,0.8638,97.7,0.7,0.7216,39.0,47.0,-8.0,1.2051,1.0,15.107,0.8454,100.0,-2.3,5,6,0.7,1.1,4.64,4.64,1.14,2.99,0,0,0,1,0,0,Ministry of Petroleum & Natural Gas,Energy Storage,Indian Oil Corporation Limited [IOCL],Tripura
400043,Laying of POL Pipelines in Common Corridor for proposed grass root terminal at Vallur [Chennai],2026-07,829.0,0.0,382.47,46.1363,-0.49,-0.128,81.0,1.4,1.7588,52.0,54.0,-2.0,1.0385,1.0,34.8637,0.5696,100.0,-19.0,7,8,1.4,3.0,-0.49,4.29,1.7143,6.07,0,0,0,1,0,0,Ministry of Petroleum & Natural Gas,Energy Storage,MinistryofPetroleumNaturalGas,Tamil Nadu
400045,Proposed 6 nos Road Over Bridge [ROB] at different locations under MCL Talcher Under Deposit Scheme.,2026-07,168.32,-1.0,69.85,41.4983,0.0,0.0,82.0,0.0,0.0,32.0,48.0,-16.0,1.5,1.0,40.5017,0.5061,100.0,-18.0,7,8,0.0,0.0,0.0,0.0,0.0,0.0,0,0,0,1,0,0,Ministry of Railways,Railways,East Coast Railway [ECoR] - II,Odisha
400047,Doubling of Lingaraj SILO connectivity of NTPC line and augmentation of NTPC exchange yard and NTPC Block Cabin.,2026-07,210.0,-2.0,41.17,19.6048,0.0,0.0,53.0,0.0,0.0,30.0,49.0,-19.0,1.6333,1.0,33.3952,0.3699,100.0,-47.0,7,8,0.0,1.0,0.0,0.61,1.8571,4.0,0,0,0,1,0,0,Ministry of Railways,Railways,East Coast Railway [ECoR] - II,Odisha
400048,Doubling of lines connecting the loading spurs in Talcher Yard.,2026-07,186.21,-3.0,105.07,56.4255,0.0,0.0,88.0,0.0,0.0,30.0,49.0,-19.0,1.6333,1.0,31.5745,0.6412,100.0,-12.0,7,8,0.0,0.0,0.0,1.97,1.1429,8.5814,0,0,0,1,0,0,Ministry of Railways,Railways,East Coast Railway [ECoR] - II,Odisha
400062,"Raghunathpur Thermal Power Station Phase II [2X660 MW] at Raghunathpur, Purulia, West Bengal",2026-07,17673.0,25.0,2268.62,12.8366,148.23,6.9907,13.0,1.5,13.0435,54.0,17.0,37.0,0.3148,0.0,0.1634,0.9874,31.4815,-18.4815,7,8,1.5,3.0,148.23,224.75,1.2857,112.6757,0,0,0,0,0,0,Ministry of Power,Electricity Generation,Damodar Valley Corporation,West Bengal
400073,KONAR EXPANSION OCP,2026-07,674.65,0.0,175.59,26.0268,3.29,1.9095,50.78,0.0,0.0,122.0,54.0,68.0,0.4426,0.0,24.7532,0.5125,44.2623,6.5177,7,8,0.0,4.53,3.29,-258.05,0.8257,-36.2486,0,0,0,0,0,0,Ministry of Coal,Coal,CCL - CIL,Jharkhand
400074,KARO EXPANSION OCP,2026-07,849.31,0.0,237.61,27.9768,29.33,14.082,23.28,0.0,0.0,86.0,54.0,32.0,0.6279,0.0,-4.6968,1.2018,62.7907,-39.5107,7,8,0.0,0.9,29.33,-51.84,0.1829,-4.5214,0,0,0,0,0,0,Ministry of Coal,Coal,CCL - CIL,Jharkhand
400077,"Grass root POL Terminal at Vallur, Chennai",2026-02,827.0,0.0,647.01,78.2358,5.67,0.8841,93.0,3.0,3.3333,35.0,49.0,-14.0,1.4,1.0,14.7642,0.8412,100.0,-7.0,2,3,3.0,3.0,5.67,-2.5,1.5,-1.25,0,0,0,1,0,0,Ministry of Petroleum & Natural Gas,Energy Storage,Indian Oil Corporation Limited [IOCL],Tamil Nadu
400078,New Mundra Panipat Crude Oil Pipeline,2026-06,9028.0,0.0,7482.71,82.8834,26.41,0.3542,94.1,1.4,1.5102,36.0,54.0,-18.0,1.5,1.0,11.2166,0.8808,100.0,-5.9,6,7,1.4,2.7,26.41,321.89,1.0167,14.695,0,0,0,1,0,0,Ministry of Petroleum & Natural Gas,Energy Storage,Ministry of Petroleum & Natural Gas,"Multi-States
(Gujarat, Haryana,
Rajasthan)"
400081,"National Sports University [NSU], Imphal [Manipur]",2026-07,906.47,-5.0,577.32,63.6888,0.95,0.1648,97.5,0.25,0.2571,31.0,54.0,-23.0,1.7419,1.0,33.8112,0.6532,100.0,-2.5,7,8,0.25,0.45,0.95,1.64,0.3571,1.7357,0,0,0,1,0,0,Department of Sports,Education,Department of Sports & Youth Affairs,Manipur
400087,Redevelopment of Sobhasan Complex,2026-07,885.63,0.0,1062.32,119.9508,24.95,2.4051,95.6,1.3,1.3786,67.0,59.0,8.0,0.8806,0.0,-24.3508,1.2547,88.0597,7.5403,7,8,1.3,6.4,24.95,39.87,1.5143,21.5357,0,0,0,0,0,0,Ministry of Petroleum & Natural Gas,Oil & Gas,Oil and Natural Gas Corporation Limited [ONGC],Gujarat
400093,Saryu Nahar CADWM Project,2026-04,1672.7,0.0,22.24,1.3296,0.0,0.0,1.76,0.0,0.0,32.0,108.0,-76.0,3.375,1.0,0.4304,0.7554,100.0,-98.24,4,5,0.0,0.76,0.0,0.0,0.19,0.0,0,0,0,1,0,0,"Department of Water Resources, River Development & GR",Water Resources,Irrigation & Water Resources-UP,Uttar Pradesh
400095,Gosikhurd CADWM Project,2026-04,743.73,0.0,459.06,61.724,0.64,0.1396,53.93,0.0,0.0,32.0,108.0,-76.0,3.375,1.0,-7.794,1.1445,100.0,-46.07,4,5,0.0,1.93,0.64,44.08,0.4825,15.67,0,0,0,1,0,0,"Department of Water Resources, River Development & GR",Water Resources,Department of water resources-MH - II,Maharashtra
400096,Omkareshwar CADWM Project,2026-04,648.09,0.0,208.06,32.1036,0.0,0.0,49.78,0.0,0.0,32.0,108.0,-76.0,3.375,1.0,17.6764,0.6449,100.0,-50.22,4,5,0.0,0.78,0.0,0.0,0.195,0.5,0,0,0,1,0,0,"Department of Water Resources, River Development & GR",Water Resources,Water resource-mp,Madhya Pradesh
400097,Sardar Sarovar CADWM Project,2026-04,5021.76,0.0,4956.98,98.71,0.0,0.0,90.3,0.0,0.0,32.0,108.0,-76.0,3.375,1.0,-8.41,1.0931,100.0,-9.7,4,5,0.0,0.3,0.0,0.0,0.075,0.0,0,0,0,1,0,0,"Department of Water Resources, River Development & GR",Water Resources,"Narmada and Water Resources, Water Supply and Kalpsar Department-GJ",Gujarat
400100,Sardar Gouthu Latchanna Thotapalli Barrage Project,2026-07,353.05,9.0,879.15,249.0157,0.0,0.0,95.88,0.0,0.0,167.0,246.0,-79.0,1.4731,1.0,-153.1357,2.5972,100.0,-4.12,7,8,0.0,0.0,0.0,6.5,0.1257,1.4343,0,0,0,1,0,0,"Department of Water Resources, River Development & GR",Water Resources,Water Resources-AP,Andhra Pradesh
400101,Gundlakamma project,2026-07,397.41,0.0,624.78,157.213,0.0,0.0,98.3,0.0,0.0,176.0,255.0,-79.0,1.4489,1.0,-58.913,1.5993,100.0,-1.7,7,8,0.0,0.0,0.0,0.0,0.0429,0.8129,0,0,0,1,0,0,"Department of Water Resources, River Development & GR",Water Resources,Water Resources-AP,Andhra Pradesh
400102,Sri Ram Sagar Project Stage - II,2026-07,736.13,108.0,971.47,131.9699,0.0,0.0,97.0,0.0,0.0,176.0,255.0,-79.0,1.4489,1.0,-34.9699,1.3605,100.0,-3.0,7,8,0.0,0.0,0.0,0.0,0.1429,4.3957,0,0,0,1,0,0,"Department of Water Resources, River Development & GR",Water Resources,Irrigation and CAD-TG,Telangana
400103,Indiramma Flood Flow Canal Project,2026-07,1331.3,117.0,4491.08,337.3455,0.0,0.0,92.0,0.0,0.0,167.0,246.0,-79.0,1.4731,1.0,-245.3455,3.6668,100.0,-8.0,7,8,0.0,0.0,0.0,0.0,0.0,0.0,0,0,0,1,0,1,"Department of Water Resources, River Development & GR",Water Resources,Irrigation and CAD-TG,Telangana
400104,Punpun Barrage Project,2026-03,571.07,0.0,447.68,78.3932,0.0,0.0,44.5,0.5,1.1364,152.0,227.0,-75.0,1.4934,1.0,-33.8932,1.7616,100.0,-55.5,3,4,0.5,0.5,0.0,0.0,0.1667,0.0,0,0,0,1,0,0,"Department of Water Resources, River Development & GR",Water Resources,Water Resources-BR,Bihar
400105,Urmodi Irrigation Project,2026-04,580.79,12.0,713.46,122.843,0.0,0.0,76.22,0.0,0.0,50.0,96.0,-46.0,1.92,1.0,-46.623,1.6117,100.0,-23.78,4,5,0.0,0.22,0.0,0.0,0.055,0.0,0,0,0,1,0,0,"Department of Water Resources, River Development & GR",Water Resources,Department of water resources-MH - II,Maharashtra
400107,Sulwade-Jamphal-Kanoli Lift Irrigation Scheme,2026-04,2407.67,22.0,2779.38,115.4386,0.54,0.0194,80.54,0.0,0.0,52.0,86.0,-34.0,1.6538,1.0,-34.8986,1.4333,100.0,-19.46,4,5,0.0,0.54,0.54,155.94,0.135,47.96,0,0,0,1,0,0,"Department of Water Resources, River Development & GR",Water Resources,Department of water resources-MH - II,Maharashtra
400109,Purna Barrage-2 [Ner Dhamana] Medium Irrigation Project,2026-04,848.07,12.0,690.49,81.419,0.0,0.0,69.63,0.0,0.0,26.0,96.0,-70.0,3.6923,1.0,-11.789,1.1693,100.0,-30.37,4,5,0.0,0.63,0.0,0.0,0.1575,0.0,0,0,0,1,0,0,"Department of Water Resources, River Development & GR",Water Resources,Department of water resources-MH - II,Maharashtra
400111,Kelo Irrigation Project,2026-07,459.97,0.0,620.15,134.824,0.0,0.0,73.0,0.0,0.0,140.0,219.0,-79.0,1.5643,1.0,-61.824,1.8469,100.0,-27.0,7,8,0.0,1.0,0.0,1.3,0.1429,0.46,0,0,0,1,0,0,"Department of Water Resources, River Development & GR",Water Resources,Water Resources-CT,Chhattisgarh
400112,Jigaon Irrigation Project,2026-04,7222.95,12.0,10516.63,145.6002,928.64,9.6855,92.0,1.0,1.0989,122.0,96.0,26.0,0.7869,0.0,-53.6002,1.5826,78.6885,13.3115,4,5,1.0,1.0,928.64,1125.81,0.25,292.0125,0,0,0,0,0,0,"Department of Water Resources, River Development & GR",Water Resources,Department of water resources-MH - II,Maharashtra
400115,Bargi Diversion Project Phase - IV [km. 154 to km 197],2026-07,751.03,9.0,814.02,108.3871,0.0,0.0,75.0,0.0,0.0,131.0,210.0,-79.0,1.6031,1.0,-33.3871,1.4452,100.0,-25.0,7,8,0.0,0.0,0.0,0.0,0.0,4.4171,0,0,0,1,0,0,"Department of Water Resources, River Development & GR",Water Resources,Water Resources-MP,Madhya Pradesh
400116,Bargi Diversion Project Phase - III [km. 104 to km 154],2026-07,1229.15,0.0,2270.96,184.7586,30.91,1.3799,81.52,0.0,0.0,152.0,231.0,-79.0,1.5197,1.0,-103.2386,2.2664,100.0,-18.48,7,8,0.0,0.0,30.91,67.15,0.2171,39.6343,0,0,0,1,0,0,"Department of Water Resources, River Development & GR",Water Resources,Water Resources-MP,Madhya Pradesh
400119,Life Extension of 48 well platforms of Mumbai High & Heera Fields,2026-07,3190.69,0.0,3123.2,97.8848,0.0,0.0,90.0,0.0,0.0,28.0,127.0,-99.0,4.5357,1.0,-7.8848,1.0876,100.0,-10.0,7,8,0.0,0.0,0.0,0.0,0.0,0.0,0,0,0,1,0,0,Ministry of Petroleum & Natural Gas,Oil & Gas,Oil and Natural Gas Corporation Limited [ONGC],Offshore
400120,KG-DWN-98/2 Cluster - II Development Project - NELP Block,2026-07,34012.0,0.0,33192.0,97.5891,78.26,0.2363,96.9,0.1,0.1033,51.0,124.0,-73.0,2.4314,1.0,-0.6891,1.0071,100.0,-3.1,7,8,0.1,0.3,78.26,185.3,0.1286,116.8043,0,0,0,1,0,0,Ministry of Petroleum & Natural Gas,Oil & Gas,Oil and Natural Gas Corporation Limited [ONGC],Andhra Pradesh
400121,"Construction of Screening Plant-II for Donimalai and Kumaraswamy Iron Ore Mining Complex of NMDC Limited at Ballari Dt, Karnataka.",2026-07,1043.63,115.0,649.52,62.2366,21.23,3.379,70.33,5.33,8.2,26.0,25.0,1.0,0.9615,0.0,8.0934,0.8849,96.1538,-25.8238,7,8,5.33,5.33,21.23,21.23,3.6186,39.1614,0,0,0,0,0,0,Ministry of Steel,Steel,National Mineral Development Corporation Limited [NMDC],Karnataka
400136,SANGHMITRA OC,2026-07,2660.0,0.0,17.03,0.6402,-0.37,-2.1264,16.77,0.0,0.0,96.0,28.0,68.0,0.2917,0.0,16.1298,0.0382,29.1667,-12.3967,7,8,0.0,0.0,-0.37,0.0,0.11,1.4886,0,0,0,0,0,0,Ministry of Coal,Coal,CCL - CIL,Jharkhand
400138,CHANDRAGUPT OCP,2026-07,973.5,0.0,772.12,79.3138,0.0,0.0,25.11,0.0,0.0,139.0,71.0,68.0,0.5108,0.0,-54.2038,3.1587,51.0791,-25.9691,7,8,0.0,0.08,0.0,331.37,0.1586,47.3386,0,0,0,0,0,0,Ministry of Coal,Coal,CCL - CIL,Jharkhand
400139,KOTRE BASANTPUR PACHMO OCP,2026-07,625.4,0.0,456.48,72.9901,0.0,0.0,45.78,0.0,0.0,139.0,71.0,68.0,0.5108,0.0,-27.2101,1.5944,51.0791,-5.2991,7,8,0.0,0.26,0.0,0.0,0.54,0.0757,0,0,0,0,0,0,Ministry of Coal,Coal,Ministry of Coal,Jharkhand
400141,Expansion of Alumina Refinery Plant with addition of 5th Stream having capacity enhancement of 1.0 Million Tonee Per Annum,2026-07,4103.0,0.0,5023.49,122.4346,38.42,0.7707,95.64,0.44,0.4622,68.0,111.0,-43.0,1.6324,1.0,-26.7946,1.2802,100.0,-4.36,7,8,0.44,0.94,38.42,103.24,2.2343,82.06,0,0,0,1,0,0,Ministry of Mines,Metals & Mining,National Aluminium Company Limited [NALCO],Odisha
400142,Pachwara South Coal Block,2026-07,2242.9,44.0,1432.45,63.866,9.94,0.6988,87.0,0.0,0.0,106.0,80.0,26.0,0.7547,0.0,23.134,0.7341,75.4717,11.5283,7,8,0.0,0.0,9.94,44.36,1.8571,25.5043,0,0,0,0,0,0,Ministry of Coal,Coal,NLC India Limited,Jharkhand
400144,PORDA CHIMTAPANI OCP [10 MTY],2026-07,2310.12,0.0,118.97,5.1499,1.6,1.3632,11.81,0.0,0.0,99.0,67.0,32.0,0.6768,0.0,6.6601,0.4361,67.6768,-55.8668,7,8,0.0,0.0,1.6,3.35,0.2586,3.9343,0,0,0,0,0,0,Ministry of Coal,Coal,SECL - CIL,Chhattisgarh
400148,AMADAND OCP[4.0MTY],2026-07,869.44,0.0,325.09,37.3907,0.17,0.0523,75.15,0.0,0.0,60.0,124.0,-64.0,2.0667,1.0,37.7593,0.4975,100.0,-24.85,7,8,0.0,0.0,0.17,-0.31,0.0214,6.6157,0,0,0,1,0,0,Ministry of Coal,Coal,SECL - CIL,Madhya Pradesh
400149,BAROUD OC EXPANSION [3.0-10.0M,2026-07,2309.8,0.0,1039.65,45.0104,32.56,3.2331,55.95,0.0,0.0,103.0,71.0,32.0,0.6893,0.0,10.9396,0.8045,68.932,-12.982,7,8,0.0,0.0,32.56,40.56,0.85,11.8243,0,0,0,0,0,0,Ministry of Coal,Coal,SECL - CIL,Chhattisgarh
400150,RPR MAGADH EXP OCP,2026-07,6964.33,0.0,2299.77,33.0221,1.32,0.0574,39.42,0.0,0.0,91.0,71.0,20.0,0.7802,0.0,6.3979,0.8377,78.022,-38.602,7,8,0.0,0.12,1.32,607.12,0.2029,100.0543,0,0,0,0,0,0,Ministry of Coal,Coal,Ministry of Coal,Jharkhand
400151,NORTH URIMARI EXPANSION OCP,2026-07,634.3,0.0,598.34,94.3308,0.02,0.0033,68.9,0.0,0.0,92.0,60.0,32.0,0.6522,0.0,-25.4308,1.3691,65.2174,3.6826,7,8,0.0,0.15,0.02,-7.67,0.1286,-13.9586,0,0,0,0,0,0,Ministry of Coal,Coal,Ministry of Coal,Jharkhand
400152,RAMPUR BATURA OCP [4.0MTY],2026-02,1248.93,0.0,498.6,39.9222,0.0,0.0,44.0,0.0,0.0,80.0,79.0,1.0,0.9875,0.0,4.0778,0.9073,98.75,-54.75,2,3,0.0,0.0,0.0,0.0,0.0,0.0,0,0,0,0,0,0,Ministry of Coal,Coal,South Eastern Coalfields Limited [SECL],Madhya Pradesh
400153,EPR ROHINI - KARKETTA OCP,2026-07,995.57,0.0,85.34,8.572,0.0,0.0,24.02,0.0,0.0,86.0,66.0,20.0,0.7674,0.0,15.448,0.3569,76.7442,-52.7242,7,8,0.0,1.48,0.0,0.0,0.4314,0.0857,0,0,0,0,0,0,Ministry of Coal,Coal,Ministry of Coal,Jharkhand
400154,EPR PUNDI OCP,2026-07,639.6,0.0,14.78,2.3108,-221.8,-93.7526,11.24,0.0,0.0,76.0,68.0,8.0,0.8947,0.0,8.9292,0.2056,89.4737,-78.2337,7,8,0.0,1.05,-221.8,-221.8,0.1771,-31.6857,0,0,0,0,0,0,Ministry of Coal,Coal,Ministry of Coal,Jharkhand
400155,EPR ASHOK OC,2026-07,2821.07,0.0,186.02,6.594,0.0,0.0,27.74,0.0,0.0,118.0,62.0,56.0,0.5254,0.0,21.146,0.2377,52.5424,-24.8024,7,8,0.0,0.23,0.0,0.0,0.5343,0.14,0,0,0,0,0,0,Ministry of Coal,Coal,Ministry of Coal,Jharkhand
400156,EPR AMRAPALI OCP,2026-07,4983.57,0.0,1838.82,36.8976,27.05,1.493,43.69,0.0,0.0,97.0,77.0,20.0,0.7938,0.0,6.7924,0.8445,79.3814,-35.6914,7,8,0.0,0.11,27.05,512.74,0.2414,83.0543,0,0,0,0,0,0,Ministry of Coal,Coal,CCL - CIL,Jharkhand
400160,RAJRAPPA RCE OCP,2026-07,510.85,0.0,488.71,95.666,-0.49,-0.1002,75.61,0.0,0.0,75.0,199.0,-124.0,2.6533,1.0,-20.056,1.2653,100.0,-24.39,7,8,0.0,-1.38,-0.49,0.0,-0.0557,0.0029,0,0,0,1,0,0,Ministry of Coal,Coal,CCL - CIL,Jharkhand
400161,"PP Project, Pata",2026-01,910.56,0.0,1073.0,117.8396,7.0,0.6567,99.0,0.0,0.0,58.0,82.0,-24.0,1.4138,1.0,-18.8396,1.1903,100.0,-1.0,1,2,0.0,,7.0,,0.0,7.0,0,0,0,1,0,0,Ministry of Petroleum & Natural Gas,Oil & Gas,Gas Authority of India Limited [GAIL],Uttar Pradesh
400162,BLOCK B EXPANSION [3.5 TO 8.0,2026-07,998.71,0.0,545.34,54.6044,-139.12,-20.3255,51.31,0.23,0.4503,44.0,84.0,-40.0,1.9091,1.0,-3.2944,1.0642,100.0,-48.69,7,8,0.23,0.92,-139.12,24.37,0.4729,8.0971,0,0,0,1,0,0,Ministry of Coal,Coal,NCL - CIL,Madhya Pradesh
400165,SUBHADRA OCP,2026-07,1693.81,0.0,1332.87,78.6906,1.51,0.1134,46.57,0.3,0.6484,131.0,62.0,69.0,0.4733,0.0,-32.1206,1.6897,47.3282,-0.7582,7,8,0.3,0.84,1.51,2.81,0.6529,0.8971,0,0,0,0,0,0,Ministry of Coal,Coal,MCL - CIL,Odisha
400166,SIARMAL OCP,2026-07,5194.95,0.0,3543.45,68.2095,52.37,1.5001,61.04,0.38,0.6264,97.0,65.0,32.0,0.6701,0.0,-7.1695,1.1175,67.0103,-5.9703,7,8,0.38,0.77,52.37,52.24,0.5771,11.5314,0,0,0,0,0,0,Ministry of Coal,Coal,Mahanadi Coalfields Limited [MCL],Odisha
400167,Redevelopment of Santhal Field [Onshore-Mehsana Asset],2026-07,1162.56,0.0,1127.73,97.004,9.93,0.8884,96.8,0.0,0.0,109.0,113.0,-4.0,1.0367,1.0,-0.204,1.0021,100.0,-3.2,7,8,0.0,0.9,9.93,14.54,0.2571,-2.5886,0,0,0,1,0,0,Ministry of Petroleum & Natural Gas,Oil & Gas,Oil and Natural Gas Corporation Limited [ONGC],Gujarat
400168,"500 KTA PDHPP Project, Usar",2026-07,8797.0,0.0,8861.88,100.7375,120.0,1.3727,91.9,0.3,0.3275,48.0,63.0,-15.0,1.3125,1.0,-8.8375,1.0962,100.0,-8.1,7,8,0.3,0.8,120.0,748.22,0.5571,212.9171,0,0,0,1,0,0,Ministry of Petroleum & Natural Gas,Oil & Gas,Gas Authority of India Limited [GAIL],Maharashtra
400169,Redevelopment of Linch Field,2026-07,631.03,0.0,622.24,98.607,4.4,0.7122,93.7,1.6,1.7372,47.0,63.0,-16.0,1.3404,1.0,-4.907,1.0524,100.0,-6.3,7,8,1.6,2.7,4.4,4.53,0.8143,3.1671,0,0,0,1,0,0,Ministry of Petroleum & Natural Gas,Oil & Gas,Oil and Natural Gas Corporation Limited [ONGC],Gujarat
400171,2G Ethanol Biorefinery at Bathinda,2026-07,1421.46,0.0,1291.35,90.8467,-1.99,-0.1539,95.9,1.9,2.0213,33.0,74.0,-41.0,2.2424,1.0,5.0533,0.9473,100.0,-4.1,7,8,1.9,0.1,-1.99,24.64,0.1286,10.4443,0,0,0,1,0,0,Ministry of Petroleum & Natural Gas,Oil & Gas,Hindustan Petroleum Corporation Limited,Punjab
400172,CHITRA EAST OC,2026-07,513.99,0.0,276.0,53.6975,1.72,0.6271,53.03,0.0,0.0,91.0,95.0,-4.0,1.044,1.0,-0.6675,1.0126,100.0,-46.97,7,8,0.0,0.0,1.72,35.88,0.29,6.4471,0,0,0,1,0,0,Ministry of Coal,Coal,ECL - CIL,Jharkhand
400173,MOHANPUR EXPANSION OC -PHASE I,2026-07,888.99,0.0,153.96,17.3185,10.67,7.4464,31.52,0.0,0.0,64.0,68.0,-4.0,1.0625,1.0,14.2015,0.5494,100.0,-68.48,7,8,0.0,0.0,10.67,10.98,0.2171,4.9814,0,0,0,1,0,0,Ministry of Coal,Coal,Eastern Coal Fields Limited [ECL],West Bengal
400174,"New Sinter Plant at BSL, SAIL",2026-07,1034.01,7.0,1028.11,99.4294,13.16,1.2966,64.26,0.5,0.7842,144.0,129.0,15.0,0.8958,0.0,-35.1694,1.5473,89.5833,-25.3233,7,8,0.5,0.26,13.16,21.52,1.6086,14.1629,0,0,0,0,0,0,Ministry of Steel,Steel,Steel Authority of India Limited [SAIL],Jharkhand
400177,AMALGAMATED YEKONA I & YEKONA,2026-07,727.28,0.0,564.25,77.5836,0.0,0.0,80.77,0.0,0.0,115.0,131.0,-16.0,1.1391,1.0,3.1864,0.9605,100.0,-19.23,7,8,0.0,0.0,0.0,1.02,0.11,3.4786,0,0,0,1,0,0,Ministry of Coal,Coal,WCL - CIL,Maharashtra
400178,DINESH[MAKARDHOKRA-III] OC,2026-07,822.88,0.0,792.0,96.2473,0.52,0.0657,40.63,0.0,0.0,85.0,77.0,8.0,0.9059,0.0,-55.6173,2.3689,90.5882,-49.9582,7,8,0.0,0.0,0.52,142.17,0.9471,24.1286,0,0,0,0,0,0,Ministry of Coal,Coal,WCL - CIL,Maharashtra
400180,BONJEMEHARI EXPANSION OCP,2026-07,570.11,0.0,98.58,17.2914,9.62,10.8138,17.13,0.0,0.0,55.0,59.0,-4.0,1.0727,1.0,-0.1614,1.0094,100.0,-82.87,7,8,0.0,0.03,9.62,9.8,0.1614,2.1743,0,0,0,1,0,0,Ministry of Coal,Coal,Eastern Coal Fields Limited [ECL],West Bengal
400181,NAKRAKONDA KUMARDIH- B OCP,2026-07,502.68,0.0,88.9,17.6852,0.0,0.0,28.58,0.0,0.0,127.0,95.0,32.0,0.748,0.0,10.8948,0.6188,74.8031,-46.2231,7,8,0.0,1.06,0.0,4.96,0.3686,2.4357,0,0,0,0,0,0,Ministry of Coal,Coal,ECL - CIL,West Bengal
400182,SIDULI [OC & UG],2026-04,535.18,0.0,5.74,1.0725,0.03,0.5254,14.61,0.0,0.0,106.0,95.0,11.0,0.8962,0.0,13.5375,0.0734,89.6226,-75.0126,4,5,0.0,0.61,0.03,0.15,0.1525,0.105,0,0,0,0,0,0,Ministry of Coal,Coal,ECL - CIL,West Bengal
400183,BALARAM EXPANSION OCP,2026-07,3504.21,0.0,963.81,27.5043,2.61,0.2715,62.06,3.83,6.5774,103.0,71.0,32.0,0.6893,0.0,34.5557,0.4432,68.932,-6.872,7,8,3.83,4.06,2.61,5.81,1.2943,5.2343,0,0,0,0,0,0,Ministry of Coal,Coal,Mahanadi Coalfields Limited [MCL],Odisha
400185,GOPALJI KANIHA OCP [10 TO 30 M,2026-07,8416.19,0.0,1777.54,21.1205,0.71,0.04,35.8,0.11,0.3082,95.0,51.0,44.0,0.5368,0.0,14.6795,0.59,53.6842,-17.8842,7,8,0.11,0.77,0.71,2.82,2.6857,4.5457,0,0,0,0,0,0,Ministry of Coal,Coal,MCL - CIL,Odisha
400186,TILABONI UG,2026-07,749.08,0.0,53.97,7.2048,0.0,0.0,12.14,0.0,0.0,74.0,42.0,32.0,0.5676,0.0,4.9352,0.5935,56.7568,-44.6168,7,8,0.0,0.23,0.0,0.0,0.3057,0.1543,0,0,0,0,0,0,Ministry of Coal,Coal,ECL - CIL,West Bengal
400187,INTEGRATED LAKHANPUR-BELPAHAR-,2026-07,2434.75,0.0,2133.7,87.6353,102.8,5.0618,82.9,0.4,0.4848,106.0,98.0,8.0,0.9245,0.0,-4.7353,1.0571,92.4528,-9.5528,7,8,0.4,0.74,102.8,129.21,1.7,39.1057,0,0,0,0,0,0,Ministry of Coal,Coal,MCL - CIL,Odisha
400188,Redevelopment of Seven General Pool Residential Accommodation [GPRA] Colonies in Delhi,2026-07,32850.0,22.0,14370.45,43.7457,0.0,0.0,46.7,0.0,0.0,91.0,98.0,-7.0,1.0769,1.0,2.9543,0.9367,100.0,-53.3,7,8,0.0,0.0,0.0,0.0,6.6714,2052.9214,0,0,0,1,0,0,Ministry of Housing & Urban Affairs,Real Estate,National Buildings Construction Corporation [NBCC],Delhi
400192,Tubed Coal Mine,2026-07,1581.0,3.0,624.86,39.5231,7.95,1.2887,37.0,0.5,1.3699,115.0,117.0,-2.0,1.0174,1.0,-2.5231,1.0682,100.0,-63.0,7,8,0.5,1.0,7.95,23.26,0.1429,3.6686,0,0,0,1,0,0,Ministry of Power,Coal,Damodar Valley Corporation,Jharkhand
400203,Dharamjaigarh-Korba,2026-07,1686.22,-14.0,792.73,47.0123,0.0,0.0,43.7,0.0,0.0,117.0,112.0,5.0,0.9573,0.0,-3.3123,1.0758,95.7265,-52.0265,7,8,0.0,0.2,0.0,166.96,0.2429,44.0671,0,0,0,0,0,0,Ministry of Coal,Railways,Railway,Chhattisgarh
400204,"Bahraich - Khalilabad via Bhinga, Shravasti, Balrampur, Utraula, Domriyaganj, Mehdawal, Bansi 240.26 km",2026-07,4939.78,63.0,1671.24,33.8323,585.01,53.8569,15.0,1.9,14.5038,81.0,30.0,51.0,0.3704,0.0,-18.8323,2.2555,37.037,-22.037,7,8,1.9,2.0,585.01,605.42,1.0,58.18,0,0,0,0,0,0,Ministry of Railways,Railways,CAOC/NER NER mor,Uttar Pradesh
400205,Sahjanwa - Dohrighat 81.17 km,2026-07,1319.75,68.0,728.08,55.168,183.19,33.6196,1.0,-3.2,-76.1905,47.0,15.0,32.0,0.3191,0.0,-54.168,55.168,31.9149,-30.9149,7,8,-3.2,-3.1,183.19,205.96,-0.2857,31.0,0,0,0,0,0,0,Ministry of Railways,Railways,CAOC/NER NER mor,Uttar Pradesh
400220,Kharsia-Dharamjaygarh with Spur line [East Corridor-Phase 1],2026-07,3055.0,-26.0,2790.19,91.3319,0.0,0.0,95.15,0.0,0.0,56.0,150.0,-94.0,2.6786,1.0,3.8181,0.9599,100.0,-4.85,7,8,0.0,0.0,0.0,60.0,0.1643,25.7771,0,0,0,1,0,0,Ministry of Railways,Railways,Indian Railway Construction International Limited [IRCON],Chhattisgarh
400223,Tiruchchirappalli-Nagore-Karaikal with extension of Nagapattinam-Velankani- Tiruthiraipundi incl. new material modification of Karaikal - Peralam 23 km new line,2026-07,713.0,219.0,1267.74,177.8036,622.5,96.4757,80.0,-1.0,-1.2346,133.0,149.0,-16.0,1.1203,1.0,-97.8036,2.2225,100.0,-20.0,7,8,-1.0,0.0,622.5,630.91,0.0,90.6429,0,0,0,1,0,0,Ministry of Railways,Railways,CAOC/SR SR mor,"Multi-States
(Puducherry, Tamil
Nadu)"
400231,NLC Talabira Thermal Power Project,2026-07,27212.96,84.0,3574.21,13.1342,56.04,1.5929,4.1,0.56,15.8192,74.0,30.0,44.0,0.4054,0.0,-9.0342,3.2035,40.5405,-36.4405,7,8,0.56,2.0,56.04,118.33,0.4429,138.0457,0,0,0,0,0,0,Ministry of Coal,Electricity Generation,NLC India Limited,Odisha
400232,Brundamal - Jharsuguda - Fly-over connection for joining down line 6.6 km,2026-07,297.0,121.0,46.39,15.6195,-191.44,-80.4945,55.0,-12.0,-17.9104,34.0,29.0,5.0,0.8529,0.0,39.3805,0.284,85.2941,-30.2941,7,8,-12.0,0.0,-191.44,-188.71,1.2857,-24.2114,0,0,0,0,0,0,Ministry of Railways,Railways,CAO/C/ECOR ECoR mor,Odisha
400234,Third Railway Line between Patratu-Sonnagar [291 kms],2025-12,8975.0,21.0,4798.96,53.4703,,,90.0,,,91.0,88.0,3.0,0.967,0.0,36.5297,0.5941,96.7033,-6.7033,0,1,,,,,,,0,1,0,0,0,0,Ministry of Railways,Railways,RVNL - II,"Multi-States
(Bihar, Jharkhand)"
400235,"Setting up a common user Petroleum Terminal at Jammu, J&K for resitement of existing PSU OMC's Depots from Jammu City",2025-12,676.89,0.0,576.69,85.197,,,91.0,,,23.0,32.0,-9.0,1.3913,1.0,5.803,0.9362,100.0,-9.0,0,1,,,,,,,0,1,0,1,0,0,Ministry of Petroleum & Natural Gas,Energy Storage,Bharat Petroleum Corporation Limited [BPCL],"Jammu and
Kashmir"
400247,"Kalinarayanpur-Krishnanagar with Krishnanagar-Shantipur-Nabadwipghat - GC, Krishnanagar-Chartala, MM for Krishnanagar-Chapra-NL, Naihati-Ranaghat-3rd line, Nabadwipghat-Nabadwipdham upto BB loop 9.58 km, Ranaghat-Lalgola- strengthening bridge No.2",2026-07,1000.0,-115.0,925.7,92.57,-141.15,-13.2305,49.0,-27.0,-35.5263,254.0,247.0,7.0,0.9724,0.0,-43.57,1.8892,97.2441,-48.2441,7,8,-27.0,-27.0,-141.15,-141.15,-2.8571,-18.4629,0,0,0,0,0,0,Ministry of Railways,Railways,CAOC/ER ER mor,West Bengal
400253,Vizianagaram - Titlagarh 3rd line [272 Km including By - pass line of 7.68 KM],2026-06,4803.0,5.0,6260.17,130.3387,26.92,0.4319,99.0,1.0,1.0204,109.0,115.0,-6.0,1.055,1.0,-31.3387,1.3166,100.0,-1.0,6,7,1.0,2.0,26.92,48.74,0.8333,40.5767,0,0,0,1,0,0,Ministry of Railways,Railways,RVNL - II,"Multi-States
(Andhra Pradesh,
Odisha)"
400254,Sakri-Hasanpur 79 km,2026-07,735.2,-56.0,615.69,83.7446,26.32,4.4658,80.0,-4.2,-4.9881,68.0,87.0,-19.0,1.2794,1.0,-3.7446,1.0468,100.0,-20.0,7,8,-4.2,-4.2,26.32,26.32,-0.5714,3.8586,0,0,0,1,0,0,Ministry of Railways,Railways,CAO/Con/North/MHX ECR mor,Bihar
400259,Ghatampur Thermal Power Plant 3 X 660 MW,2026-04,17237.8,1.0,21237.52,123.2032,108.38,0.5129,95.68,0.67,0.7052,51.0,116.0,-65.0,2.2745,1.0,-27.5232,1.2877,100.0,-4.32,4,5,0.67,1.68,108.38,246.28,0.42,123.415,0,0,0,1,0,0,Ministry of Coal,Electricity Generation,NLC India Limited [NLCIL],Uttar Pradesh
400261,Patratu Thermal Power Station Expansion Project Phase-I [3x800 MW],2026-07,18668.0,0.0,19735.72,105.7195,528.13,2.7496,92.0,1.5,1.6575,64.0,104.0,-40.0,1.625,1.0,-13.7195,1.1491,100.0,-8.0,7,8,1.5,1.8,528.13,671.13,0.8571,224.2457,0,0,0,1,0,0,Ministry of Power,Electricity Generation,National Thermal Power Corporation [NTPC],Jharkhand
400271,Wardha-Nanded Via Yavatmal New BG Line,2026-06,3445.0,-116.0,3002.93,87.1678,0.0,0.0,50.0,0.0,0.0,203.0,218.0,-15.0,1.0739,1.0,-37.1678,1.7434,100.0,-50.0,6,7,0.0,0.0,0.0,0.0,0.0,0.0,0,0,0,1,0,0,Ministry of Railways,Railways,Central Railway [CR] - II,Maharashtra
400273,"Tarakeswar-Bishnupur with extension upto Dhaniakhali, Arambagh-Irphala, Irphala- Ghatal 11.2 km, Arambagh-Champadanga 23.3 km & Bishnupur-Uparsol 31.8 km and new material modification for Mynapur-Kamarpukur via Birsha 19 km",2026-07,1189.0,48.0,1607.64,135.2094,217.05,15.6085,75.0,-21.9,-22.6006,168.0,256.0,-88.0,1.5238,1.0,-60.2094,1.8028,100.0,-25.0,7,8,-21.9,-21.9,217.05,217.05,-2.4286,38.4686,0,0,0,1,0,0,Ministry of Railways,Railways,CAOC/ER ER mor,West Bengal
400275,Tindivanam-Nagari 179.2 km,2026-07,3631.0,10.0,1175.82,32.3828,-159.47,-11.9427,16.0,-0.85,-5.0445,88.0,206.0,-118.0,2.3409,1.0,-16.3828,2.0239,100.0,-84.0,7,8,-0.85,-0.75,-159.47,-122.35,-0.4286,-0.1043,0,0,0,1,0,0,Ministry of Railways,Railways,CAOC/SR SR mor,"Multi-States
(Andhra Pradesh,
Tamil Nadu)"
400277,Dum Dum Airport-New Garia via Rajarhat-Construction of Metro Railway,2026-06,8964.0,19.0,8984.66,100.2305,251.64,2.8815,87.0,0.0,0.0,170.0,176.0,-6.0,1.0353,1.0,-13.2305,1.1521,100.0,-13.0,6,7,0.0,0.4,251.64,363.16,0.3333,92.6283,0,0,0,1,0,0,Ministry of Railways,Railways,RVNL - II,West Bengal
400280,Phase II extension of MRTS from Velachery to St Thomas Mount,2026-07,734.0,12.0,486.53,66.2847,0.0,0.0,99.9,0.0,0.0,200.0,212.0,-12.0,1.06,1.0,33.6153,0.6635,100.0,-0.1,7,8,0.0,0.0,0.0,0.0,0.1286,1.0486,0,0,0,1,0,0,Ministry of Railways,Railways,Ministry of Railways,Tamil Nadu
400291,Kirandul-Jagdalpur 150 km,2026-07,1589.0,2.0,1369.01,86.1554,-322.26,-19.0543,89.0,-7.17,-7.4555,83.0,159.0,-76.0,1.9157,1.0,2.8446,0.968,100.0,-11.0,7,8,-7.17,-8.6,-322.26,-287.53,-0.8571,-31.8829,0,0,0,1,0,0,Ministry of Railways,Railways,CAO/C/ECOR ECoR mor,Chhattisgarh
400298,Nadikude-Srikalahasti 308.7 km,2026-07,2312.0,41.0,2535.68,109.6747,-583.63,-18.7102,2.0,-53.02,-96.365,141.0,131.0,10.0,0.9291,0.0,-107.6747,54.8374,92.9078,-90.9078,7,8,-53.02,-53.02,-583.63,-583.63,-7.4286,16.3329,0,0,0,0,0,0,Ministry of Railways,Railways,CAO/C/SCoR SCoR mor,Andhra Pradesh
400299,Pottangi Bauxite Mines Project,2026-07,1381.0,0.0,770.37,55.7835,0.14,0.0182,52.4,0.2,0.3831,82.0,98.0,-16.0,1.1951,1.0,-3.3835,1.0646,100.0,-47.6,7,8,0.2,0.2,0.14,0.14,0.2,17.19,0,0,0,1,0,0,Ministry of Mines,Metals & Mining,National Aluminium Company Limited [NALCO],Odisha
400301,Multi Product Pipeline from Irugur to Devangonthi,2026-07,678.0,0.0,1206.36,177.9292,51.04,4.4178,86.4,2.1,2.4911,51.0,164.0,-113.0,3.2157,1.0,-91.5292,2.0594,100.0,-13.6,7,8,2.1,2.9,51.04,66.11,1.7714,44.6971,0,0,0,1,0,0,Ministry of Petroleum & Natural Gas,Energy Storage,MinistryofPetroleumNaturalGas,Tamil Nadu
400312,JHANJRA EXPANSION UG,2026-07,1210.12,0.0,633.57,52.356,0.0,0.0,52.04,0.0,0.0,107.0,75.0,32.0,0.7009,0.0,-0.316,1.0061,70.0935,-18.0535,7,8,0.0,0.0,0.0,4.89,1.1486,11.91,0,0,0,0,0,0,Ministry of Coal,Coal,Eastern Coal Fields Limited [ECL],West Bengal
400313,Master Plan for Jharia and Raniganj Coalfields,2026-03,2661.73,0.0,799.12,30.0226,0.0,0.0,43.6,0.6,1.3953,120.0,199.0,-79.0,1.6583,1.0,13.5774,0.6886,100.0,-56.4,3,4,0.6,0.6,0.0,4.79,0.2,2.0633,0,0,0,1,0,0,Ministry of Coal,Coal,Bharat Coking Coal Limited [BCCL],"Multi-States
(Jharkhand, West
Bengal)"
400315,SONEPUR BAZARI EXPANSION OCP [,2026-07,5365.88,0.0,697.64,13.0014,69.42,11.0503,18.5,0.0,0.0,92.0,60.0,32.0,0.6522,0.0,5.4986,0.7028,65.2174,-46.7174,7,8,0.0,0.03,69.42,69.75,0.2143,14.4143,0,0,0,0,0,0,Ministry of Coal,Coal,Eastern Coal Fields Limited [ECL],West Bengal
400321,NIGAHI EXPANSION [15 TO 25 MTP,2026-07,1729.68,0.0,985.35,56.9672,16.98,1.7535,53.73,0.0,0.0,52.0,68.0,-16.0,1.3077,1.0,-3.2372,1.0602,100.0,-46.27,7,8,0.0,0.0,16.98,42.33,0.8186,17.9357,0,0,0,1,0,0,Ministry of Coal,Coal,NCL - CIL,Madhya Pradesh
400352,JHARKHAND-LAIYO OCP,2026-07,654.87,0.0,1.97,0.3008,1.54,358.1395,32.45,0.0,0.0,127.0,71.0,56.0,0.5591,0.0,32.1492,0.0093,55.9055,-23.4555,7,8,0.0,3.06,1.54,-143.84,0.4929,-20.5486,0,0,0,0,0,0,Ministry of Coal,Coal,Ministry of Coal,Jharkhand
400353,DHUPTALA OC [SASTI UG TO OC ],2026-07,711.01,32.0,174.66,24.5651,0.0,0.0,19.02,0.0,0.0,77.0,57.0,20.0,0.7403,0.0,-5.5451,1.2915,74.026,-55.006,7,8,0.0,0.0,0.0,0.11,0.0029,0.6957,0,0,0,0,0,0,Ministry of Coal,Coal,WCL - CIL,Maharashtra
400354,DIPKA EXPANSION OCP [40 MTY],2026-07,5241.4,0.0,2941.23,56.1154,1.9,0.0646,39.34,0.0,0.0,99.0,67.0,32.0,0.6768,0.0,-16.7754,1.4264,67.6768,-28.3368,7,8,0.0,0.0,1.9,23.02,0.3343,11.2571,0,0,0,0,0,0,Ministry of Coal,Coal,SECL - CIL,Chhattisgarh
400369,BINA KAKRI AMALGAMATION EXPANS,2026-07,836.42,0.0,917.1,109.6459,2.2,0.2405,92.05,0.0,0.0,43.0,71.0,-28.0,1.6512,1.0,-17.5959,1.1912,100.0,-7.95,7,8,0.0,0.0,2.2,81.59,0.4357,12.58,0,0,0,1,0,0,Ministry of Coal,Coal,NCL - CIL,"Multi-States
(Madhya Pradesh,
Uttar Pradesh)"
400382,Rewas Port Project,2026-06,6000.0,1.0,5999.89,99.9982,0.0,0.0,88.0,0.0,0.0,38.0,77.0,-39.0,2.0263,1.0,-11.9982,1.1363,100.0,-12.0,6,7,0.0,0.0,0.0,0.0,0.0,0.0,0,0,0,1,0,0,"Ministry of Ports, Shipping and Waterways",Shipping,Reliance Industries Ltd,Maharashtra
400392,BHARATPUR RE-ORGANIZATION OCP,2026-07,2838.86,0.0,1716.58,60.4672,3.2,0.1868,53.54,0.5,0.9427,124.0,92.0,32.0,0.7419,0.0,-6.9272,1.1294,74.1935,-20.6535,7,8,0.5,1.24,3.2,3.57,0.7914,5.7243,0,0,0,0,0,0,Ministry of Coal,Coal,MCL - CIL,Odisha
400416,Shivpur-Kathautia New Rail [BG] Line [49 km] [Package II of Tori-Shivpur-Kathautia line],2026-07,1799.64,51.0,1784.77,99.1737,71.58,4.1782,72.0,1.0,1.4085,37.0,50.0,-13.0,1.3514,1.0,-27.1737,1.3774,100.0,-28.0,7,8,1.0,1.0,71.58,71.58,1.1429,42.1471,0,0,0,1,0,0,Ministry of Coal,Railways,Ministry of Coal,Jharkhand
400424,GEVRA OC [70 MTY],2026-07,11816.4,0.0,7825.46,66.2254,865.23,12.4311,78.48,0.0,0.0,84.0,124.0,-40.0,1.4762,1.0,12.2546,0.8439,100.0,-21.52,7,8,0.0,0.0,865.23,903.1,0.0686,144.6357,0,0,0,1,0,0,Ministry of Coal,Coal,SECL - CIL,Chhattisgarh
400425,MOONIDIH XV SEAM UG,2026-07,1230.27,0.0,800.25,65.0467,3.94,0.4948,84.02,0.0,0.0,91.0,179.0,-88.0,1.967,1.0,18.9733,0.7742,100.0,-15.98,7,8,0.0,1.4,3.94,57.45,0.2886,23.4957,0,0,0,1,0,0,Ministry of Coal,Coal,BCCL - CIL,Jharkhand
400426,Expansion of Malanjkhand Copper Project,2026-07,1856.36,43.0,1018.09,54.8433,8.19,0.811,28.0,2.0,7.6923,60.0,135.0,-75.0,2.25,1.0,-26.8433,1.9587,100.0,-72.0,7,8,2.0,4.5,8.19,38.94,-7.7143,9.5929,0,0,0,1,0,0,Ministry of Mines,Metals & Mining,Hindustan Copper Limited [HCL],Madhya Pradesh
425828,Stamp Charge Battery No.12 Coke Dry Cooling Plant at IISCO Steel Plant,2026-07,706.51,1.0,132.26,18.7202,,,11.87,,,41.0,17.0,24.0,0.4146,0.0,-6.8502,1.5771,41.4634,-29.5934,0,1,,,,,,,0,1,0,0,0,0,Ministry of Steel,Steel,Steel Authority of India Limited (SAIL,West Bengal
437130,"Amended BharatNet Program - J&K, LAD",2026-07,1621.0,22.0,170.05,10.4904,,,8.28,,,36.0,13.0,23.0,0.3611,0.0,-2.2104,1.267,36.1111,-27.8311,0,1,,,,,,,0,1,0,0,0,0,Department of Telecommunications,Telecommunication,Department of Telecommunications,PAN India
462136,"Amended BharatNet Program - MGH, MZM, TRP",2026-07,768.0,20.0,0.0,0.0,,,0.0,,,48.0,15.0,33.0,0.3125,0.0,0.0,,31.25,-31.25,0,1,,,,,,,0,1,0,0,0,0,Department of Telecommunications,Telecommunication,Department of Telecommunications,PAN India
476006,Amended BharatNet Program - HP,2026-07,1292.0,18.0,148.93,11.5271,,,23.18,,,36.0,17.0,19.0,0.4722,0.0,11.6529,0.4973,47.2222,-24.0422,0,1,,,,,,,0,1,0,0,0,0,Department of Telecommunications,Telecommunication,Department of Telecommunications,PAN India
478482,Stamp Charge Battery No.7 Coke Dry Cooling Plant at RSP,2026-07,1064.55,0.0,73.91,6.9428,,,0.0,,,30.0,5.0,25.0,0.1667,0.0,-6.9428,,16.6667,-16.6667,0,1,,,,,,,0,1,0,0,0,0,Ministry of Steel,Steel,Steel Authority of India Limited (SAIL,Odisha
505491,Installation of 140 TPH Walking Beam type Reheating Furnace in Plate Mill at BSP,2026-07,268.36,1.0,0.0,0.0,,,0.0,,,24.0,4.0,20.0,0.1667,0.0,0.0,,16.6667,-16.6667,0,1,,,,,,,0,1,0,0,0,0,Ministry of Steel,Steel,Steel Authority of India Limited (SAIL,Chhattisgarh
547243,BharatNet Phase-II,2026-07,22174.56,4.0,20691.72,93.3129,,,93.33,,,66.0,104.0,-38.0,1.5758,1.0,0.0171,0.9998,100.0,-6.67,0,1,,,,,,,0,1,0,1,0,0,Department of Telecommunications,Telecommunication,Department of Telecommunications,PAN India
589703,Implementation of Treatment System-2 Under ZLD at RSP,2026-07,216.02,1.0,134.29,62.1655,,,89.83,,,18.0,16.0,2.0,0.8889,0.0,27.6645,0.692,88.8889,0.9411,0,1,,,,,,,0,1,0,0,0,0,Ministry of Steel,Steel,Steel Authority of India Limited (SAIL,Odisha
601812,Development of Zaheerabad Node under Hyderabad Nagpur Industrial Corridor,2026-07,2360.0,18.0,42.89,1.8174,0.0,0.0,4.87,1.29,36.0335,36.0,5.0,31.0,0.1389,0.0,3.0526,0.3732,13.8889,-9.0189,3,4,1.29,2.71,0.0,42.89,1.5233,14.2967,0,0,0,0,0,0,"Ministry of Ports, Shipping and Waterways",Real Estate,National Industrial Corridor Development Corporation,Telangana
602096,Subansiri Lower HE Project [2000 MW],2026-07,6285.33,16.0,26448.07,420.7905,68.08,0.2581,97.98,0.14,0.1431,68.0,258.0,-190.0,3.7941,1.0,-322.8105,4.2947,100.0,-2.02,7,8,0.14,0.26,68.08,170.42,0.14,104.2143,0,0,0,1,0,1,Ministry of Power,Electricity Generation,National Hydroelectric Power Corporation Limited [NHPC],"Multi-States
(Arunachal
Pradesh, Assam)"
602098,"Construction of Permanent Campus for IIM Jammu Phase-1 at Jagti, Nagrota, Jammu, J&K",2026-07,424.93,19.0,484.52,114.0235,0.0,0.0,96.0,0.0,0.0,32.0,69.0,-37.0,2.1562,1.0,-18.0235,1.1877,100.0,-4.0,7,8,0.0,0.0,0.0,0.0,0.0,0.0,0,0,0,1,0,0,Department of Higher Education,Education,"Indian Institute of Management, Jammu","Jammu and
Kashmir"
602099,Establishment of Permanent campus Phase 1 of IIM Sirmaur,2026-07,392.51,23.0,339.65,86.5328,0.82,0.242,98.6,0.3,0.3052,38.0,71.0,-33.0,1.8684,1.0,12.0672,0.8776,100.0,-1.4,7,8,0.3,0.8,0.82,1.98,0.5143,1.5457,0,0,0,1,0,0,Department of Higher Education,Education,"Indian Institute of Management, Sirmaur",Himachal Pradesh
602181,"TEESTA-VI HE PROJECT, SIKKIM [500 MW], executed by LANCO TEESTA HYDRO POWER LIMITED [A wholly owned Subsidiary of NHPC LTD. acquired through NCLT]",2026-07,5748.04,12.0,4572.68,79.552,52.81,1.1684,73.78,0.3,0.4083,48.0,76.0,-28.0,1.5833,1.0,-5.772,1.0782,100.0,-26.22,7,8,0.3,0.67,52.81,124.86,0.3971,85.6843,0,0,0,1,0,0,Ministry of Power,Electricity Generation,National Hydroelectric Power Corporation Limited [NHPC],Sikkim
602182,Dibang Multipurpose Project,2026-07,31876.39,0.0,4921.36,15.4389,171.7,3.615,17.93,0.15,0.8436,108.0,41.0,67.0,0.3796,0.0,2.4911,0.8611,37.963,-20.033,7,8,0.15,0.26,171.7,207.72,0.2757,151.34,0,0,0,0,0,0,Ministry of Power,Electricity Generation,National Hydroelectric Power Corporation Limited [NHPC],Arunachal Pradesh
602184,Rammam-III HEPP [3x40 MW],2026-07,1381.84,0.0,1690.73,122.3535,73.2,4.5254,57.86,0.76,1.331,60.0,142.0,-82.0,2.3667,1.0,-64.4935,2.1146,100.0,-42.14,7,8,0.76,1.7,73.2,103.4,0.8371,36.97,0,0,0,1,0,0,Ministry of Power,Electricity Generation,National Thermal Power Corporation [NTPC],West Bengal
602185,Tapovan-Vishnugad HEP [4x130 MW],2026-07,2978.0,0.0,7827.81,262.8546,61.57,0.7928,76.07,0.26,0.343,76.0,236.0,-160.0,3.1053,1.0,-186.7846,3.4554,100.0,-23.93,7,8,0.26,-0.93,61.57,36.48,-0.1329,151.1757,0,0,0,1,0,0,Ministry of Power,Electricity Generation,National Thermal Power Corporation [NTPC],Uttarakhand
602193,Tehri Pumped Storage Plant Project [4x250 MW],2026-02,4825.6,59.0,8213.03,170.1971,23.96,0.2926,99.0,0.0,0.0,132.0,176.0,-44.0,1.3333,1.0,-71.1971,1.7192,100.0,-1.0,2,3,0.0,1.0,23.96,43.52,0.5,21.76,0,0,0,1,0,0,Ministry of Power,Electricity Generation,THDC India Limited,Uttarakhand
602195,Vishnugad Pipalkoti Hydro Electric Project [444 MW],2026-07,3860.35,65.0,5832.69,151.0923,132.58,2.3259,81.5,0.5,0.6173,107.0,150.0,-43.0,1.4019,1.0,-69.5923,1.8539,100.0,-18.5,7,8,0.5,1.0,132.58,224.11,1.0714,118.3186,0,0,0,1,0,0,Ministry of Power,Electricity Generation,THDC India Limited,Uttarakhand
602223,Comprehensive Scheme for Strengthening of Transmission and Distribution [T&D] Systems [CSST&DS] in Arunachal Pradesh and Sikkim,2026-07,4754.42,0.0,8141.52,171.2411,12.78,0.1572,83.9,0.1,0.1193,50.0,141.0,-91.0,2.82,1.0,-87.3411,2.041,100.0,-16.1,7,8,0.1,0.4,12.78,52.95,0.2714,47.4714,0,0,0,1,0,0,Ministry of Power,Transmission & Distribution,Power Grid Corporation of India Limited [POWERGRID],"Multi-States
(Arunachal
Pradesh, Sikkim)"
602525,"Pakal Dul [Drangdhuran] Hydroelectric Project, 1000 MW",2026-07,8112.12,40.0,9313.54,114.8102,0.0,0.0,82.05,0.0,0.0,26.0,101.0,-75.0,3.8846,1.0,-32.7602,1.3993,100.0,-17.95,7,8,0.0,0.0,0.0,0.0,0.7214,179.4071,0,0,0,1,0,0,Ministry of Power,Electricity Generation,National Hydroelectric Power Corporation Limited [NHPC],"Jammu and
Kashmir"
602532,Kiru HE Project,2026-07,4287.59,11.0,3948.67,92.0953,0.0,0.0,87.0,0.0,0.0,43.0,77.0,-34.0,1.7907,1.0,-5.0953,1.0586,100.0,-13.0,7,8,0.0,1.5,0.0,79.95,1.7143,90.7257,0,0,0,1,0,0,Ministry of Power,Electricity Generation,National Hydroelectric Power Corporation Limited [NHPC],"Jammu and
Kashmir"
602535,"Ratle HE Project - 850 MW, Ratle Hydroelectric Power Corporation Limited.",2026-07,5281.94,11.0,1645.11,31.1459,5.28,0.322,31.53,0.24,0.767,49.0,54.0,-5.0,1.102,1.0,0.3841,0.9878,100.0,-68.47,7,8,0.24,1.13,5.28,23.01,0.79,37.2914,0,0,0,1,0,0,Ministry of Power,Electricity Generation,National Hydroelectric Power Corporation Limited [NHPC],"Jammu and
Kashmir"
602538,Installation of FGD for 4x210 & 2x250 MW MTPS U 1-6,2026-07,1037.0,20.0,1143.06,110.2276,4.64,0.4076,97.0,0.0,0.0,35.0,65.0,-30.0,1.8571,1.0,-13.2276,1.1364,100.0,-3.0,7,8,0.0,0.0,4.64,9.28,0.5714,3.9157,0,0,0,1,0,0,Ministry of Power,Electricity Generation,Damodar Valley Corporation,West Bengal
602579,Buxar Thermal Power Project [1320 MW],2026-07,10439.09,3.0,13731.77,131.5418,125.05,0.919,95.01,0.07,0.0737,55.0,85.0,-30.0,1.5455,1.0,-36.5318,1.3845,100.0,-4.99,7,8,0.07,0.22,125.05,251.92,0.2871,117.2343,0,0,0,1,0,0,Ministry of Power,Electricity Generation,Satluj Jal Vidyut Nigam [SJVN] Thermal Limited,Bihar
602582,Dhaulasidh Hydro Electric Project [66 MW],2026-07,687.97,7.0,1275.68,185.4267,116.01,10.0037,80.69,1.1,1.3821,54.0,62.0,-8.0,1.1481,1.0,-104.7367,2.298,100.0,-19.31,7,8,1.1,2.74,116.01,153.01,1.2414,35.4929,0,0,0,1,0,0,Ministry of Power,Electricity Generation,Satluj Jal Vidyut Nigam [SJVN] Thermal Limited,Himachal Pradesh
602593,Luhri Stage-I Hydro Electric Project [210 MW],2026-07,1810.56,0.0,1980.59,109.391,22.34,1.1408,52.13,0.0,0.0,62.0,68.0,-6.0,1.0968,1.0,-57.261,2.0984,100.0,-47.87,7,8,0.0,0.5,22.34,38.96,0.1614,19.84,0,0,0,1,0,0,Ministry of Power,Electricity Generation,Satluj Jal Vidyut Nigam [SJVN] Thermal Limited,Himachal Pradesh
602633,382 MW Sunni Dam HEP,2026-02,2615.0,,495.57,18.9511,0.0,0.0,0.5,0.0,0.0,107.0,94.0,13.0,0.8785,0.0,-18.4511,37.9021,87.8505,-87.3505,2,3,0.0,0.0,0.0,0.0,0.0,0.0,0,0,0,0,0,0,Ministry of Power,Electricity Generation,Satluj Jal Vidyut Nigam [SJVN] Thermal Limited,Himachal Pradesh
602792,Gauge Conversion of Kendri-Dhamtari including Abhanpur - Rajim Branch line 67.20 Kms - 2nd Material Modification to Raipur Titlagarh doubling.,2026-07,1171.0,118.0,448.77,38.3237,0.0,0.0,100.0,0.0,0.0,45.0,62.0,-17.0,1.3778,1.0,61.6763,0.3832,100.0,0.0,7,8,0.0,0.0,0.0,28.1,0.0,9.8757,0,0,0,1,0,0,Ministry of Railways,Railways,SECR,Chhattisgarh
602797,"Sainthia, Sitarampur, Mughalsarai, Allahabad & Etawah - Bypass 35 km",2026-07,461.64,82.0,185.23,40.1243,-111.38,-37.551,15.0,-18.0,-54.5455,33.0,25.0,8.0,0.7576,0.0,-25.1243,2.675,75.7576,-60.7576,7,8,-18.0,-18.0,-111.38,-111.38,0.8571,-1.7286,0,0,0,0,0,0,Ministry of Railways,Railways,CAOC/ER ER mor,"Multi-States (Uttar
Pradesh, West
Bengal)"
602961,Talcher Thermal Power Station Stage III [2 x 660 MW] Expansion,2026-07,11843.75,1.0,7031.31,59.3673,251.86,3.7151,55.0,1.5,2.8037,56.0,46.0,10.0,0.8214,0.0,-4.3673,1.0794,82.1429,-27.1429,7,8,1.5,3.6,251.86,386.66,1.5714,240.6071,0,0,0,0,0,0,Ministry of Power,Electricity Generation,National Thermal Power Corporation [NTPC],Odisha
603210,Development of Jodhpur Pali Marwar Industrial Area JPMIA in Rajasthan,2026-07,921.66,17.0,0.0,0.0,0.0,,6.32,1.65,35.3319,30.0,6.0,24.0,0.2,0.0,6.32,0.0,20.0,-13.68,2,3,1.65,5.11,0.0,0.0,2.555,0.0,0,0,0,0,0,0,"Ministry of Ports, Shipping and Waterways",Real Estate,National Industrial Corridor Development Corporation,Rajasthan
603293,Badam Coal Mining project of NTPC,2026-07,502.0,7.0,438.57,87.3645,2.07,0.4742,67.86,0.0,0.0,447.0,82.0,365.0,0.1834,0.0,-19.5045,1.2874,18.3445,49.5155,7,8,0.0,0.0,2.07,6.76,1.2657,7.1829,0,0,0,0,0,0,Ministry of Power,Coal,National Thermal Power Corporation [NTPC],Jharkhand
603945,Integrated Anandpur Barrage Project,2026-07,567.03,9.0,2810.1,495.5822,33.87,1.22,62.85,0.0,0.0,263.0,342.0,-79.0,1.3004,1.0,-432.7322,7.8852,100.0,-37.15,7,8,0.0,0.0,33.87,33.87,0.1214,13.5686,0,0,0,1,0,1,"Department of Water Resources, River Development & GR",Water Resources,Water Resources-OR,Odisha
604791,Numaligarh Refinery Expansion Project,2026-07,12366.0,0.0,20411.19,165.059,284.09,1.4115,87.0,0.8,0.9281,48.0,72.0,-24.0,1.5,1.0,-78.059,1.8972,100.0,-13.0,7,8,0.8,1.5,284.09,590.9,1.0,323.3957,0,0,0,1,0,0,Ministry of Petroleum & Natural Gas,Oil & Gas,Numaligarh Refinery Limited,Assam
604795,CBR 9 MMTPA Project,2026-07,31580.0,0.0,1615.38,5.1152,25.31,1.5918,10.2,0.0,0.0,45.0,58.0,-13.0,1.2889,1.0,5.0848,0.5015,100.0,-89.8,7,8,0.0,0.0,25.31,35.65,0.0286,30.11,0,0,0,1,0,0,Ministry of Petroleum & Natural Gas,Oil & Gas,Chennai Petroleum Corporation Limited [CPCL],Tamil Nadu
604833,"Andheri Residential Towers, Mumbai",2026-07,281.35,0.0,281.24,99.9609,1.52,0.5434,86.0,3.0,3.6145,95.0,109.0,-14.0,1.1474,1.0,-13.9609,1.1623,100.0,-14.0,7,8,3.0,5.0,1.52,1.66,4.2857,4.5343,0,0,0,1,0,0,Ministry of Petroleum & Natural Gas,Energy Storage,Indian Oil Corporation Limited [IOCL],Maharashtra
604852,"Grass-root Terminal at Mirzapur, Uttar Pradesh",2026-07,980.45,0.0,308.35,31.4498,12.8,4.3309,77.2,0.7,0.915,50.0,46.0,4.0,0.92,0.0,45.7502,0.4074,92.0,-14.8,7,8,0.7,0.9,12.8,14.47,2.1714,8.2571,0,0,0,0,0,0,Ministry of Petroleum & Natural Gas,Energy Storage,Indian Oil Corporation Limited [IOCL],Uttar Pradesh
604853,"Indian Oil Technology Development and Deployment Centre at R&D Campus-II, Faridabad",2026-07,2281.94,0.0,1922.03,84.2279,0.47,0.0245,65.4,0.1,0.1531,42.0,85.0,-43.0,2.0238,1.0,-18.8279,1.2879,100.0,-34.6,7,8,0.1,0.2,0.47,1.36,0.2,5.2343,0,0,0,1,0,0,Ministry of Petroleum & Natural Gas,Oil & Gas,Indian Oil Corporation Limited [IOCL],Haryana
604859,Integrated Para Xylene [PX] and Purified Terephthalic Acid [PTA] Project at Paradip Refinery,2026-07,13805.0,0.0,8870.29,64.2542,-61949.9,-87.4749,94.9,0.3,0.3171,42.0,72.0,-30.0,1.7143,1.0,30.6458,0.6771,100.0,-5.1,7,8,0.3,0.6,-61949.9,-61767.02,0.4143,36.7257,0,0,0,1,0,0,Ministry of Petroleum & Natural Gas,Oil & Gas,Indian Oil Corporation Limited [IOCL],Odisha
604863,Development of Surface Facilities for production and evacuation of Crude Oil and Natural Gas from Nadua and East Khagorija,2026-07,682.9,0.0,601.12,88.0246,1.29,0.2151,94.4,0.0,0.0,25.0,102.0,-77.0,4.08,1.0,6.3754,0.9325,100.0,-5.6,7,8,0.0,0.1,1.29,1.48,0.0571,15.37,0,0,0,1,0,0,Ministry of Petroleum & Natural Gas,Oil & Gas,Oil India Limited,Assam
605155,Kwar HE Project,2026-07,4526.12,6.0,1701.47,37.5922,0.0,0.0,36.52,0.0,0.0,48.0,44.0,4.0,0.9167,0.0,-1.0722,1.0294,91.6667,-55.1467,7,8,0.0,1.2,0.0,84.6,1.5029,71.1314,0,0,0,0,0,0,Ministry of Power,Electricity Generation,National Hydroelectric Power Corporation Limited [NHPC],"Jammu and
Kashmir"
605156,Rangit-IV HE Project [120 MW] executed by Jal Power Corporation Ltd. [JPCL] - A wholly owned subsidiary of NHPC Ltd. acquired through NCLT,2026-07,938.29,5.0,1718.16,183.1161,26.96,1.5941,97.56,0.22,0.226,33.0,59.0,-26.0,1.7879,1.0,-85.5561,1.877,100.0,-2.44,7,8,0.22,0.64,26.96,45.79,0.5086,26.7314,0,0,0,1,0,0,Ministry of Power,Electricity Generation,National Hydroelectric Power Corporation Limited [NHPC],Sikkim
605292,"Construction of Permanent Campus of Indian Institute of Management [IIM] Amritsar, Punjab, Phase-I",2026-07,348.31,9.0,293.24,84.1894,0.0,0.0,91.7,0.0,0.0,35.0,72.0,-37.0,2.0571,1.0,7.5106,0.9181,100.0,-8.3,7,8,0.0,0.0,0.0,0.14,0.1,0.4071,0,0,0,1,0,0,Department of Higher Education,Education,"Indian intitue of Management, Amritsar",Punjab
606013,Additional Campus of NITPatna,2026-07,499.21,1.0,449.96,90.1344,0.0,0.0,98.6,0.0,0.0,23.0,47.0,-24.0,2.0435,1.0,8.4656,0.9141,100.0,-1.4,7,8,0.0,0.0,0.0,0.0,0.2286,0.57,0,0,0,1,0,0,Department of Higher Education,Education,NIT Patna,Bihar
606112,Tezpur University Projects,2026-07,153.71,25.0,266.14,173.1442,128.3,93.0789,97.98,0.01,0.0102,29.0,61.0,-32.0,2.1034,1.0,-75.1642,1.7671,100.0,-2.02,7,8,0.01,0.01,128.3,128.3,0.14,20.1586,0,0,0,1,0,0,Department of Higher Education,Education,Tezpur University,Assam
606431,CONSTRUCTION OF PERMANENT CAMPUS FOR IIT PALAKKAD UNDER PHASE 1A,2026-07,1006.45,32.0,686.2,68.1802,0.0,0.0,86.5,0.0,0.0,27.0,76.0,-49.0,2.8148,1.0,18.3198,0.7882,100.0,-13.5,7,8,0.0,0.0,0.0,0.0,1.0714,3.2571,0,0,0,1,0,0,Department of Higher Education,Education,INDIAN INSTITUTE OF TECHNOLOGY PALAKKAD,Kerala
606479,Banaras Hindu University [ Kayakalp of Institute of Medical Sciences],2026-07,246.0,0.0,212.35,86.3211,2.67,1.2734,99.1,0.1,0.101,27.0,73.0,-46.0,2.7037,1.0,12.7789,0.8711,100.0,-0.9,7,8,0.1,0.1,2.67,2.67,0.3,1.8057,0,0,0,1,0,0,Department of Higher Education,Education,Banaras Hindu University,Uttar Pradesh
607653,Ludhiana Mullanpur 21Km Doubling Railway project,2026-07,234.78,,61.39,26.1479,0.0,0.0,99.0,0.0,0.0,20.0,45.0,-25.0,2.25,1.0,72.8521,0.2641,100.0,-1.0,3,4,0.0,0.0,0.0,0.0,33.0,17.13,0,0,0,1,0,0,Ministry of Railways,Railways,CAO/C/NR,Punjab
607701,"Guwahati Refinery Expansion [1.0 to 1.2 MMTPA] along with installation of CRU, Guwahati Refinery",2026-04,412.3,0.0,457.64,110.9968,-4.77,-1.0316,94.9,0.2,0.2112,29.0,59.0,-30.0,2.0345,1.0,-16.0968,1.1696,100.0,-5.1,4,5,0.2,3.9,-4.77,-16.75,1.475,-0.23,0,0,0,1,0,0,Ministry of Petroleum & Natural Gas,Oil & Gas,Ministry of Petroleum & Natural Gas,Assam
607709,NORTH EASTERN REGION POWER SYSTEM IMPROVEMENT PROJECT [NERPSIP],2026-07,5111.33,15.0,5577.75,109.1252,0.0,0.0,99.2,0.1,0.1009,33.0,124.0,-91.0,3.7576,1.0,-9.9252,1.1001,100.0,-0.8,7,8,0.1,0.2,0.0,0.0,0.4571,19.3343,0,0,0,1,0,0,Ministry of Power,Transmission & Distribution,Power Grid Corporation of India Limited [POWERGRID],"Multi-States
(Assam, Manipur,
Meghalaya,
Mizoram,
Nagaland, Tripura)"
609019,"HEFA projects on development of student hostels, playgrounds, departmental buildings, class room complex and other campus facilities in IIT Kharagpur",2026-07,500.0,10.0,418.86,83.772,0.0,0.0,97.0,0.0,0.0,47.0,87.0,-40.0,1.8511,1.0,13.228,0.8636,100.0,-3.0,7,8,0.0,0.4,0.0,2.66,0.7143,2.4657,0,0,0,1,0,0,Department of Higher Education,Education,"Indian Institute of Technology, Kharagpur",West Bengal
609424,"Development of Container Terminal at Tuna-Tekra, Deendayal Port on BOT Basis Under PPP Mode",2026-07,4243.64,17.0,2737.7,64.513,256.7,10.3466,60.0,0.0,0.0,36.0,28.0,8.0,0.7778,0.0,-4.513,1.0752,77.7778,-17.7778,7,8,0.0,0.0,256.7,352.7,3.2857,253.5243,0,0,0,0,0,0,"Ministry of Ports, Shipping and Waterways",Shipping,Deendayal Port Trust,Gujarat
609736,"Construction of Sikkim University Campus Phase-I Package-II at Yangang, South Sikkim",2026-07,314.06,17.0,292.0,92.9759,0.0,0.0,96.5,0.5,0.5208,36.0,54.0,-18.0,1.5,1.0,3.5241,0.9635,100.0,-3.5,7,8,0.5,1.0,0.0,0.0,1.6429,7.6829,0,0,0,1,0,0,Department of Higher Education,Education,Sikkim University,Sikkim
609996,Construction of Precast housing and hostels at IIT Hyderabad,2026-07,262.0,2.0,223.65,85.3626,7.55,3.4938,90.39,1.28,1.4364,23.0,44.0,-21.0,1.913,1.0,5.0274,0.9444,100.0,-9.61,7,8,1.28,1.28,7.55,7.55,1.0557,4.1829,0,0,0,1,0,0,Department of Higher Education,Education,"Indian Institute of Technology, Hyderabad",Telangana
610315,IISER BERHAMPUR,2026-07,1229.32,11.0,874.09,71.1035,0.0,0.0,98.5,0.0,0.0,18.0,82.0,-64.0,4.5556,1.0,27.3965,0.7219,100.0,-1.5,7,8,0.0,0.0,0.0,0.0,0.0714,5.4986,0,0,0,1,0,0,Department of Higher Education,Education,"Indian Institutes of Science Education and Research, Behrampur",Odisha
610984,Development of Jharia CBM Block [Phase-1],2026-07,431.0,0.0,267.74,62.1206,0.15,0.0561,66.2,0.1,0.1513,50.0,80.0,-30.0,1.6,1.0,4.0794,0.9384,100.0,-33.8,7,8,0.1,0.3,0.15,5.77,0.7429,5.6143,0,0,0,1,0,0,Ministry of Petroleum & Natural Gas,Oil & Gas,Oil and Natural Gas Corporation Limited [ONGC],Jharkhand
611016,2.0 MTPA BHOJUDIH NLW WASHERY,2026-04,384.57,39.0,363.14,94.4275,2.48,0.6876,97.6,0.05,0.0513,18.0,85.0,-67.0,4.7222,1.0,3.1725,0.9675,100.0,-2.4,4,5,0.05,0.6,2.48,2.48,0.15,1.2575,0,0,0,1,0,0,Ministry of Coal,Coal,Ministry of Coal,West Bengal
611017,2.5 MTPA PATHERDIH NLW WASHERY,2026-04,334.27,6.0,162.75,48.6882,1.25,0.774,51.81,0.37,0.7193,24.0,120.0,-96.0,5.0,1.0,3.1218,0.9397,100.0,-48.19,4,5,0.37,0.81,1.25,1.25,0.7025,2.915,0,0,0,1,0,0,Ministry of Coal,Coal,Ministry of Coal,Jharkhand
611047,"Construction of NTB complex including apron, taxi track and other associated civil works and electrical & mechanical installations towards Tawi River side at CA Jammu.",2026-07,861.37,2.0,370.44,43.0059,16.9,4.7802,58.35,3.0,5.4201,30.0,31.0,-1.0,1.0333,1.0,15.3441,0.737,100.0,-41.65,7,8,3.0,5.4,16.9,43.14,2.3357,17.3657,0,0,0,1,0,0,Ministry of Civil Aviation,Aviation & Aviation Infrastructure,Airport Authority of India [AAI],"Jammu and
Kashmir"
611142,Fairway Development in West Bengal Farakka - Kahelgaon,2026-03,177.0,7.0,383.41,216.6158,0.0,0.0,100.0,0.0,0.0,59.0,91.0,-32.0,1.5424,1.0,-116.6158,2.1662,100.0,0.0,3,4,0.0,0.0,0.0,0.0,0.0,0.0,0,0,0,1,0,0,"Ministry of Ports, Shipping and Waterways",Inland Waterways,Inland Waterways Authority of India [IWAI],Offshore
611452,MUMBAI CENTRAL VIRAR VADODARA AHMEDABAAD TRAIN PROTECTION SYSTEM 500 RKM,2026-06,311.0,42.0,263.42,84.701,0.0,0.0,93.0,0.0,0.0,33.0,39.0,-6.0,1.1818,1.0,8.299,0.9108,100.0,-7.0,6,7,0.0,0.0,0.0,0.0,0.0,0.0,0,0,0,1,0,0,Ministry of Railways,Railways,Western Railway,"Multi-States
(Gujarat,
Maharashtra)"
611495,Development of New Civil Enclave at Bagdogra Airport,2026-07,1549.0,1.0,548.3,35.397,40.5,7.9756,27.9,-11.78,-29.6875,30.0,22.0,8.0,0.7333,0.0,-7.497,1.2687,73.3333,-45.4333,7,8,-11.78,-9.03,40.5,67.21,1.7,26.9629,0,0,0,0,0,0,Ministry of Civil Aviation,Aviation & Aviation Infrastructure,Airport Authority of India [AAI],West Bengal
611509,"Koderma Thermal Power Station Phase II [2X800 MW] At Koderma, Jharkhand",2026-07,14358.0,19.0,2229.31,15.5266,115.02,5.4401,14.3,0.8,5.9259,56.0,20.0,36.0,0.3571,0.0,-1.2266,1.0858,35.7143,-21.4143,7,8,0.8,2.8,115.02,264.71,1.1857,98.6329,0,0,0,0,0,0,Ministry of Power,Electricity Generation,Damodar Valley Corporation,Jharkhand
611570,"SITC of ATM Automation System and ASMGCS [Including SMR & MLAT] for Mumbai, Navi Mumbai, Jewar [earlier MOPA, without ASMGCS], HIAL & BIAL",2026-07,500.48,22.0,399.77,79.8773,1.02,0.2558,80.0,0.0,0.0,35.0,45.0,-10.0,1.2857,1.0,0.1227,0.9985,100.0,-20.0,7,8,0.0,1.0,1.02,6.46,0.5714,7.3829,0,0,0,1,0,0,Ministry of Civil Aviation,Aviation & Aviation Infrastructure,Airport Authority of India [AAI],"Multi-States
(Karnataka,
Maharashtra,
Telangana, Uttar
Pradesh)"
611586,Sunni Dam Hydro Electric Project [382 MW],2026-07,2614.51,0.0,1152.21,44.0698,36.34,3.2567,34.66,0.08,0.2313,63.0,42.0,21.0,0.6667,0.0,-9.4098,1.2715,66.6667,-32.0067,7,8,0.08,0.23,36.34,54.43,0.5229,18.13,0,0,0,0,0,0,Ministry of Power,Electricity Generation,Satluj Jal Vidyut Nigam [SJVN] Thermal Limited,Himachal Pradesh
611602,"Modernization of Chennai Airport, Phase II, Part 2",2026-07,1207.0,61.0,331.85,27.4938,17.7,5.6343,46.0,2.5,5.7471,25.0,37.0,-12.0,1.48,1.0,18.5062,0.5977,100.0,-54.0,7,8,2.5,5.0,17.7,20.87,2.7143,17.6843,0,0,0,1,0,0,Ministry of Civil Aviation,Aviation & Aviation Infrastructure,Airport Authority of India [AAI],Tamil Nadu
611657,Transmission scheme for evacuation of 4.5GW RE injection at Khavda PS under Phase II- Part C,2025-12,2820.99,0.0,2783.19,98.66,,,98.0,,,24.0,33.0,-9.0,1.375,1.0,-0.66,1.0067,100.0,-2.0,0,1,,,,,,,0,1,0,1,0,0,Ministry of Power,Transmission & Distribution,Power Grid Corporation of India Limited [POWERGRID],Gujarat
611669,NER Provision of Automatic Block Signalling on Gorakhpur Cantt[Excl] Chhapra Gramin & Burhwal Jn [Excl] Sitapur Jn section of high density routes,2026-07,380.47,13.0,258.65,67.9817,0.0,0.0,25.0,0.0,0.0,45.0,37.0,8.0,0.8222,0.0,-42.9817,2.7193,82.2222,-57.2222,7,8,0.0,5.0,0.0,0.24,0.7143,2.8829,0,0,0,0,0,0,Ministry of Railways,Railways,North Eastern Railway [NER],"Multi-States
(Bihar, Uttar
Pradesh)"
611698,240MW Heo HE Project,2026-07,1938.85,5.0,106.28,5.4816,0.78,0.7393,6.58,0.25,3.9494,50.0,14.0,36.0,0.28,0.0,1.0984,0.8331,28.0,-21.42,7,8,0.25,1.58,0.78,0.78,0.5114,5.65,0,0,0,0,0,0,Ministry of Power,Electricity Generation,North Eastern Electric Power Corporation Limited,Arunachal Pradesh
611699,186 MW Tato-I H E Project,2026-07,1750.07,5.0,79.45,4.5398,1.07,1.3651,5.6,0.5,9.8039,50.0,14.0,36.0,0.28,0.0,1.0602,0.8107,28.0,-22.4,7,8,0.5,0.5,1.07,4.62,0.5143,2.5714,0,0,0,0,0,0,Ministry of Power,Electricity Generation,North Eastern Electric Power Corporation Limited,Arunachal Pradesh
611716,700 MW Tato-II HE Project,2026-07,8146.21,0.0,253.97,3.1176,0.0,0.0,6.59,0.05,0.7645,72.0,10.0,62.0,0.1389,0.0,3.4724,0.4731,13.8889,-7.2989,3,4,0.05,0.14,0.0,9.62,0.06,3.5733,0,0,0,0,0,0,Ministry of Power,Electricity Generation,North Eastern Electric Power Corporation Limited,Arunachal Pradesh
611735,Transmission system for evacuation of power from REZ in Rajasthan 20GW under Phase-III Part J,2026-07,331.0,0.0,235.01,71.0,7.85,3.4557,68.9,1.4,2.0741,27.0,43.0,-16.0,1.5926,1.0,-2.1,1.0305,100.0,-31.1,7,8,1.4,8.15,7.85,35.38,3.8429,13.1671,0,0,0,1,0,0,Ministry of Power,Transmission & Distribution,Power Grid Corporation of India Limited [POWERGRID],"Multi-States (Delhi,
Rajasthan)"
611751,Aurangabad-Ankai 98.25 km,2026-07,960.64,13.0,381.13,39.6746,-994.42,-72.2925,0.0,-2.03,-100.0,18.0,25.0,-7.0,1.3889,1.0,-39.6746,,100.0,-100.0,7,8,-2.03,-2.03,-994.42,-994.42,-0.1429,-50.17,0,0,0,1,0,0,Ministry of Railways,Railways,CAOCON/SCR SCR mor,Maharashtra
611752,Doubling between Gooty-Pendakallu 29.225 km PB73/2023-24/NR,2026-07,351.83,20.0,149.34,42.4466,,,0.0,,,28.0,20.0,8.0,0.7143,0.0,-42.4466,,71.4286,-71.4286,7,7,,-3.04,,-198.64,-3.5714,18.7629,0,1,0,0,0,0,Ministry of Railways,Railways,CAO/C/SCoR SCoR mor,Andhra Pradesh
611754,South Central Railway - Rail road over double line between Guntakal West-Mallapa Gate 9.64 km PB34/CR/2023-24,2026-07,293.3,18.0,91.42,31.1695,-181.3,-66.4784,0.0,-0.24,-100.0,18.0,18.0,0.0,1.0,0.0,-31.1695,,100.0,-100.0,7,8,-0.24,-0.24,-181.3,-181.3,0.0,13.06,0,0,0,0,0,0,Ministry of Railways,Railways,CAO/C/SCoR SCoR mor,Andhra Pradesh
611849,Devgarh Madariya - Nathdwara Gauge Conversion [82.54 Km] part of Marwar - Mavli Gauge Conversion [152 Km],2026-03,968.92,0.0,275.74,28.4585,35.86,14.9491,56.0,-9.0,-13.8462,65.0,38.0,27.0,0.5846,0.0,27.5415,0.5082,58.4615,-2.4615,3,4,-9.0,-4.0,35.86,79.69,-0.3333,27.5867,0,0,0,0,0,0,Ministry of Railways,Railways,North Western Railway [NWR],Rajasthan
611855,Nathdwara Mavli - Devgarh Madariya 82.542 km,2026-07,968.92,7.0,816.16,84.234,71.01,9.5296,75.0,2.0,2.7397,58.0,35.0,23.0,0.6034,0.0,-9.234,1.1231,60.3448,14.6552,6,7,2.0,2.0,71.01,85.77,2.5,39.9217,0,0,0,0,0,0,Ministry of Railways,Railways,CAOC/NWR NWR mor,Rajasthan
611861,Rewari - Kathuwas Doubling Project [27.72 Km],2026-06,352.0,-2.0,342.83,97.3949,17.04,5.2304,80.0,0.0,0.0,54.0,42.0,12.0,0.7778,0.0,-17.3949,1.2174,77.7778,2.2222,6,7,0.0,7.0,17.04,27.55,1.1667,9.9517,0,0,0,0,0,0,Ministry of Railways,Railways,North Western Railway [NWR],"Multi-States
(Haryana,
Rajasthan)"
611864,AMALAGAMATED NTST KUJAMA OCP 8.5MTY,2026-07,4011.85,0.0,414.97,10.3436,0.0,0.0,31.16,0.24,0.7762,86.0,42.0,44.0,0.4884,0.0,20.8164,0.332,48.8372,-17.6772,7,8,0.24,0.24,0.0,0.04,0.4514,0.08,0,0,0,0,0,0,Ministry of Coal,Coal,Bharat Coking Coal Limited (BCCL,Jharkhand
611884,Doubling between Bhiwani - Dobh Bahali PB73/2023-24/NR,2026-07,471.0,2.0,342.36,72.6879,68.95,25.2185,77.0,4.0,5.4795,50.0,39.0,11.0,0.78,0.0,4.3121,0.944,78.0,-1.0,7,8,4.0,4.0,68.95,68.95,1.5714,16.43,0,0,0,0,0,0,Ministry of Railways,Railways,CAOC/NWR NWR mor,Haryana
611917,Poly Butadiene Rubber plant at Panipat,2026-07,1459.0,0.0,1560.24,106.939,-83.46,-5.0776,90.1,1.4,1.5784,36.0,52.0,-16.0,1.4444,1.0,-16.839,1.1869,100.0,-9.9,7,8,1.4,2.8,-83.46,-71.77,1.5857,17.7986,0,0,0,1,0,0,Ministry of Petroleum & Natural Gas,Oil & Gas,Indian Oil Corporation Limited [IOCL],Haryana
611918,Kosamba- Umarpada 69.70 Km PB32/WR/2023-24,2026-07,468.0,6.0,146.38,31.2778,101.76,228.0592,31.0,22.0,244.4444,38.0,30.0,8.0,0.7895,0.0,-0.2778,1.009,78.9474,-47.9474,7,8,22.0,22.0,101.76,101.76,3.2857,18.0143,0,0,0,0,0,0,Ministry of Railways,Railways,CAOCWR WR mor,Gujarat
611927,Kurnool - Setting up facilities for coach midlife rehabilitation workshop,2026-07,560.72,45.0,276.66,49.3401,0.0,0.0,65.0,0.0,0.0,74.0,105.0,-31.0,1.4189,1.0,15.6599,0.7591,100.0,-35.0,7,8,0.0,0.0,0.0,0.0,0.0,0.0,0,0,0,1,0,0,Ministry of Railways,Railways,WPO/Patna,Andhra Pradesh
611929,Maintenance cum workshop depot for Vande Bharat Sleeper Trains as per conditions under WTA 527,2026-07,166.86,9.0,0.0,0.0,0.0,,0.0,0.0,,18.0,37.0,-19.0,2.0556,1.0,0.0,,100.0,-100.0,7,8,0.0,0.0,0.0,0.0,0.0,0.0,0,0,0,1,0,0,Ministry of Railways,Railways,WPO/Patna,Rajasthan
611930,Lara Super Thermal Power Project Stage-II [2 x 800 MW],2026-07,15530.0,0.0,5472.13,35.2359,193.1,3.6579,33.5,1.2,3.7152,58.0,35.0,23.0,0.6034,0.0,-1.7359,1.0518,60.3448,-26.8448,7,8,1.2,2.9,193.1,466.73,1.7857,281.9686,0,0,0,0,0,0,Ministry of Power,Electricity Generation,National Thermal Power Corporation [NTPC],Chhattisgarh
611943,New BG line between Naliya - Jakhau Port 24.88 Km,2026-07,410.26,33.0,11.86,2.8908,0.56,4.9558,5.0,0.0,0.0,26.0,8.0,18.0,0.3077,0.0,2.1092,0.5782,30.7692,-25.7692,7,8,0.0,0.0,0.56,0.56,0.0,0.37,0,0,0,0,0,0,Ministry of Railways,Railways,CAOCWR WR mor,Gujarat
611944,Quadrupling between Gandhidham Adipur with Y connection at Adipur for providing direct entry towards Mundra Port and Bhuj and high level platform at Gopalpur 11Kms,2026-01,152.44,0.0,120.36,78.9557,15.78,15.0889,95.0,10.0,11.7647,37.0,35.0,2.0,0.9459,0.0,16.0443,0.8311,94.5946,0.4054,1,2,10.0,,15.78,,10.0,15.78,0,0,0,0,0,0,Ministry of Railways,Railways,Western Railway (WR,Gujarat
611945,Petlad-Bhadran 22.5 km,2026-07,307.11,24.0,114.73,37.3579,95.83,507.037,32.0,15.0,88.2353,72.0,26.0,46.0,0.3611,0.0,-5.3579,1.1674,36.1111,-4.1111,7,8,15.0,15.0,95.83,95.83,2.1429,14.4486,0,0,0,0,0,0,Ministry of Railways,Railways,CAOCWR WR mor,Gujarat
611947,Transmission System for Evacuation of Power from REZ in Rajasthan 20GW under Phase III- Part E2,2026-04,428.3,0.0,415.45,96.9998,8.57,2.1063,98.4,1.0,1.0267,19.0,29.0,-10.0,1.5263,1.0,1.4002,0.9858,100.0,-1.6,4,5,1.0,9.4,8.57,42.83,4.1,20.3425,0,0,0,1,0,0,Ministry of Power,Transmission & Distribution,Power Grid Corporation of India Limited [POWERGRID],Rajasthan
611948,Transmission system for evacuation of power from REZ in Rajasthan 20 GW under Phase-III part H,2026-05,1910.0,0.0,1852.7,97.0,0.89,0.0481,99.46,1.13,1.1492,18.0,31.0,-13.0,1.7222,1.0,2.46,0.9753,100.0,-0.54,5,6,1.13,1.78,0.89,-270.14,1.092,-45.708,0,0,0,1,0,0,Ministry of Power,Transmission & Distribution,Power Grid Corporation of India Limited [POWERGRID],Rajasthan
611949,Transmission system for evacuation of power from REZ in Rajasthan 20 GW under Phase-III part C1,2026-07,1160.0,0.0,1148.4,99.0,0.0,0.0,99.87,0.2,0.2007,18.0,33.0,-15.0,1.8333,1.0,0.87,0.9913,100.0,-0.13,7,8,0.2,0.54,0.0,11.6,0.8386,-67.6271,0,0,0,1,0,0,Ministry of Power,Transmission & Distribution,Power Grid Corporation of India Limited [POWERGRID],Rajasthan
611950,Transmission system for evacuation of power from REZ in Rajasthan 20 GW under Phase-III part B1,2026-01,2190.54,0.0,2139.44,97.6672,60.0,2.8854,99.0,1.0,1.0204,19.0,28.0,-9.0,1.4737,1.0,1.3328,0.9865,100.0,-1.0,1,2,1.0,,60.0,,1.0,60.0,0,0,0,1,0,0,Ministry of Power,Transmission & Distribution,Power Grid Corporation of India Limited [POWERGRID],Rajasthan
611951,Transmission system for evacuation of power from REZ in Rajasthan 20GW under Phase-III Part E1,2026-03,688.74,20.0,686.67,99.6995,0.0,0.0,99.7,0.7,0.7071,18.0,31.0,-13.0,1.7222,1.0,0.0005,1.0,100.0,-0.3,3,4,0.7,0.7,0.0,0.69,0.2333,0.46,0,0,0,1,0,0,Ministry of Power,Transmission & Distribution,Power Grid Corporation of India Limited [POWERGRID],Rajasthan
611957,"Phase III A works at IIT Indore [03 Hostels, 01 Studio Apartment, 01 Housing, Heavy & Sophisticated lab complex, Academic POD and Infrastructure for center of excellence]",2026-07,496.28,4.0,97.35,19.6159,0.0,0.0,67.5,2.5,3.8462,34.0,27.0,7.0,0.7941,0.0,47.8841,0.2906,79.4118,-11.9118,7,8,2.5,10.0,0.0,19.0,4.3571,5.8571,0,0,0,0,0,0,Department of Higher Education,Education,"Indian Institute of Technology, Indore",Madhya Pradesh
611961,Construction of IIT Bhubaneswar -Phase III,2026-07,454.27,3.0,102.15,22.4866,0.79,0.7794,10.45,1.25,13.587,30.0,26.0,4.0,0.8667,0.0,-12.0366,2.1518,86.6667,-76.2167,3,4,1.25,2.34,0.79,0.79,1.15,0.46,0,0,0,0,0,0,Department of Higher Education,Education,"Indian Institute of Technology, Bhubaneshwar",Odisha
611963,"Construction & Development of Infrastructural Facilities in the main campus of NIT Uttarakhand at Sumari, Pauri Garhwal",2026-07,650.85,46.0,401.56,61.6978,9.69,2.4728,63.0,1.0,1.6129,41.0,27.0,14.0,0.6585,0.0,1.3022,0.9793,65.8537,-2.8537,7,8,1.0,5.0,9.69,54.3,3.2857,20.0643,0,0,0,0,0,0,Department of Higher Education,Education,National Institute of Technology Uttarakhand,Uttarakhand
611966,Transmission System for Evacuation of power from Potential RE Zone in Khavda Area of Gujarat under phase IV 7GW-Part E4,2026-06,224.41,0.0,224.41,100.0,8.98,4.1684,100.0,0.4,0.4016,20.0,31.0,-11.0,1.55,1.0,0.0,1.0,100.0,0.0,6,7,0.4,5.2,8.98,17.96,8.5,19.075,0,0,0,1,0,0,Ministry of Power,Transmission & Distribution,Power Grid Corporation of India Limited [POWERGRID],Maharashtra
611967,Transmission Scheme for Solar Energy Zone in Ananthpuram 2500MW and Kurnool 1000MW,2026-05,823.0,0.0,798.31,97.0,0.0,0.0,98.57,0.23,0.2339,24.0,32.0,-8.0,1.3333,1.0,1.57,0.9841,100.0,-1.43,5,6,0.23,1.05,0.0,-400.43,1.514,-55.86,0,0,0,1,0,0,Ministry of Power,Transmission & Distribution,Power Grid Corporation of India Limited [POWERGRID],Andhra Pradesh
611970,Samlaya-Timba Road 53.53 km,2026-07,670.17,15.0,195.1,29.112,147.64,311.083,25.0,13.0,108.3333,70.0,26.0,44.0,0.3714,0.0,-4.112,1.1645,37.1429,-12.1429,7,8,13.0,13.0,147.64,147.64,1.8571,21.4129,0,0,0,0,0,0,Ministry of Railways,Railways,CAOCWR WR mor,Gujarat
611971,Samni-Jambusar 24.08 km,2026-07,350.0,23.0,188.23,53.78,107.74,133.8551,40.0,9.0,29.0323,71.0,27.0,44.0,0.3803,0.0,-13.78,1.3445,38.0282,1.9718,7,8,9.0,9.0,107.74,107.74,1.2857,17.2143,0,0,0,0,0,0,Ministry of Railways,Railways,CAOCWR WR mor,Gujarat
611974,Western Railway- Samakhiali-Gandhidham Quadrupiling 53 km PB34/CR/2023-24,2026-07,1430.0,8.0,748.46,52.3399,166.36,28.5793,50.0,5.0,11.1111,32.0,27.0,5.0,0.8438,0.0,-2.3399,1.0468,84.375,-34.375,7,8,5.0,5.0,166.36,166.36,3.5714,68.0914,0,0,0,0,0,0,Ministry of Railways,Railways,CAOCWR WR mor,Gujarat
611977,Dahod Creation of Infrastructure facilities for 9000 HP Electric locomotives Manufacturing at,2026-06,487.0,9.0,222.88,45.7659,0.0,0.0,53.0,0.0,0.0,24.0,40.0,-16.0,1.6667,1.0,7.2341,0.8635,100.0,-47.0,6,7,0.0,0.0,0.0,0.0,0.0,0.0,0,0,0,1,0,0,Ministry of Railways,Railways,PCE/WR,Gujarat
611978,Dahod Rolling Stock Workshop Provision of Infrastructure for CBS at,2026-06,158.0,4.0,51.87,32.8291,0.0,0.0,10.0,0.0,0.0,24.0,39.0,-15.0,1.625,1.0,-22.8291,3.2829,100.0,-90.0,6,7,0.0,0.0,0.0,0.0,0.0,0.0,0,0,0,1,0,0,Ministry of Railways,Railways,PCE/WR,Gujarat
611979,Sabarmati Setting up of Maintenance Facilities for Train Sets Phase ii,2026-06,250.0,3.0,185.02,74.008,0.0,0.0,88.0,0.0,0.0,26.0,38.0,-12.0,1.4615,1.0,13.992,0.841,100.0,-12.0,6,7,0.0,0.0,0.0,3.49,3.0,12.4783,0,0,0,1,0,0,Ministry of Railways,Railways,Western Railway [WR] - II,Gujarat
612066,Rajasthan Metro Rail Project Phase 1C from Badi Chaupar to Transport Nagar via Galta Gate,2026-07,980.08,-25.0,103.03,10.5124,0.0,0.0,0.0,0.0,,43.0,34.0,9.0,0.7907,0.0,-10.5124,,79.0698,-79.0698,2,3,0.0,0.0,0.0,0.0,0.0,0.0,0,0,0,0,0,0,Ministry of Housing & Urban Affairs,Urban Public Transport,Jaipur Metro Rail Corporation,Rajasthan
612068,Jaipur Metro Phase 1D Project from Mansarovar to Ajmer Road Chauraha,2026-07,204.81,-29.0,23.34,11.3959,0.0,0.0,12.48,0.0,0.0,27.0,31.0,-4.0,1.1481,1.0,1.0841,0.9131,100.0,-87.52,2,3,0.0,0.0,0.0,0.0,0.0,0.0,0,0,0,1,0,0,Ministry of Housing & Urban Affairs,Urban Public Transport,Jaipur Metro Rail Corporation,Rajasthan
612072,Barejadi Nandej Geratpur - Sanand - 4th line 38.20 km,2026-07,961.67,13.0,548.14,56.9988,23.54,4.4872,23.0,1.0,4.5455,36.0,28.0,8.0,0.7778,0.0,-33.9988,2.4782,77.7778,-54.7778,7,8,1.0,1.0,23.54,28.34,0.7143,26.9329,0,0,0,0,0,0,Ministry of Railways,Railways,CAOCWR WR mor,Gujarat
612096,Construction of Balurghat-Hilli new BG Line,2026-07,1209.0,0.0,518.15,42.8577,0.0,0.0,18.0,0.0,0.0,195.0,187.0,8.0,0.959,0.0,-24.8577,2.381,95.8974,-77.8974,7,8,0.0,1.0,0.0,16.19,0.8571,12.8257,0,0,0,0,0,0,Ministry of Railways,Railways,Northeast Frontier Railway [NFR],West Bengal
612128,Hostel blocks & dining hall block,2026-07,166.66,12.0,138.26,82.9593,16.0,13.0869,93.0,9.0,10.7143,24.0,28.0,-4.0,1.1667,1.0,10.0407,0.892,100.0,-7.0,7,8,9.0,9.0,16.0,16.0,2.4286,5.1057,0,0,0,1,0,0,Department of Higher Education,Education,"Indian Institute of Technology, Mandi",Himachal Pradesh
612132,Transmission Scheme for Evacuation of power from REZ in Rajasthan [20 GW] under Phase-III Part D Phase I [Sikar Khetri Transmission Ltd],2026-07,2423.0,0.0,2229.16,92.0,5.57,0.2505,92.47,1.96,2.1655,18.0,29.0,-11.0,1.6111,1.0,0.47,0.9949,100.0,-7.53,7,8,1.96,3.94,5.57,169.61,2.3529,94.8229,0,0,0,1,0,0,Ministry of Power,Transmission & Distribution,Power Grid Corporation of India Limited [POWERGRID],"Multi-States (Delhi,
Haryana,
Rajasthan)"
612133,Transmission System for Evacuation of power from Rajasthan REZ Ph-IV [Part-1] [Bikaner Complex] Part D [Neemrana Bareilly Transmission Ltd],2026-07,3271.0,0.0,2731.29,83.5002,0.0,0.0,73.45,0.28,0.3827,24.0,31.0,-7.0,1.2917,1.0,-10.0502,1.1368,100.0,-26.55,7,8,0.28,0.62,0.0,0.01,1.0643,155.2129,0,0,0,1,0,0,Ministry of Power,Transmission & Distribution,Power Grid Corporation of India Limited [POWERGRID],"Multi-States
(Rajasthan, Uttar
Pradesh)"
612134,Transmission System for Evacuation of power from Rajasthan REZ Ph-IV [Part-1] [Bikaner Complex] Part A [Bikaner Neemrana Transmission Ltd],2026-07,4741.0,0.0,3887.62,82.0,0.0,0.0,79.39,1.74,2.2408,24.0,31.0,-7.0,1.2917,1.0,-2.61,1.0329,100.0,-20.61,7,8,1.74,4.35,0.0,237.05,2.4843,246.9743,0,0,0,1,0,0,Ministry of Power,Transmission & Distribution,Power Grid Corporation of India Limited [POWERGRID],Rajasthan
612138,"Transmission Scheme for Solar Energy Zone in Bidar [2500 MW], Karnataka [Bidar Transmission Ltd]",2026-07,1368.0,0.0,1258.56,92.0,27.36,2.2222,96.84,3.08,3.285,24.0,29.0,-5.0,1.2083,1.0,4.84,0.95,100.0,-3.16,7,8,3.08,6.51,27.36,54.72,2.5486,-60.9843,0,0,0,1,0,0,Ministry of Power,Transmission & Distribution,Power Grid Corporation of India Limited [POWERGRID],"Multi-States
(Karnataka,
Telangana)"
612139,Transmission system for Evacuation of Additional 7 GW RE power from Khavda RE park under Phase-III Part B [Vataman Transmission Limited],2026-07,4231.0,0.0,3175.79,75.06,0.01,0.0003,72.12,1.25,1.7638,24.0,31.0,-7.0,1.2917,1.0,-2.94,1.0408,100.0,-27.88,7,8,1.25,6.21,0.01,637.19,4.8743,153.5386,0,0,0,1,0,0,Ministry of Power,Transmission & Distribution,Power Grid Corporation of India Limited [POWERGRID],Gujarat
612140,Transmission Scheme for Integration of Renewable Energy Zone [Phase II] in Koppal II [Phase A&B] and gadag II[Phase A] in Karnataka [POWERGRID KOPPAL GADAG TRANSMISSION LIMITED],2026-07,4445.0,0.0,4089.4,92.0,130.68,3.3011,95.95,3.6,3.8982,24.0,31.0,-7.0,1.2917,1.0,3.95,0.9588,100.0,-4.05,7,8,3.6,7.78,130.68,355.6,3.9929,321.1014,0,0,0,1,0,0,Ministry of Power,Transmission & Distribution,Power Grid Corporation of India Limited [POWERGRID],Karnataka
612142,"Singrauli Super Thermal Power Project, Stage-III [2x800 MW]",2026-07,17195.0,0.0,3840.48,22.3349,194.47,5.3338,25.0,1.2,5.042,71.0,28.0,43.0,0.3944,0.0,2.6651,0.8934,39.4366,-14.4366,7,8,1.2,3.7,194.47,348.07,1.7143,203.16,0,0,0,0,0,0,Ministry of Power,Electricity Generation,National Thermal Power Corporation [NTPC],Uttar Pradesh
612151,Transmission System for Evacuation of Power from potential Renewable Energy zone in Khavda Area of Gujarat under Phase IV [7 GW] Part E3,2026-03,334.0,0.0,327.32,98.0,30.06,10.1124,99.6,6.6,7.0968,24.0,32.0,-8.0,1.3333,1.0,1.6,0.9839,100.0,-0.4,3,4,6.6,17.6,30.06,71.25,7.2,30.3833,0,0,0,1,0,0,Ministry of Power,Transmission & Distribution,Power Grid Corporation of India Limited [POWERGRID],Gujarat
612167,"Construction of 350 beds + 50 Super Specialty beds ESIC Hospital Sheelanagar, Visakhapatnam, Andhra Pradesh",2026-07,384.27,26.0,286.38,74.5257,33.01,13.0284,95.0,1.0,1.0638,30.0,39.0,-9.0,1.3,1.0,20.4743,0.7845,100.0,-5.0,7,8,1.0,7.0,33.01,33.01,3.5714,17.0014,0,0,0,1,0,0,Ministry of Labour and Employment,Healthcare,Employee's State Insurance Company [ESIC],Andhra Pradesh
612178,"Construction of 100 Bedded ESIC Hospital building and 32 Nos Residential Quarters at Vallam Vadangal, SIPCOT, Sriperumbudur",2026-03,152.95,97.0,127.22,83.1775,4.0,3.2462,100.0,1.0,1.0101,27.0,36.0,-9.0,1.3333,1.0,16.8225,0.8318,100.0,0.0,3,4,1.0,1.0,4.0,8.0,0.3333,6.4633,0,0,0,1,0,0,Ministry of Labour and Employment,Healthcare,Employee's State Insurance Company [ESIC],Tamil Nadu
612183,Development of New Civil Enclave at Bihta,2026-07,1413.0,8.0,15.53,1.0991,5.97,62.4477,4.15,1.29,45.1049,23.0,15.0,8.0,0.6522,0.0,3.0509,0.2648,65.2174,-61.0674,7,8,1.29,1.72,5.97,7.89,0.45,2.2186,0,0,0,0,0,0,Ministry of Civil Aviation,Aviation & Aviation Infrastructure,Airport Authority of India [AAI],Bihar
612185,C/o Construction of 200 bedded [Up-gradable to 300 bedded] ESI Hospital at Surat Gujarat.,2026-02,209.36,21.0,202.62,96.7807,0.0,0.0,100.0,0.0,0.0,51.0,59.0,-8.0,1.1569,1.0,3.2193,0.9678,100.0,0.0,2,3,0.0,1.0,0.0,0.0,0.5,0.0,0,0,0,1,0,0,Ministry of Labour and Employment,Healthcare,Employee's State Insurance Company [ESIC],Gujarat
612186,350 Bedded [Upgradable to 500 beds] ESI Hospital at Sanand,2026-07,558.12,10.0,55.81,9.9996,0.0,0.0,28.0,6.5,30.2326,35.0,39.0,-4.0,1.1143,1.0,18.0004,0.3571,100.0,-72.0,7,8,6.5,6.5,0.0,0.0,1.8571,-1.1157,0,0,0,1,0,0,Ministry of Labour and Employment,Healthcare,Employee's State Insurance Company [ESIC],Gujarat
612188,"Construction of 200 Bedded [Upgradable to 500 Bedded including 50 beds of SST] ESIC Hospital at Bibewadi, Pune",2026-04,429.25,58.0,341.9,79.6506,17.92,5.5312,78.0,4.0,5.4054,30.0,37.0,-7.0,1.2333,1.0,-1.6506,1.0212,100.0,-22.0,4,5,4.0,4.0,17.92,17.92,2.0,14.9525,0,0,0,1,0,0,Ministry of Labour and Employment,Healthcare,Employee's State Insurance Company [ESIC],Maharashtra
612194,Development of New Civil Enclave and associated works at Darbhanga Airport,2026-07,911.66,0.0,426.22,46.7521,25.6,6.3901,71.1,1.3,1.8625,24.0,24.0,0.0,1.0,0.0,24.3479,0.6576,100.0,-28.9,7,8,1.3,3.09,25.6,39.98,3.3,23.8986,0,0,0,0,0,0,Ministry of Civil Aviation,Aviation & Aviation Infrastructure,Airport Authority of India [AAI],Bihar
612201,"Construction of 200 bedded ESIC Hospital with 62 Nos Staff quarters , Beltola",2026-04,143.23,46.0,130.08,90.819,0.0,0.0,98.0,0.0,0.0,42.0,54.0,-12.0,1.2857,1.0,7.181,0.9267,100.0,-2.0,4,5,0.0,0.0,0.0,14.0,0.5,3.5,0,0,0,1,0,0,Ministry of Labour and Employment,Healthcare,Employee's State Insurance Company [ESIC],Assam
612211,"Demolition, Construction and upgradation of ESI Hospital, Kalol, Gujarat from 50 beds to 150 beds.",2026-07,205.87,14.0,51.74,25.1324,0.0,0.0,58.0,8.0,16.0,24.0,33.0,-9.0,1.375,1.0,32.8676,0.4333,100.0,-42.0,7,8,8.0,8.0,0.0,0.0,5.4286,3.9543,0,0,0,1,0,0,Ministry of Labour and Employment,Healthcare,Employee's State Insurance Company [ESIC],Gujarat
612213,"Construction of 200 Bedded ESIC Hospital at Butibori, Nagpur, Maharashtra.",2026-07,194.93,106.0,116.22,59.6214,1.83,1.5998,67.0,0.0,0.0,36.0,47.0,-11.0,1.3056,1.0,7.3786,0.8899,100.0,-33.0,7,8,0.0,0.0,1.83,1.83,0.7143,0.2614,0,0,0,1,0,0,Ministry of Labour and Employment,Healthcare,Employee's State Insurance Company [ESIC],Maharashtra
612259,CONSTRUCTION OF 300 BEDDED HOSPITAL AT HARIDWAR,2026-07,102.4,10.0,340.3,332.3242,0.0,0.0,90.5,1.5,1.6854,34.0,55.0,-21.0,1.6176,1.0,-241.8242,3.6721,100.0,-9.5,7,8,1.5,1.5,0.0,0.0,1.3571,2.5357,0,0,0,1,0,1,Ministry of Labour and Employment,Healthcare,Employee's State Insurance Company [ESIC],Uttarakhand
612513,"Construction of 100 Bedded ESI Hospital at Duburi, Odisha.",2026-07,164.6,170.0,16.44,9.9878,0.0,0.0,7.2,0.0,0.0,28.0,17.0,11.0,0.6071,0.0,-2.7878,1.3872,60.7143,-53.5143,7,8,0.0,0.0,0.0,0.04,0.0286,0.0057,0,0,0,0,0,0,Ministry of Labour and Employment,Healthcare,Employee's State Insurance Company [ESIC],Odisha
612745,"Construction of 200 bed ESI Hospital at Bommasandra, Karnataka",2026-07,278.0,116.0,80.52,28.964,0.0,0.0,35.0,1.0,2.9412,27.0,21.0,6.0,0.7778,0.0,6.036,0.8275,77.7778,-42.7778,7,8,1.0,8.0,0.0,0.0,2.2857,-21.1557,0,0,0,0,0,0,Ministry of Labour and Employment,Healthcare,Employee's State Insurance Company [ESIC],Karnataka
612748,"Construction of 100 bed ESI Hospital and Staff Quarters [32 Nos.] at Harohalli, Karnataka",2026-07,150.92,68.0,31.05,20.5738,0.0,0.0,28.1,2.2,8.4942,23.0,16.0,7.0,0.6957,0.0,7.5262,0.7322,69.5652,-41.4652,7,8,2.2,5.1,0.0,0.0,2.5857,3.47,0,0,0,0,0,0,Ministry of Labour and Employment,Healthcare,Employee's State Insurance Company [ESIC],Karnataka
612781,Rebuilding of COB 4 at Durgapur Steel Plant,2026-07,916.78,0.0,244.78,26.7,10.73,4.5845,37.19,1.83,5.1753,48.0,34.0,14.0,0.7083,0.0,10.49,0.7179,70.8333,-33.6433,7,8,1.83,2.43,10.73,18.1,1.5986,12.5657,0,0,0,0,0,0,Ministry of Steel,Steel,Steel Authority of India Limited [SAIL],West Bengal
612786,"Construction of New Domestic Terminal Building Building and miscellaneous works including maintenance, operations and AICMC at Kadapa Airport",2026-07,265.91,10.0,176.38,66.3307,22.76,14.8158,80.0,5.0,6.6667,24.0,30.0,-6.0,1.25,1.0,13.6693,0.8291,100.0,-20.0,7,8,5.0,10.0,22.76,33.76,4.8571,12.5014,0,0,0,1,0,0,Ministry of Civil Aviation,Aviation & Aviation Infrastructure,Airport Authority of India [AAI],Andhra Pradesh
612787,Construction of New Domestic Terminal Building and Miscellaneous works at Hubli Airport,2026-07,320.47,7.0,169.11,52.7694,8.9,5.5552,88.5,3.5,4.1176,24.0,30.0,-6.0,1.25,1.0,35.7306,0.5963,100.0,-11.5,7,8,3.5,7.0,8.9,10.75,4.2143,9.96,0,0,0,1,0,0,Ministry of Civil Aviation,Aviation & Aviation Infrastructure,Airport Authority of India [AAI],Karnataka
612788,Construction of New Domestic Terminal Building and Miscellaneous Works at Belagavi Airport.,2026-07,322.45,8.0,240.99,74.7372,20.27,9.1836,97.0,2.0,2.1053,24.0,29.0,-5.0,1.2083,1.0,22.2628,0.7705,100.0,-3.0,7,8,2.0,6.0,20.27,26.7,4.2857,12.7,0,0,0,1,0,0,Ministry of Civil Aviation,Aviation & Aviation Infrastructure,Airport Authority of India [AAI],Karnataka
612789,"Development of additional RESA on either end on Runway 10-28 at Calicut Airport. Construction of embankment with slope protection, drainage system and associated works for additional RESA on either end on Runway 10-28",2026-07,484.57,8.0,242.51,50.0464,15.01,6.5978,65.8,1.3,2.0155,19.0,29.0,-10.0,1.5263,1.0,15.7536,0.7606,100.0,-34.2,7,8,1.3,3.3,15.01,15.01,4.9714,18.0529,0,0,0,1,0,0,Ministry of Civil Aviation,Aviation & Aviation Infrastructure,Airport Authority of India [AAI],Kerala
612790,Power System Upgradation Project,2026-07,385.0,0.0,271.36,70.4831,3.16,1.1782,90.4,1.7,1.9166,25.0,33.0,-8.0,1.32,1.0,19.9169,0.7797,100.0,-9.6,7,8,1.7,4.5,3.16,10.44,2.3429,13.2857,0,0,0,1,0,0,Ministry of Petroleum & Natural Gas,Oil & Gas,Mangalore Refinery and Petrochemicals Limited,Karnataka
612791,"Re-Construction of Rigid portions of Secondary Runway, K and A Taxiway and Strengthening of C Taxiway at NSCBI Airport Kolkata.",2026-07,328.3,9.0,153.52,46.7621,4.77,3.2067,73.5,2.1,2.9412,22.0,31.0,-9.0,1.4091,1.0,26.7379,0.6362,100.0,-26.5,7,8,2.1,3.5,4.77,8.11,3.5,6.2186,0,0,0,1,0,0,Ministry of Civil Aviation,Aviation & Aviation Infrastructure,Airport Authority of India [AAI],West Bengal
612793,"Widening of basic strip at Western Side of Runway Chainage 80m to 920m i/c slope stabilization Measures [Balance work] of uphill and Improvement of Storm Water Drainage System at Pakyong Airport, Sikkim on design & build basis [EPC] with integrated 10 years maintenance.",2026-07,323.26,1.0,87.61,27.102,0.01,0.0114,36.14,0.02,0.0554,30.0,31.0,-1.0,1.0333,1.0,9.038,0.7499,100.0,-63.86,7,8,0.02,0.59,0.01,6.67,2.02,5.2,0,0,0,1,0,0,Ministry of Civil Aviation,Aviation & Aviation Infrastructure,Airport Authority of India [AAI],Sikkim
612815,Nipania-Bhatapra 14.4 km 4th line PB72/NR/2022-23,2026-07,170.49,3.0,12.12,7.1089,2.14,21.4429,3.0,-12.0,-80.0,48.0,40.0,8.0,0.8333,0.0,-4.1089,2.3696,83.3333,-80.3333,7,8,-12.0,-12.0,2.14,2.56,-0.4286,1.43,0,0,0,0,0,0,Ministry of Railways,Railways,CAOC/SECR SECR mor,Chhattisgarh
612816,ITAPARA OCP,2026-07,929.1,0.0,132.43,14.2536,0.0,0.0,8.41,0.0,0.0,75.0,31.0,44.0,0.4133,0.0,-5.8436,1.6948,41.3333,-32.9233,7,8,0.0,0.06,0.0,61.0,0.2014,8.9357,0,0,0,0,0,0,Ministry of Coal,Coal,Eastern Coal Fields Limited [ECL],West Bengal
612819,300 MW SPP part of 510 MW CPSU scheme,2026-04,1813.0,8.0,1753.07,96.6944,0.0,0.0,100.0,0.0,0.0,18.0,37.0,-19.0,2.0556,1.0,3.3056,0.9669,100.0,0.0,4,5,0.0,0.0,0.0,0.91,1.75,31.5025,0,0,0,1,0,0,Ministry of Coal,Electricity Generation,NLC India Limited [NLCIL],Rajasthan
612827,Flyover between Pendurthi-Simhachalam North to avoid surface crossing at Simhachalam 7.135 km PB73/2023-24/NR,2026-07,183.65,14.0,25.44,13.8524,8.19,47.4783,21.0,5.0,31.25,34.0,25.0,9.0,0.7353,0.0,7.1476,0.6596,73.5294,-52.5294,7,8,5.0,5.0,8.19,8.19,1.4286,2.2757,0,0,0,0,0,0,Ministry of Railways,Railways,CAO/C/SCoR SCoR mor,Andhra Pradesh
612834,3rd & 4th line between Sarla - Sason 8 km PB73/2023-24/NR,2026-07,252.0,9.0,169.6,67.3016,51.63,43.7654,88.0,-4.0,-4.3478,23.0,30.0,-7.0,1.3043,1.0,20.6984,0.7648,100.0,-12.0,7,8,-4.0,0.0,51.63,52.3,2.8571,10.28,0,0,0,1,0,0,Ministry of Railways,Railways,CAO/C/ECOR ECoR mor,Odisha
612845,Pachora-Jamner with extension upto Malkapur-Narrow gauge to broad gauge 84 km,2026-07,955.39,41.0,294.53,30.8282,280.54,2005.2895,10.0,0.0,0.0,19.0,6.0,13.0,0.3158,0.0,-20.8282,3.0828,31.5789,-21.5789,3,4,0.0,0.0,280.54,280.55,0.0,93.52,0,0,0,0,0,0,Ministry of Railways,Railways,CAOC/CR CR mor,Maharashtra
612851,"Phase 1B - Construction of Academic Block, Hostel, Residential Tower, Directors Residence and External Development works at National Institute of Technology, Delhi Campus on Engineering, Procurement and Construction basis",2026-07,333.49,158.0,336.42,100.8786,9.16,2.799,100.0,0.1,0.1001,34.0,44.0,-10.0,1.2941,1.0,-0.8786,1.0088,100.0,0.0,7,8,0.1,0.1,9.16,9.16,0.4286,5.5386,0,0,0,1,0,0,Department of Higher Education,Education,National Institute of Technology Delhi,Delhi
612853,Gurdaspur Jammu Pipeline,2026-07,521.9,0.0,326.4,62.5407,7.3,2.2877,91.1,6.5,7.6832,36.0,36.0,0.0,1.0,0.0,28.5593,0.6865,100.0,-8.9,7,8,6.5,9.5,7.3,16.1,6.8714,10.9571,0,0,0,0,0,0,Ministry of Petroleum & Natural Gas,Oil & Gas,Gas Authority of India Limited [GAIL],Punjab
612855,Transmission System for Evacuation of Power from Potential Energy Renewable Zone in Khavda Area of Gujarat under Ph-IV [7GW] Part E2,2026-07,697.0,0.0,592.45,85.0,19.38,3.3818,82.0,0.0,0.0,24.0,26.0,-2.0,1.0833,1.0,-3.0,1.0366,100.0,-18.0,7,8,0.0,19.0,19.38,209.1,7.2857,59.4157,0,0,0,1,0,0,Ministry of Power,Transmission & Distribution,Power Grid Corporation of India Limited [POWERGRID],Gujarat
612856,Augmentation of 1x1500 MVA 3rd 765/400 kV transformation capacity at Kurnool New Substation,2026-02,163.61,7.0,145.61,88.9982,11.53,8.5993,91.0,8.0,9.6386,21.0,26.0,-5.0,1.2381,1.0,2.0018,0.978,100.0,-9.0,2,3,8.0,9.0,11.53,34.57,4.5,17.285,0,0,0,1,0,0,Ministry of Power,Transmission & Distribution,Power Grid Corporation of India Limited [POWERGRID],Andhra Pradesh
612876,"Construction of Permanent Campus for NIT Mizoram at Lengpui, Aizawl",2026-07,474.23,57.0,167.55,35.331,0.0,0.0,4.0,0.0,0.0,186.0,145.0,41.0,0.7796,0.0,-31.331,8.8327,77.957,-73.957,7,8,0.0,0.0,0.0,0.0,0.0,0.0,0,0,0,0,0,0,Department of Higher Education,Education,NIT Mizoram,Mizoram
612877,Establishment of NIT Puducherry Permanent Campus [Phase-I and Phase-II],2026-07,618.34,46.0,543.74,87.9354,0.0,0.0,99.5,0.0,0.0,137.0,156.0,-19.0,1.1387,1.0,11.5646,0.8838,100.0,-0.5,7,8,0.0,0.5,0.0,0.0,0.3571,1.8986,0,0,0,1,0,0,Department of Higher Education,Education,"National Institute of Technology, Puducherry",Puducherry
612878,Bangalore Metro Rail Project - PHASE-3,2026-07,15611.0,21.0,0.0,0.0,0.0,,3.8,3.8,,59.0,1.0,58.0,0.0169,0.0,3.8,0.0,1.6949,2.1051,3,4,3.8,3.8,0.0,0.0,1.2667,0.0,0,0,0,0,0,0,Ministry of Housing & Urban Affairs,Urban Public Transport,Bengaluru Metro Rail,Karnataka
612883,Establishment of Permanent Campus of NIT SIkkim at Khamdong-Gangtok District,2026-07,685.76,1.0,283.56,41.3497,0.0,0.0,38.0,0.4,1.0638,47.0,28.0,19.0,0.5957,0.0,-3.3497,1.0882,59.5745,-21.5745,7,8,0.4,2.0,0.0,0.0,2.0,16.0,0,0,0,0,0,0,Department of Higher Education,Education,NIT Sikkim,Sikkim
612885,Construction and Developement of National Institute of Technology Meghalaya Permanent Campus at Sohra,2026-07,494.52,60.0,377.82,76.4014,8.84,2.3958,97.5,1.5,1.5625,90.0,142.0,-52.0,1.5778,1.0,21.0986,0.7836,100.0,-2.5,7,8,1.5,1.5,8.84,6.84,0.9286,-6.8929,0,0,0,1,0,0,Department of Higher Education,Education,"National Institute of Technology, Meghalaya",Meghalaya
612894,"Construction of Permanent Campus of Central University of Himachal Pradesh at Dehra, District - Kangra, [H.P.] on Engineering. Procurement and Construction [EPC Mode 1] Basis.",2026-07,251.98,17.0,223.6,88.7372,0.0,0.0,86.0,0.0,0.0,27.0,47.0,-20.0,1.7407,1.0,-2.7372,1.0318,100.0,-14.0,7,8,0.0,1.0,0.0,0.39,0.5714,0.3429,0,0,0,1,0,0,Department of Higher Education,Education,"Central University, Himachal Pradesh",Himachal Pradesh
612898,Construction of Permanent Campus of National Institute of Technology Arunachal Pradesh,2026-07,592.61,42.0,551.3,93.0291,0.0,0.0,80.0,0.0,0.0,161.0,160.0,1.0,0.9938,0.0,-13.0291,1.1629,99.3789,-19.3789,7,8,0.0,0.0,0.0,0.0,0.0,0.0986,0,0,0,0,0,0,Department of Higher Education,Education,"National Institute of Technology, Arunachal Pradesh",Arunachal Pradesh
612916,"Construction of permanent campus of Central University of Gujarat at Village kundhela, Dist. Vadodara, Gujarat.",2026-07,490.63,2.0,342.26,69.7593,2.86,0.8427,86.0,0.0,0.0,49.0,65.0,-16.0,1.3265,1.0,16.2407,0.8112,100.0,-14.0,7,8,0.0,1.0,2.86,4.52,0.4286,3.7443,0,0,0,1,0,0,Department of Higher Education,Education,Central University of Gujarat,Gujarat
613002,Redevelopment of Chennai Egmore Station,2026-07,842.0,5.0,340.0,40.38,0.0,0.0,0.0,0.0,,41.0,45.0,-4.0,1.0976,1.0,-40.38,,100.0,-100.0,7,8,0.0,0.0,0.0,0.0,0.0,0.0,0,0,0,1,0,0,Ministry of Railways,Railways,Ministry of Railways,Tamil Nadu
613003,Dharamjaigarh-Korba 63 km,2025-12,1686.26,-13.0,288.83,17.1284,,,18.5,,,49.0,41.0,8.0,0.8367,0.0,1.3716,0.9259,83.6735,-65.1735,0,1,,,,,,,0,1,0,0,0,0,Ministry of Railways,Railways,CERL,Chhattisgarh
613008,Construction of Permanent Campus of Central Tribal University of Andhra Pradesh Phase-1,2026-07,305.0,51.0,67.73,22.2066,0.0,0.0,44.5,0.0,0.0,42.0,31.0,11.0,0.7381,0.0,22.2934,0.499,73.8095,-29.3095,7,8,0.0,0.0,0.0,0.0,0.9286,2.3429,0,0,0,0,0,0,Department of Higher Education,Education,Central Tribal University of Andhra Pradesh,Andhra Pradesh
613013,Establishment of NIT Nagaland,2026-07,275.63,63.0,263.25,95.5085,0.0,0.0,98.0,0.0,0.0,132.0,139.0,-7.0,1.053,1.0,2.4915,0.9746,100.0,-2.0,7,8,0.0,0.0,0.0,0.0,0.1429,0.2214,0,0,0,1,0,0,Department of Higher Education,Education,NIT Nagaland,Nagaland
613015,Redevelopment of Chhatrapati Shivaji Maharaj Terminus [CSMT] and construction of associated infrastructure,2026-07,1813.0,3.0,873.99,48.2068,0.0,0.0,25.0,0.0,0.0,44.0,36.0,8.0,0.8182,0.0,-23.2068,1.9283,81.8182,-56.8182,7,8,0.0,1.0,0.0,23.41,1.1429,34.0357,0,0,0,0,0,0,Ministry of Railways,Railways,Rail Land Development Authority,Maharashtra
613785,Redevelopment of New Delhi Railway Station and construction of associated infrastructure,2026-06,4744.0,17.0,355.8,7.5,23.72,7.1429,6.0,1.0,20.0,54.0,24.0,30.0,0.4444,0.0,-1.5,1.25,44.4444,-38.4444,6,7,1.0,3.0,23.72,98.27,0.6667,34.0717,0,0,0,0,0,0,Ministry of Railways,Railways,Rail Land Development Authority,Delhi
613786,"Redevelopment of Ahmedabad railway station and associated infrastructure on engineering, procurement and construction mode",2026-06,2379.0,10.0,984.21,41.3707,0.0,0.0,32.5,0.0,0.0,52.0,31.0,21.0,0.5962,0.0,-8.8707,1.2729,59.6154,-27.1154,6,7,0.0,1.1,0.0,6.86,1.5833,32.345,0,0,0,0,0,0,Ministry of Railways,Railways,Rail Land Development Authority,Gujarat
613787,Jamrani Dam Multipurpose Project,2026-07,2584.1,1.0,1307.15,50.5843,0.0,0.0,26.22,0.0,0.0,67.0,32.0,35.0,0.4776,0.0,-24.3643,1.9292,47.7612,-21.5412,7,8,0.0,0.94,0.0,4.0,0.7457,45.6486,0,0,0,0,0,0,"Department of Water Resources, River Development & GR",Water Resources,Irrigation-UK,Uttarakhand
613793,SHYAMSUNDARPUR UG INCLUDING SA,2026-07,483.65,0.0,96.8,20.0145,0.0,0.0,16.79,0.0,0.0,71.0,75.0,-4.0,1.0563,1.0,-3.2245,1.192,100.0,-83.21,7,8,0.0,0.0,0.0,17.92,0.1129,5.0071,0,0,0,1,0,0,Ministry of Coal,Coal,ECL - CIL,West Bengal
613794,PARASEA-BELBAID UG PROJECT,2026-07,389.1,0.0,132.48,34.0478,0.0,0.0,22.26,0.0,0.0,62.0,42.0,20.0,0.6774,0.0,-11.7878,1.5296,67.7419,-45.4819,7,8,0.0,0.08,0.0,0.0,0.18,0.0,0,0,0,0,0,0,Ministry of Coal,Coal,ECL - CIL,West Bengal
613798,AMERA OC RCE [1.0 MTY],2026-07,335.97,0.0,91.91,27.3566,0.15,0.1635,42.47,0.0,0.0,133.0,137.0,-4.0,1.0301,1.0,15.1134,0.6441,100.0,-57.53,7,8,0.0,0.0,0.15,1.03,0.0671,0.5186,0,0,0,1,0,0,Ministry of Coal,Coal,SECL - CIL,Chhattisgarh
613799,AMGAON OC RCE [1.0 MTY],2026-07,316.11,0.0,193.0,61.0547,0.1,0.0518,78.86,0.0,0.0,128.0,132.0,-4.0,1.0312,1.0,17.8053,0.7742,100.0,-21.14,7,8,0.0,0.0,0.1,1.5,0.1229,0.6114,0,0,0,1,0,0,Ministry of Coal,Coal,SECL - CIL,Chhattisgarh
613800,JAGANNATHPUR OC RCE PROJECT,2026-07,459.49,0.0,290.4,63.2005,11.69,4.1943,96.15,0.0,0.0,104.0,120.0,-16.0,1.1538,1.0,32.9495,0.6573,100.0,-3.85,7,8,0.0,0.0,11.69,13.24,0.0214,2.2929,0,0,0,1,0,0,Ministry of Coal,Coal,SECL - CIL,Chhattisgarh
613801,MAHAMAYA OCP [1.50 MTY],2026-07,410.26,0.0,188.72,46.0001,0.12,0.0636,54.6,0.0,0.0,94.0,98.0,-4.0,1.0426,1.0,8.5999,0.8425,100.0,-45.4,7,8,0.0,0.0,0.12,0.42,0.0857,0.7643,0,0,0,1,0,0,Ministry of Coal,Coal,SECL - CIL,Chhattisgarh
613802,KANCHAN OC EXP,2026-07,371.04,0.0,157.9,42.5561,7.07,4.6874,58.2,0.0,0.0,135.0,139.0,-4.0,1.0296,1.0,15.6439,0.7312,100.0,-41.8,7,8,0.0,0.0,7.07,8.06,0.0286,1.8986,0,0,0,1,0,0,Ministry of Coal,Coal,SECL - CIL,Madhya Pradesh
613803,JHIRIA WEST OCP [1.5 MTY],2026-07,366.94,0.0,37.19,10.1352,0.51,1.3904,41.29,0.0,0.0,62.0,30.0,32.0,0.4839,0.0,31.1548,0.2455,48.3871,-7.0971,7,8,0.0,0.0,0.51,1.37,0.0414,0.4386,0,0,0,0,0,0,Ministry of Coal,Coal,SECL - CIL,Madhya Pradesh
613804,RPR TAWA-III UG 0.84 MTY,2026-07,314.09,0.0,17.9,5.699,0.0,0.0,17.78,0.0,0.0,63.0,55.0,8.0,0.873,0.0,12.081,0.3205,87.3016,-69.5216,7,8,0.0,0.0,0.0,0.01,0.1114,1.6886,0,0,0,0,0,0,Ministry of Coal,Coal,WCL - CIL,Madhya Pradesh
613808,MURAIDIH UG PROJECT,2026-07,339.87,0.0,191.14,56.2392,0.0,0.0,70.47,0.0,0.0,38.0,185.0,-147.0,4.8684,1.0,14.2308,0.7981,100.0,-29.53,7,8,0.0,0.0,0.0,0.0,0.0671,0.02,0,0,0,1,0,0,Ministry of Coal,Coal,BCCL - CIL,Jharkhand
615183,KHADIA EXPANSION [10 TO 16 MTP,2026-07,491.67,0.0,379.69,77.2246,0.0,0.0,57.12,0.0,0.0,45.0,61.0,-16.0,1.3556,1.0,-20.1046,1.352,100.0,-42.88,7,8,0.0,0.06,0.0,103.32,0.7314,17.3814,0,0,0,1,0,0,Ministry of Coal,Coal,NCL - CIL,"Multi-States
(Madhya Pradesh,
Uttar Pradesh)"
615184,SAONER UG MINE -1 EXPANSION 1.,2026-07,228.64,0.0,157.01,68.6713,-0.01,-0.0064,69.33,0.0,0.0,74.0,54.0,20.0,0.7297,0.0,0.6587,0.9905,72.973,-3.643,7,8,0.0,0.0,-0.01,6.54,0.19,1.5614,0,0,0,0,0,0,Ministry of Coal,Coal,WCL - CIL,Maharashtra
615185,AMALGAMATED DHANKASA & JAMUNIA,2026-07,399.2,0.0,117.2,29.3587,0.2,0.1709,67.13,0.0,0.0,54.0,46.0,8.0,0.8519,0.0,37.7713,0.4373,85.1852,-18.0552,7,8,0.0,0.0,0.2,16.6,0.1614,2.9986,0,0,0,0,0,0,Ministry of Coal,Coal,WCL - CIL,Madhya Pradesh
615186,SASTI EXPANSION OPENCAST,2026-07,319.04,0.0,155.37,48.6992,1.59,1.0339,32.21,0.0,0.0,67.0,71.0,-4.0,1.0597,1.0,-16.4892,1.5119,100.0,-67.79,7,8,0.0,0.0,1.59,43.69,1.7443,9.0786,0,0,0,1,0,0,Ministry of Coal,Coal,WCL - CIL,Maharashtra
615187,RPR OF VISHNUPURI UG TO OC,2026-07,220.62,0.0,0.0,0.0,0.0,,11.2,0.0,0.0,76.0,44.0,32.0,0.5789,0.0,11.2,0.0,57.8947,-46.6947,7,8,0.0,0.0,0.0,0.0,0.0286,0.0,0,0,0,0,0,0,Ministry of Coal,Coal,WCL - CIL,Madhya Pradesh
615188,NEW MAJRI UG TO OC 3 MTY COST,2026-07,402.27,40.0,67.81,16.8568,0.0,0.0,24.17,0.0,0.0,54.0,46.0,8.0,0.8519,0.0,7.3132,0.6974,85.1852,-61.0152,7,8,0.0,0.0,0.0,0.11,0.0243,1.08,0,0,0,0,0,0,Ministry of Coal,Coal,WCL - CIL,Maharashtra
615189,MAKARDHOKRA EXPN OC 4.9 MTY,2026-07,361.87,0.0,104.17,28.7866,0.0,0.0,12.2,0.0,0.0,45.0,49.0,-4.0,1.0889,1.0,-16.5866,2.3596,100.0,-87.8,7,8,0.0,0.0,0.0,7.37,0.1714,2.6829,0,0,0,1,0,0,Ministry of Coal,Coal,WCL - CIL,Maharashtra
615190,SINGHORI DEEP OC MIN 2.0 MTY,2026-07,335.75,0.0,53.94,16.0655,0.6,1.1249,9.64,0.0,0.0,82.0,50.0,32.0,0.6098,0.0,-6.4255,1.6665,60.9756,-51.3356,7,8,0.0,0.07,0.6,3.64,0.52,2.5786,0,0,0,0,0,0,Ministry of Coal,Coal,WCL - CIL,Maharashtra
615191,KATKONA RO UG MINE,2026-07,329.21,0.0,62.01,18.836,0.0,0.0,2.01,0.0,0.0,74.0,42.0,32.0,0.5676,0.0,-16.826,9.3711,56.7568,-54.7468,7,8,0.0,0.0,0.0,-0.02,0.0014,0.0957,0,0,0,0,0,0,Ministry of Coal,Coal,SECL - CIL,Chhattisgarh
615192,GOKUL EXTENSION OC MINE,2026-07,309.58,0.0,62.31,20.1273,0.0,0.0,8.44,0.0,0.0,59.0,63.0,-4.0,1.0678,1.0,-11.6873,2.3847,100.0,-91.56,7,8,0.0,0.0,0.0,4.23,0.0629,2.25,0,0,0,1,0,0,Ministry of Coal,Coal,WCL - CIL,Maharashtra
615193,BASUNDHARA WEST EXTENSION OPEN,2026-04,479.15,0.0,281.57,58.7645,-0.05,-0.0178,67.58,0.23,0.3415,58.0,143.0,-85.0,2.4655,1.0,8.8155,0.8696,100.0,-32.42,4,5,0.23,1.58,-0.05,4.52,0.645,1.6175,0,0,0,1,0,0,Ministry of Coal,Coal,MCL - CIL,Odisha
615194,URDHAN EXPANSION OC COST PLUS,2026-07,206.88,6.0,50.69,24.5021,0.0,0.0,2.02,0.0,0.0,98.0,42.0,56.0,0.4286,0.0,-22.4821,12.1298,42.8571,-40.8371,7,8,0.0,0.0,0.0,23.37,0.2886,3.3571,0,0,0,0,0,0,Ministry of Coal,Coal,WCL - CIL,Madhya Pradesh
615195,SHARDA UG MINE,2026-07,166.25,14.0,5.93,3.5669,0.0,0.0,9.39,0.0,0.0,54.0,34.0,20.0,0.6296,0.0,5.8231,0.3799,62.963,-53.573,7,8,0.0,0.0,0.0,0.7,0.0557,0.2171,0,0,0,0,0,0,Ministry of Coal,Coal,WCL - CIL,Madhya Pradesh
615199,KOLGAON EXPANSION DEEP OC MINE,2026-07,198.71,8.0,25.08,12.6214,0.0,0.0,3.93,1.11,39.3617,42.0,34.0,8.0,0.8095,0.0,-8.6914,3.2116,80.9524,-77.0224,7,8,1.11,1.11,0.0,1.83,0.2757,1.7414,0,0,0,0,0,0,Ministry of Coal,Coal,WCL - CIL,Maharashtra
615202,Capacity expansion of Deposit-14 and 14 NMZ at Kirandul,2026-07,1700.0,11.0,292.01,17.1771,29.0,11.0262,23.09,4.79,26.1749,77.0,48.0,29.0,0.6234,0.0,5.9129,0.7439,62.3377,-39.2477,7,8,4.79,4.79,29.0,29.0,1.87,19.5629,0,0,0,0,0,0,Ministry of Steel,Metals & Mining,National Mineral Development Corporation Limited [NMDC],Chhattisgarh
615206,GANDHIGRAM UG MINE,2026-07,414.15,0.0,28.54,6.8912,6.38,28.7906,56.88,0.0,0.0,79.0,83.0,-4.0,1.0506,1.0,49.9888,0.1212,100.0,-43.12,7,8,0.0,0.0,6.38,6.43,0.1257,1.5,0,0,0,1,0,0,Ministry of Coal,Coal,WCL - CIL,Madhya Pradesh
615327,50 MW Solar PP Minedout Area,2026-04,218.03,6.0,169.95,77.948,0.0,0.0,100.0,0.0,0.0,13.0,26.0,-13.0,2.0,1.0,22.052,0.7795,100.0,0.0,4,5,0.0,0.0,0.0,3.4,3.75,1.1125,0,0,0,1,0,0,Ministry of Coal,Electricity Generation,NLC India Limited [NLCIL],Tamil Nadu
615330,BALLARPUR NORTH WEST OC MINE,2026-07,360.81,0.0,26.97,7.4748,0.0,0.0,5.35,0.0,0.0,75.0,43.0,32.0,0.5733,0.0,-2.1248,1.3972,57.3333,-51.9833,7,8,0.0,0.18,0.0,5.73,0.1929,3.85,0,0,0,0,0,0,Ministry of Coal,Coal,WCL - CIL,Maharashtra
615331,GADEGAON OC 3 MTY,2026-07,497.41,0.0,95.69,19.2377,8.97,10.3436,2.19,0.0,0.0,77.0,33.0,44.0,0.4286,0.0,-17.0477,8.7843,42.8571,-40.6671,7,8,0.0,0.0,8.97,51.43,0.3129,13.6586,0,0,0,0,0,0,Ministry of Coal,Coal,WCL - CIL,Maharashtra
615332,Transmission System for Evacuation of Power from Rajasthan REZ Ph-IV [Part-2 5.5 GW][Jaisalmer/Barmer Complex] Part B [SPV Name POWERGRID Sirohi Transmission Limited],2026-07,3279.0,0.0,1901.82,58.0,110.83,6.1882,56.15,3.32,6.2843,24.0,23.0,1.0,0.9583,0.0,-1.85,1.0329,95.8333,-39.6833,7,8,3.32,6.42,110.83,360.69,3.45,91.6814,0,0,0,0,0,0,Ministry of Power,Transmission & Distribution,Power Grid Corporation of India Limited [POWERGRID],Rajasthan
615333,Transmission System for Evacuation of Power from Rajasthan REZ Ph-IV [Part-2 5.5 GW] [Jaisalmer/Barmer Complex] Part D [SPV Name POWERGRID Beawar Mandsaur Transmission Limited],2026-07,2227.0,0.0,1113.5,50.0,89.08,8.6957,49.31,2.6,5.5663,24.0,23.0,1.0,0.9583,0.0,-0.69,1.014,95.8333,-46.5233,7,8,2.6,4.57,89.08,133.62,2.9014,38.1829,0,0,0,0,0,0,Ministry of Power,Transmission & Distribution,Power Grid Corporation of India Limited [POWERGRID],"Multi-States
(Madhya Pradesh,
Rajasthan)"
615334,Transmission System for Evacuation of Power from Rajasthan REZ Ph-IV [Part-2 5.5 GW] [Jaisalmer/Barmer Complex] Part E [SPV Name POWERGRID Mewar Transmission Limited],2026-07,3251.0,0.0,2048.13,63.0,0.0,0.0,46.87,2.54,5.7298,24.0,23.0,1.0,0.9583,0.0,-16.13,1.3441,95.8333,-48.9633,7,8,2.54,4.6,0.0,455.14,2.1243,120.7543,0,0,0,0,0,0,Ministry of Power,Transmission & Distribution,Power Grid Corporation of India Limited [POWERGRID],"Multi-States
(Madhya Pradesh,
Rajasthan)"
615335,Transmission System Strengthening for Interconnections of Bhadla-III & Bikaner III Complex [SPV Name POWERGRID BHADLA BIKANER TRANSMISSION LIMITED],2026-07,1382.0,0.0,628.81,45.5,38.7,6.5581,57.31,8.48,17.3664,24.0,23.0,1.0,0.9583,0.0,11.81,0.7939,95.8333,-38.5233,7,8,8.48,12.7,38.7,62.19,5.6157,48.39,0,0,0,0,0,0,Ministry of Power,Transmission & Distribution,Power Grid Corporation of India Limited [POWERGRID],Rajasthan
615336,Transmission system for evacuation of Power from REZ in Rajasthan [20 GW] under phase-III Part-D Phase-II,2026-07,284.0,11.0,90.88,32.0,12.38,15.7707,45.94,12.31,36.6042,16.0,21.0,-5.0,1.3125,1.0,13.94,0.6966,100.0,-54.06,3,4,12.31,27.03,12.38,25.56,12.73,22.72,0,0,0,1,0,0,Ministry of Power,Transmission & Distribution,Power Grid Corporation of India Limited [POWERGRID],Delhi
615337,Additional Transmission System for evacuation of Power from Bhadla-III PS as part of Rajasthan REZ Phase III Scheme [20 GW] [SPV Name POWERGRID Bhadla-III Power Transmission Limited],2026-07,369.0,0.0,258.3,70.0,29.52,12.9032,87.1,5.0,6.0901,18.0,23.0,-5.0,1.2778,1.0,17.1,0.8037,100.0,-12.9,7,8,5.0,17.8,29.52,36.9,7.0143,18.4014,0,0,0,1,0,0,Ministry of Power,Transmission & Distribution,Power Grid Corporation of India Limited [POWERGRID],Rajasthan
615338,TRANSMISSION SYSTEM FOR EVACUATION OF POWER FROM RAJASTHAN REZ PH -IV [PART-2 5.5 GW] [JAISALMER/BARMER COMPLEX] PART F [SPV Name POWERGRID BARMER I TRANSMISSION LIMITED],2026-07,2735.0,0.0,1121.35,41.0,21.06,1.914,47.28,4.28,9.9535,24.0,20.0,4.0,0.8333,0.0,6.28,0.8672,83.3333,-36.0533,7,8,4.28,10.1,21.06,191.45,3.6114,66.4714,0,0,0,0,0,0,Ministry of Power,Transmission & Distribution,Power Grid Corporation of India Limited [POWERGRID],Rajasthan
615339,Transmission system for evacuation of power from Rajasthan REZ Ph-IV [Part- 3/6GW] [Bikaner complex] Part A [SPV Name POWERGRID Bikaner IV Transmission Limited],2026-07,5969.0,0.0,1969.77,33.0,89.54,4.7622,33.3,2.7,8.8235,24.0,20.0,4.0,0.8333,0.0,0.3,0.991,83.3333,-50.0333,7,8,2.7,5.38,89.54,537.21,2.7571,161.8186,0,0,0,0,0,0,Ministry of Power,Transmission & Distribution,Power Grid Corporation of India Limited [POWERGRID],"Multi-States
(Haryana, Punjab,
Rajasthan)"
615340,TRANSMISSION SYSTEM FOR EVACUATION OF POWER FROM RAJASTHAN REZ PH-IV [PART-3/ 6 GW] [BIKANER COMPLEX] PART B [SPV Name POWERGRID Siwani Transmission Limited],2026-07,5357.0,0.0,1921.02,35.86,108.21,5.9692,36.53,2.52,7.4096,24.0,20.0,4.0,0.8333,0.0,0.67,0.9817,83.3333,-46.8033,7,8,2.52,5.11,108.21,474.63,2.2186,162.2086,0,0,0,0,0,0,Ministry of Power,Transmission & Distribution,Power Grid Corporation of India Limited [POWERGRID],"Multi-States
(Haryana,
Rajasthan)"
615342,Augmentation of Transformation Capacity at jam Khambhaliya PS [GIS] [SPV Name POWERGRID Jam Khambhaliya Transmission Limited],2026-07,329.0,0.0,72.38,22.0,20.4,39.2459,33.0,15.0,83.3333,21.0,21.0,0.0,1.0,0.0,11.0,0.6667,100.0,-67.0,7,8,15.0,16.5,20.4,29.61,4.0,8.2443,0,0,0,0,0,0,Ministry of Power,Transmission & Distribution,Power Grid Corporation of India Limited [POWERGRID],Gujarat
615343,Provision of Dynamic Reactive Compensation at Khavda pooling Station 1 [KPS1] and Khavda Pooling station 3 [KPS3],2026-07,501.0,0.0,26.45,5.2794,1.4,5.5888,8.67,0.0,0.0,24.0,20.0,4.0,0.8333,0.0,3.3906,0.6089,83.3333,-74.6633,7,8,0.0,1.34,1.4,1.4,0.9529,2.62,0,0,0,0,0,0,Ministry of Power,Transmission & Distribution,Power Grid Corporation of India Limited [POWERGRID],Gujarat
615344,Transmission System for Evacuation of Power from Rajasthan REZ Ph-IV [Part-2 5.5GW] [Jaisalmer/Barmer Complex] Part H1 [POWERGRID KURAWAR TRANSMISSION LIMITED],2026-07,3674.0,0.0,1673.14,45.54,35.64,2.1765,47.9,2.4,5.2747,24.0,21.0,3.0,0.875,0.0,2.36,0.9507,87.5,-39.6,7,8,2.4,4.74,35.64,203.54,3.4143,81.88,0,0,0,0,0,0,Ministry of Power,Transmission & Distribution,Power Grid Corporation of India Limited [POWERGRID],Madhya Pradesh
615345,Transmission System for Evacuation of Power from Potential Renewable Energy Zone in Khavda area of Gujarat under Phase-IV [7GW] Part B [SPV Name POWERGRID South Olpad Transmission Limited],2026-07,4766.0,0.0,2144.7,45.0,33.36,1.58,38.26,1.69,4.6213,24.0,21.0,3.0,0.875,0.0,-6.74,1.1762,87.5,-49.24,7,8,1.69,6.78,33.36,810.22,3.7514,156.5914,0,0,0,0,0,0,Ministry of Power,Transmission & Distribution,Power Grid Corporation of India Limited [POWERGRID],Gujarat
615346,Transmission System for Evacuation of Power from Rajasthan REZ Ph-IV [Part-2 5.5 GW] [Jaisalmer/Barmer Complex] Part C [SPV Name POWERGRID Mandsaur Transmission Limited],2026-07,2708.0,0.0,1624.8,60.0,54.16,3.4483,72.39,1.43,2.0152,24.0,23.0,1.0,0.9583,0.0,12.39,0.8288,95.8333,-23.4433,7,8,1.43,4.27,54.16,81.24,3.6271,73.5114,0,0,0,0,0,0,Ministry of Power,Transmission & Distribution,Power Grid Corporation of India Limited [POWERGRID],Madhya Pradesh
615347,TRANSMISSION SYSTEM FOR EVACUATION OF POWER FROM POTENTIAL RENEWABLE ENERGY ZONE IN KHAVDA AREA OF GUJARAT UNDER PHASE-V [8 GW] PART A [SPV Name POWERGRID West Central Transmission Limited],2026-07,24819.0,0.0,2978.28,12.0,0.0,0.0,18.56,0.45,2.4848,54.0,20.0,34.0,0.3704,0.0,6.56,0.6466,37.037,-18.477,7,8,0.45,1.83,0.0,0.0,1.9371,141.7571,0,0,0,0,0,0,Ministry of Power,Transmission & Distribution,Power Grid Corporation of India Limited [POWERGRID],"Multi-States
(Gujarat,
Maharashtra)"
615349,TAPIN SOUTH EXPN,2026-07,230.41,0.0,22.02,9.5569,-18.0,-44.9775,23.67,0.0,0.0,88.0,68.0,20.0,0.7727,0.0,14.1131,0.4038,77.2727,-53.6027,7,8,0.0,0.43,-18.0,0.0,0.3814,0.0,0,0,0,0,0,0,Ministry of Coal,Coal,CCL - CIL,Jharkhand
615818,Jawahar Khani Open Cast Mine,2026-07,297.88,0.0,50.39,16.9162,0.0,0.0,20.0,0.0,0.0,39.0,55.0,-16.0,1.4103,1.0,3.0838,0.8458,100.0,-80.0,7,8,0.0,0.0,0.0,1.64,0.0,0.4757,0,0,0,1,0,0,Ministry of Coal,Coal,Singareni Collieries Company Limited [SCCL],Telangana
615820,TIKAK EXTENSION OCP,2026-07,159.77,0.0,112.69,70.5326,-0.11,-0.0975,89.73,0.0,0.0,108.0,48.0,60.0,0.4444,0.0,19.1974,0.7861,44.4444,45.2856,7,8,0.0,0.73,-0.11,0.22,0.2471,4.46,0,0,0,0,0,0,Ministry of Coal,Coal,INVALID CO.,Assam
615821,TIRAP OCP,2026-07,289.46,0.0,105.66,36.5025,0.0,0.0,5.0,-0.26,-4.943,96.0,44.0,52.0,0.4583,0.0,-31.5025,7.3005,45.8333,-40.8333,7,8,-0.26,1.7,0.0,0.01,0.2857,0.0071,0,0,0,0,0,0,Ministry of Coal,Coal,INVALID CO.,Assam
615822,SIRKA OC,2026-07,183.18,0.0,89.92,49.0883,-190.11,-67.8892,56.47,0.0,0.0,94.0,74.0,20.0,0.7872,0.0,7.3817,0.8693,78.7234,-22.2534,7,8,0.0,0.45,-190.11,-50.8,0.4957,-7.2371,0,0,0,0,0,0,Ministry of Coal,Coal,CCL - CIL,Jharkhand
615843,TETARIAKHAR OC,2026-07,232.64,0.0,50.82,21.8449,0.0,0.0,30.06,0.0,0.0,64.0,80.0,-16.0,1.25,1.0,8.2151,0.7267,100.0,-69.94,7,8,0.0,0.16,0.0,0.0,0.1514,0.1829,0,0,0,1,0,0,Ministry of Coal,Coal,CCL - CIL,Jharkhand
615857,Naini Coal Mine,2026-07,494.3,0.0,491.33,99.3992,0.0,0.0,80.0,0.0,0.0,72.0,76.0,-4.0,1.0556,1.0,-19.3992,1.2425,100.0,-20.0,7,8,0.0,0.0,0.0,0.0,0.0,0.0,0,0,0,1,0,0,Ministry of Coal,Coal,Singareni Collieries Company Limited [SCCL],Odisha
615858,Kalyanikhani Opencast Project,2026-07,384.32,14.0,304.39,79.2022,2.83,0.9385,77.0,1.0,1.3158,106.0,110.0,-4.0,1.0377,1.0,-2.2022,1.0286,100.0,-23.0,7,8,1.0,1.0,2.83,9.18,0.2857,2.7786,0,0,0,1,0,0,Ministry of Coal,Coal,Singareni Collieries Company Limited [SCCL],Telangana
615860,Godavarikhani Coal Mine - 5,2026-07,607.04,-2.0,201.0,33.1115,0.17,0.0846,71.0,0.0,0.0,70.0,86.0,-16.0,1.2286,1.0,37.8885,0.4664,100.0,-29.0,7,8,0.0,0.0,0.17,0.88,0.0,0.6186,0,0,0,1,0,0,Ministry of Coal,Coal,Singareni Collieries Company Limited [SCCL],Telangana
615861,Indaram Opencast Project,2026-07,424.81,64.0,408.69,96.2054,0.4,0.098,81.0,0.0,0.0,27.0,43.0,-16.0,1.5926,1.0,-15.2054,1.1877,100.0,-19.0,7,8,0.0,0.0,0.4,1.87,0.1429,0.51,0,0,0,1,0,0,Ministry of Coal,Coal,Singareni Collieries Company Limited [SCCL],Telangana
615862,Goleti Opencast Mine,2026-07,345.6,1.0,111.94,32.39,0.0,0.0,33.0,0.0,0.0,55.0,59.0,-4.0,1.0727,1.0,0.61,0.9815,100.0,-67.0,7,8,0.0,0.0,0.0,0.0,1.7143,4.5286,0,0,0,1,0,0,Ministry of Coal,Coal,Singareni Collieries Company Limited [SCCL],Telangana
615863,Venkatesh Khani Coal Mine,2026-07,484.5,-4.0,477.14,98.4809,0.0,0.0,97.0,0.0,0.0,69.0,73.0,-4.0,1.058,1.0,-1.4809,1.0153,100.0,-3.0,7,8,0.0,0.0,0.0,0.0,0.0,0.0,0,0,0,1,0,0,Ministry of Coal,Coal,Singareni Collieries Company Limited [SCCL],Telangana
615865,Kakatiyakhani OC - 2 Project,2026-07,442.42,1.0,253.41,57.2782,0.02,0.0079,64.0,1.0,1.5873,90.0,106.0,-16.0,1.1778,1.0,6.7218,0.895,100.0,-36.0,7,8,1.0,1.0,0.02,0.26,0.1429,3.2886,0,0,0,1,0,0,Ministry of Coal,Coal,Singareni Collieries Company Limited [SCCL],Telangana
615914,GHONSA EXPANSION DEEP OC MINE,2026-07,184.71,1.0,15.72,8.5106,0.0,0.0,12.98,0.0,0.0,95.0,63.0,32.0,0.6632,0.0,4.4694,0.6557,66.3158,-53.3358,7,8,0.0,0.11,0.0,0.0,1.14,0.12,0,0,0,0,0,0,Ministry of Coal,Coal,WCL - CIL,Maharashtra
615915,Rourkela-Bondamunda A-Cabin 5th line 10 km Umbrella work PB57/2019-20/NR,2026-07,244.99,15.0,155.23,63.3618,9.16,6.271,45.0,0.0,0.0,9.0,31.0,-22.0,3.4444,1.0,-18.3618,1.408,100.0,-55.0,3,4,0.0,0.0,9.16,9.16,4.6667,19.9367,0,0,0,1,0,0,Ministry of Railways,Railways,CAO/C/SER SER mor,Odisha
615916,AMLG GAURI PAUNI EXPANSION OC,2026-07,1225.21,0.0,92.02,7.5105,0.19,0.2069,4.21,0.0,0.0,71.0,27.0,44.0,0.3803,0.0,-3.3005,1.784,38.0282,-33.8182,7,8,0.0,0.0,0.19,3.21,0.3157,1.6971,0,0,0,0,0,0,Ministry of Coal,Coal,WCL - CIL,Maharashtra
615917,GAURIDEEP/GAURI CENTRAL OCP 7.,2026-07,973.07,10.0,1.55,0.1593,0.0,0.0,2.31,0.0,0.0,69.0,25.0,44.0,0.3623,0.0,2.1507,0.069,36.2319,-33.9219,7,8,0.0,0.0,0.0,0.0,0.33,0.1257,0,0,0,0,0,0,Ministry of Coal,Coal,WCL - CIL,Maharashtra
615918,RPR OF BHANEGAON OC,2026-07,405.2,67.0,43.16,10.6515,0.06,0.1392,16.06,0.0,0.0,66.0,46.0,20.0,0.697,0.0,5.4085,0.6632,69.697,-53.637,7,8,0.0,0.09,0.06,6.97,1.2943,4.36,0,0,0,0,0,0,Ministry of Coal,Coal,WCL - CIL,Maharashtra
615919,N. EXTN. MUNGOLI NIRGUDA D OCP,2026-07,1024.91,0.0,218.26,21.2955,-0.1,-0.0458,27.92,0.0,0.0,57.0,25.0,32.0,0.4386,0.0,6.6245,0.7627,43.8596,-15.9396,7,8,0.0,0.0,-0.1,0.91,3.9886,6.0571,0,0,0,0,0,0,Ministry of Coal,Coal,WCL - CIL,Maharashtra
615982,NILJAI EXPANSION DEEP OCP,2026-07,319.75,0.0,196.82,61.5543,0.0,0.0,79.83,0.0,0.0,67.0,119.0,-52.0,1.7761,1.0,18.2757,0.7711,100.0,-20.17,7,8,0.0,0.0,0.0,-0.04,0.1186,1.3886,0,0,0,1,0,0,Ministry of Coal,Coal,WCL - CIL,Maharashtra
616044,UKNI DEEP OC MINE -COST PLUS,2026-07,237.06,2.0,168.91,71.252,0.71,0.4221,94.57,0.0,0.0,26.0,90.0,-64.0,3.4615,1.0,23.318,0.7534,100.0,-5.43,7,8,0.0,0.82,0.71,0.91,1.0814,0.4429,0,0,0,1,0,0,Ministry of Coal,Coal,WCL - CIL,Maharashtra
616050,AMALGAMATED INDER-KAMPTEE DEEP,2026-07,235.9,0.0,128.49,54.468,0.26,0.2028,98.97,0.0,0.0,66.0,94.0,-28.0,1.4242,1.0,44.502,0.5503,100.0,-1.03,7,8,0.0,0.0,0.26,1.07,0.1386,-0.5371,0,0,0,1,0,0,Ministry of Coal,Coal,WCL - CIL,Maharashtra
616221,"Extension of Aqua Line Metro Corridor from Noida Sector-142 station to Botanical Garden, Noida of Noida Metro Rail Corporation",2026-07,2254.35,0.0,0.0,0.0,0.0,,0.0,0.0,,48.0,4.0,44.0,0.0833,0.0,0.0,,8.3333,-8.3333,2,3,0.0,0.0,0.0,0.0,0.0,0.0,0,0,0,0,0,0,Ministry of Housing & Urban Affairs,Urban Public Transport,Noida Metro Rail Corporation Ltd. [NMRCL],Uttar Pradesh
616223,ADASA UG TO OC MINE,2026-07,316.0,0.0,209.29,66.231,0.0,0.0,86.49,0.0,0.0,64.0,92.0,-28.0,1.4375,1.0,20.259,0.7658,100.0,-13.51,7,8,0.0,0.0,0.0,0.01,0.07,0.08,0,0,0,1,0,0,Ministry of Coal,Coal,WCL - CIL,Maharashtra
616225,CHUPERBHITA SIMLONG OCP MDO 6,2026-07,979.08,0.0,0.0,0.0,0.0,,0.05,0.0,0.0,159.0,31.0,128.0,0.195,0.0,0.05,0.0,19.4969,-19.4469,7,8,0.0,0.0,0.0,0.0,0.0071,0.0,0,0,0,0,0,0,Ministry of Coal,Coal,ECL - CIL,Jharkhand
616226,INTEGRATED KULDA GARJANBAHAL O,2026-07,3563.5,0.0,692.76,19.4404,40.06,6.1376,10.43,0.19,1.8555,119.0,39.0,80.0,0.3277,0.0,-9.0104,1.8639,32.7731,-22.3431,7,8,0.19,2.04,40.06,11.55,1.0614,12.6643,0,0,0,0,0,0,Ministry of Coal,Coal,MCL - CIL,Odisha
616227,3rd line between Chandil - Anara- Damodar section 121.26 km,2026-07,1932.01,0.0,9.07,0.4695,5.1,128.4635,0.0,0.0,,60.0,22.0,38.0,0.3667,0.0,-0.4695,,36.6667,-36.6667,7,8,0.0,0.0,5.1,5.1,0.0,1.2257,0,0,0,0,0,0,Ministry of Railways,Railways,CAO/C/SER SER mor,"Multi-States
(Jharkhand, West
Bengal)"
616229,AMAL GONDEGAON GHATROHANA EXPN,2026-07,668.54,0.0,2.95,0.4413,0.0,0.0,2.55,0.0,0.0,54.0,22.0,32.0,0.4074,0.0,2.1087,0.173,40.7407,-38.1907,7,8,0.0,0.03,0.0,0.0,0.3643,0.2514,0,0,0,0,0,0,Ministry of Coal,Coal,WCL - CIL,Maharashtra
616230,PARASCOLE JAMBAD OCP,2026-07,1193.55,0.0,11.81,0.9895,0.0,0.0,0.23,0.0,0.0,148.0,20.0,128.0,0.1351,0.0,-0.7595,4.3021,13.5135,-13.2835,7,8,0.0,0.0,0.0,0.39,0.0329,0.13,0,0,0,0,0,0,Ministry of Coal,Coal,ECL - CIL,West Bengal
616231,BHUBANESWARI EXPN OCP 50 MTY,2026-07,5366.27,0.0,477.73,8.9025,0.3,0.0628,34.03,0.07,0.2061,108.0,28.0,80.0,0.2593,0.0,25.1275,0.2616,25.9259,8.1041,7,8,0.07,0.97,0.3,-0.11,0.7186,0.7571,0,0,0,0,0,0,Ministry of Coal,Coal,MCL - CIL,Odisha
616232,HINGULA II OC EXPN PH III 15 M,2026-07,1561.85,0.0,284.22,18.1977,4.9,1.7543,33.55,2.5,8.0515,76.0,44.0,32.0,0.5789,0.0,15.3523,0.5424,57.8947,-24.3447,7,8,2.5,3.47,4.9,4.9,1.3643,1.3214,0,0,0,0,0,0,Ministry of Coal,Coal,MCL - CIL,Odisha
616233,BALABHADRA OCP,2026-07,978.44,0.0,461.54,47.171,209.99,83.4784,18.93,0.72,3.9539,83.0,39.0,44.0,0.4699,0.0,-28.241,2.4919,46.988,-28.058,7,8,0.72,2.93,209.99,209.99,0.99,35.2829,0,0,0,0,0,0,Ministry of Coal,Coal,MCL - CIL,Odisha
616234,PELMA OC MDO,2026-07,1725.04,0.0,16.71,0.9687,0.0,0.0,23.75,-16.59,-41.1254,125.0,45.0,80.0,0.36,0.0,22.7813,0.0408,36.0,-12.25,7,8,-16.59,-16.59,0.0,0.0,-2.3214,0.15,0,0,0,0,0,0,Ministry of Coal,Coal,SECL - CIL,Chhattisgarh
616235,Construction of Aviation Fuel farm Facilities at Bhogapuram Airport,2026-02,240.0,0.0,147.75,61.5625,1.58,1.0809,95.0,4.0,4.3956,19.0,18.0,1.0,0.9474,0.0,33.4375,0.648,94.7368,0.2632,2,3,4.0,6.0,1.58,12.81,3.0,6.405,0,0,0,0,0,0,Ministry of Petroleum & Natural Gas,Energy Storage,Ministry of Petroleum & Natural Gas,Andhra Pradesh
616236,JARANGDIH EXPN. OCP 1.5 MTY,2026-07,372.06,0.0,85.6,23.007,0.0,0.0,32.99,0.16,0.4874,109.0,77.0,32.0,0.7064,0.0,9.983,0.6974,70.6422,-37.6522,7,8,0.16,0.37,0.0,0.0,-0.0014,0.0,0,0,0,0,0,0,Ministry of Coal,Coal,CCL - CIL,Jharkhand
616253,BLOCK E OCP,2026-07,5850.83,0.0,20.32,0.3473,0.0,0.0,4.18,0.0,0.0,60.0,28.0,32.0,0.4667,0.0,3.8327,0.0831,46.6667,-42.4867,7,8,0.0,0.0,0.0,0.0,0.1686,0.0,0,0,0,0,0,0,Ministry of Coal,Coal,BCCL - CIL,Jharkhand
616254,Visakh Raipur Pipeline Project,2026-07,2212.0,0.0,570.0,25.7685,20.79,3.7854,38.4,1.3,3.504,36.0,22.0,14.0,0.6111,0.0,12.6315,0.6711,61.1111,-22.7111,7,8,1.3,3.0,20.79,30.35,2.4857,63.1943,0,0,0,0,0,0,Ministry of Petroleum & Natural Gas,Oil & Gas,Hindustan Petroleum Corporation Limited,"Multi-States
(Chhattisgarh,
Odisha)"
616586,Bangriposi - Gorumahisani 85.60 km PB9/SECR/2023-24,2026-07,2269.49,0.0,7.31,0.3221,0.17,2.381,2.0,2.0,,64.0,23.0,41.0,0.3594,0.0,1.6779,0.161,35.9375,-33.9375,7,8,2.0,2.0,0.17,0.17,0.2857,0.4557,0,0,0,0,0,0,Ministry of Railways,Railways,CAO/C/SER SER mor,"Multi-States
(Odisha, West
Bengal)"
616587,Badampahar-Kendujhargarh new line [82.06 km],2026-06,1875.72,13.0,2.35,0.1253,0.0,0.0,0.0,0.0,,51.0,9.0,42.0,0.1765,0.0,-0.1253,,17.6471,-17.6471,6,7,0.0,0.0,0.0,0.2,0.0,0.2033,0,0,0,0,0,0,Ministry of Railways,Railways,CAO/C/SER,Odisha
616588,Buramara - Chakulia 59.96 km PB9/SECR/2023-24,2026-07,1459.13,0.0,11.7,0.8018,2.54,27.7293,2.0,2.0,,64.0,23.0,41.0,0.3594,0.0,1.1982,0.4009,35.9375,-33.9375,7,8,2.0,2.0,2.54,2.54,0.2857,1.0029,0,0,0,0,0,0,Ministry of Railways,Railways,CAO/C/SER SER mor,"Multi-States
(Jharkhand,
Odisha, West
Bengal)"
616594,Interception & Diversion with Rehabilitation of sewerage scheme at Agra under Hybrid annuity based PPP model-Namami Gange Programme,2026-07,842.25,35.0,208.64,24.7717,0.0,0.0,84.0,0.0,0.0,24.0,39.0,-15.0,1.625,1.0,59.2283,0.2949,100.0,-16.0,7,8,0.0,1.0,0.0,0.0,1.0,0.0,0,0,0,1,0,0,"Department of Water Resources, River Development & GR",Waste & Water,National Mission for Clean Ganga,Uttar Pradesh
616600,Interception and Diversion and STP works in Bhagalpur under Hybrid annuity based PPP mode-Namami Gange Programme,2026-07,413.29,53.0,126.67,30.6492,0.0,0.0,97.0,0.0,0.0,35.0,52.0,-17.0,1.4857,1.0,66.3508,0.316,100.0,-3.0,7,8,0.0,0.0,0.0,0.0,0.0,0.0,0,0,0,1,0,0,"Department of Water Resources, River Development & GR",Waste & Water,National Mission for Clean Ganga,Bihar
616604,Pollution Abatement works for River Ganga at Hooghly Chinsurah- Municipal Town Interception & Diversion with STP,2026-07,154.73,43.0,102.04,65.9471,0.0,0.0,94.0,0.0,0.0,39.0,55.0,-16.0,1.4103,1.0,28.0529,0.7016,100.0,-6.0,7,8,0.0,1.0,0.0,5.87,0.2857,0.8386,0,0,0,1,0,0,"Department of Water Resources, River Development & GR",Waste & Water,National Mission for Clean Ganga,West Bengal
616605,Pollution Abatement Works for River Kali Meerut under Meerut Municipality Interception & Diversion with STP,2026-07,690.71,54.0,34.79,5.0368,0.0,0.0,57.0,1.0,1.7857,1.0,20.0,-19.0,20.0,1.0,51.9632,0.0884,100.0,-43.0,7,8,1.0,1.0,0.0,0.0,2.2857,0.0,0,0,0,1,0,0,"Department of Water Resources, River Development & GR",Waste & Water,National Mission for Clean Ganga,Uttar Pradesh
616611,Sewage Treatment Plant 100MLD and Sewerage Network 288 km in Digha-Patna under Hybrid annuity based PPP mode-Namami Gange Programme,2026-07,824.0,23.0,403.34,48.949,0.0,0.0,59.0,0.0,0.0,77.0,84.0,-7.0,1.0909,1.0,10.051,0.8296,100.0,-41.0,7,8,0.0,2.0,0.0,6.63,0.4286,0.9471,0,0,0,1,0,0,"Department of Water Resources, River Development & GR",Waste & Water,National Mission for Clean Ganga,Bihar
616612,Sewage Treatment Plant 50MLD and Sewerage Network 150 km in Kankarbagh Patna under Hybrid annuity based PPP mode Namami Gange Programme,2026-07,578.89,23.0,174.61,30.1629,2.82,1.6415,55.0,0.0,0.0,77.0,84.0,-7.0,1.0909,1.0,24.8371,0.5484,100.0,-45.0,7,8,0.0,1.0,2.82,2.82,0.1429,0.4029,0,0,0,1,0,0,"Department of Water Resources, River Development & GR",Waste & Water,NMCG1,Bihar
616615,"Sewer Network, SPS and STP at Begusarai",2026-07,230.06,96.0,261.82,113.8051,0.0,0.0,97.0,0.0,0.0,85.0,100.0,-15.0,1.1765,1.0,-16.8051,1.1732,100.0,-3.0,7,8,0.0,0.0,0.0,0.0,0.0,0.0,0,0,0,1,0,0,"Department of Water Resources, River Development & GR",Waste & Water,National Mission for Clean Ganga,Bihar
616616,"Sewer Networks, SPS and STP at Hajipur",2026-07,305.19,96.0,346.46,113.5227,0.0,0.0,95.0,0.0,0.0,87.0,100.0,-13.0,1.1494,1.0,-18.5227,1.195,100.0,-5.0,7,8,0.0,0.0,0.0,0.0,0.0,0.0,0,0,0,1,0,0,"Department of Water Resources, River Development & GR",Waste & Water,National Mission for Clean Ganga,Bihar
616670,Transmission System for evacuation of Power from Rajasthan REZ Ph-IV [Part-4 3.5 GW] Part A [SPV name POWERGRID Ghiror Transmission Limited],2026-07,5846.0,0.0,1953.73,33.4199,199.92,11.3992,40.71,3.04,8.0701,24.0,19.0,5.0,0.7917,0.0,7.2901,0.8209,79.1667,-38.4567,7,8,3.04,5.62,199.92,199.93,3.6729,172.7214,0,0,0,0,0,0,Ministry of Power,Transmission & Distribution,Power Grid Corporation of India Limited [POWERGRID],"Multi-States
(Rajasthan, Uttar
Pradesh)"
616671,Transmission System under ISTS for evacuation of Power from Kudankulam Unit-3&4 [2x1000 MW] [SPV Name POWERGRID Kudankulam Tarnsmission Limited],2026-07,548.0,0.0,208.24,38.0,0.0,0.0,23.78,3.29,16.0566,23.0,18.0,5.0,0.7826,0.0,-14.22,1.598,78.2609,-54.4809,7,8,3.29,3.99,0.0,87.68,1.6829,15.1114,0,0,0,0,0,0,Ministry of Power,Transmission & Distribution,Power Grid Corporation of India Limited [POWERGRID],Tamil Nadu
616672,System Strengthening at Koppal-II and GadagII for integration of RE generation projects [SPV Name POWERGRID Koppal Gadag Augmentation Transmission Limited],2026-07,1354.0,0.0,338.5,25.0,54.16,19.0476,38.07,3.47,10.0289,29.0,18.0,11.0,0.6207,0.0,13.07,0.6567,62.069,-23.999,7,8,3.47,10.42,54.16,54.16,4.5814,41.3357,0,0,0,0,0,0,Ministry of Power,Transmission & Distribution,Power Grid Corporation of India Limited [POWERGRID],Karnataka
616691,"Upgradation & Extension of ESIC Hospital and Construction of PG Hostel / Staff Housing for ESIC Hospital at Andheri, Mumbai",2026-07,260.13,6.0,216.46,83.2122,0.0,0.0,89.0,0.0,0.0,194.0,205.0,-11.0,1.0567,1.0,5.7878,0.935,100.0,-11.0,7,8,0.0,0.0,0.0,0.0,0.0,0.9057,0,0,0,1,0,0,Ministry of Labour and Employment,Healthcare,Employee's State Insurance Company [ESIC],Maharashtra
616694,Flyover between Siju & Paradeep coaching yard 7 km PB73/2023-24/NR,2026-07,200.77,6.0,55.91,27.8478,18.65,50.0537,0.0,-5.5,-100.0,57.0,33.0,24.0,0.5789,0.0,-27.8478,,57.8947,-57.8947,7,8,-5.5,-5.5,18.65,18.65,-0.2857,3.7014,0,0,0,0,0,0,Ministry of Railways,Railways,CAO/C/ECOR ECoR mor,Odisha
616695,Construction of Paradeep- Badabandha 3rd & 4th line 18.51 km PB34/ECOR/2023-24,2026-07,300.15,27.0,21.5,7.1631,19.03,770.4453,7.0,-3.5,-33.3333,36.0,8.0,28.0,0.2222,0.0,-0.1631,1.0233,22.2222,-15.2222,7,8,-3.5,-3.5,19.03,19.03,0.2857,3.0571,0,0,0,0,0,0,Ministry of Railways,Railways,CAO/C/ECOR ECoR mor,Odisha
616697,3rd & 4 th line Vadlapudi-Gate Jn. incl. tie line between Gangavaram Port- Visakhapatnam Steel Plant12.04 km PB73/2023-24/NR,2026-07,154.28,11.0,89.67,58.1216,20.08,28.8547,87.0,7.0,8.75,27.0,28.0,-1.0,1.037,1.0,28.8784,0.6681,100.0,-13.0,7,8,7.0,7.0,20.08,20.08,7.0,8.9429,0,0,0,1,0,0,Ministry of Railways,Railways,CAO/C/SCoR SCoR mor,Andhra Pradesh
616699,Multi tracking of Son Nagar-Andal 374.53 rkm & 814.38 tkm PB34/ECOR/2023-24,2026-07,12333.57,25.0,1152.79,9.3468,270.02,30.5878,3.0,-15.0,-83.3333,30.0,10.0,20.0,0.3333,0.0,-6.3468,3.1156,33.3333,-30.3333,7,8,-15.0,-15.0,270.02,270.02,-1.5714,92.1686,0,0,0,0,0,0,Ministry of Railways,Railways,CAO/Con/South/MHX ECR mor,"Multi-States
(Bihar, Jharkhand,
Uttar Pradesh,
West Bengal)"
616701,Lumding-Furkating section 140 km Umbrella work PB57/2019-20/NR,2026-07,2123.7,14.0,200.23,9.4284,59.17,41.9467,1.0,-11.5,-92.0,34.0,15.0,19.0,0.4412,0.0,-8.4284,9.4284,44.1176,-43.1176,7,8,-11.5,-11.5,59.17,59.17,0.1429,26.6414,0,0,0,0,0,0,Ministry of Railways,Railways,CAO/C-1/NFR NFR mor,Assam
616839,Gunupur - Therubali new line 73.62 km,2026-07,1165.89,21.0,1.95,0.1673,1.95,,0.0,0.0,,43.0,2.0,41.0,0.0465,0.0,-0.1673,,4.6512,-4.6512,3,4,0.0,0.0,1.95,1.95,0.0,0.65,0,0,0,0,0,0,Ministry of Railways,Railways,CAO/C/ECOR ECoR mor,Odisha
616841,Pushkar - Merta Katyasani 51.346 km,2026-07,799.64,6.0,242.08,30.2736,17.37,7.73,7.0,-1.0,-12.5,28.0,23.0,5.0,0.8214,0.0,-23.2736,4.3248,82.1429,-75.1429,7,8,-1.0,-1.0,17.37,30.47,0.1429,23.8043,0,0,0,0,0,0,Ministry of Railways,Railways,CAOC/NWR NWR mor,Rajasthan
616842,LUNI- SAMDARI- BHILDI DOUBLING,2026-07,3085.59,0.0,962.77,31.2021,0.0,0.0,36.0,0.0,0.0,41.0,29.0,12.0,0.7073,0.0,4.7979,0.8667,70.7317,-34.7317,7,8,0.0,0.0,0.0,126.84,3.2857,70.6243,0,0,0,0,0,0,Ministry of Railways,Railways,North Western Railway [NWR],"Multi-States
(Gujarat,
Rajasthan)"
616843,Ajmer-Chanderiya section 178.28 km Umbrella work PB57/2019-20/NR,2026-07,1634.79,7.0,560.17,34.2656,70.61,14.4232,23.0,1.0,4.5455,33.0,22.0,11.0,0.6667,0.0,-11.2656,1.4898,66.6667,-43.6667,7,8,1.0,1.0,70.61,112.53,2.0,50.95,0,0,0,0,0,0,Ministry of Railways,Railways,CAOC/NWR NWR mor,Rajasthan
616856,Doubling between Bhadrachalam Road and Dornakal,2026-06,770.12,20.0,87.94,11.419,0.0,0.0,0.06,0.0,0.0,48.0,14.0,34.0,0.2917,0.0,-11.359,190.3167,29.1667,-29.1067,6,7,0.0,0.01,0.0,0.01,0.01,6.5983,0,0,0,0,0,0,Ministry of Railways,Railways,South Central Railway [SCR] - II,Telangana
616857,Doubling between Motumari Vishnupuram 88.81 km and Rail over Rail RoR at Motumari 10.877 Km,2026-07,1595.55,17.0,327.62,20.5334,62.73,23.6815,22.0,19.95,973.1707,44.0,12.0,32.0,0.2727,0.0,1.4666,0.9333,27.2727,-5.2727,7,8,19.95,19.95,62.73,62.73,2.8571,40.23,0,0,0,0,0,0,Ministry of Railways,Railways,CAO/C/SCoR SCoR mor,"Multi-States
(Andhra Pradesh,
Telangana)"
616858,"Construction of Field Gas Gathering Station at Baghjan area for collection, processing & transportation of natural Gas to be produced from Baghjan Field",2026-07,430.76,0.0,348.65,80.9383,0.08,0.023,95.9,1.4,1.4815,39.0,67.0,-28.0,1.7179,1.0,14.9617,0.844,100.0,-4.1,7,8,1.4,2.5,0.08,1.68,0.9857,2.0071,0,0,0,1,0,0,Ministry of Petroleum & Natural Gas,Oil & Gas,Oil India Limited,Assam
616879,Demo Bio-ATF Project,2026-07,364.0,0.0,91.39,25.1071,5.83,6.8139,54.8,3.7,7.2407,34.0,28.0,6.0,0.8235,0.0,29.6929,0.4582,82.3529,-27.5529,7,8,3.7,6.9,5.83,13.09,4.1143,6.0,0,0,0,0,0,0,Ministry of Petroleum & Natural Gas,Oil & Gas,Mangalore Refinery and Petrochemicals Limited,Karnataka
616886,Delhi University Eastern Campus at Surajmal Vihar,2026-07,373.0,6.0,31.53,8.4531,1.4,4.6465,14.0,1.0,7.6923,19.0,16.0,3.0,0.8421,0.0,5.5469,0.6038,84.2105,-70.2105,7,8,1.0,1.0,1.4,1.4,0.5714,0.5571,0,0,0,0,0,0,Department of Higher Education,Education,Delhi University,Delhi
616933,Lube Modernization & Bottom Upgradation Project at Mumbai Refinery,2026-07,4679.0,0.0,314.9,6.7301,26.37,9.1394,14.1,1.8,14.6341,39.0,19.0,20.0,0.4872,0.0,7.3699,0.4773,48.7179,-34.6179,7,8,1.8,2.8,26.37,37.97,1.0143,13.2086,0,0,0,0,0,0,Ministry of Petroleum & Natural Gas,Oil & Gas,Hindustan Petroleum Corporation Limited,Maharashtra
616950,PRP-VIII [Group-A],2026-07,1589.4,0.0,629.46,39.6036,10.47,1.6915,60.2,0.6,1.0067,17.0,22.0,-5.0,1.2941,1.0,20.5964,0.6579,100.0,-39.8,7,8,0.6,1.4,10.47,47.79,4.3143,33.5157,0,0,0,1,0,0,Ministry of Petroleum & Natural Gas,Oil & Gas,Oil and Natural Gas Corporation Limited [ONGC],Offshore
616983,Kosamba Umarpada GC PROJECT,2026-07,467.58,0.0,70.54,15.0862,0.0,0.0,16.0,0.0,0.0,47.0,36.0,11.0,0.766,0.0,0.9138,0.9429,76.5957,-60.5957,3,4,0.0,0.0,0.0,0.0,0.0,0.0,0,0,0,0,0,0,Ministry of Railways,Railways,Ministry of Railways-,Gujarat
617068,"Augmentation of Transformation Capacity by 3x500 MVA, 400/220 KV ICTS [6th-8th] and 1x1500 MVA, 765/400 KV ICT [4th] at Bidar PS [SPV Name- POWERGRID Bidar Augmentation Transmission Limited]",2026-07,288.0,0.0,28.8,10.0,8.64,42.8571,18.75,0.75,4.1667,28.0,17.0,11.0,0.6071,0.0,8.75,0.5333,60.7143,-41.9643,7,8,0.75,11.55,8.64,8.64,2.25,3.0557,0,0,0,0,0,0,Ministry of Power,Transmission & Distribution,Power Grid Corporation of India Limited [POWERGRID],Karnataka
617069,Augmentation of Transformation Capacity at KPS1 [GIS] and KPS2 [GIS] [Phase-V Part B1 and Part B2 Scheme] [SPV Name- POWERGRID KPS1 and 2 Augmentation Transmission Limited],2026-07,466.0,0.0,154.9,33.2403,11.42,7.9593,37.0,0.0,0.0,24.0,17.0,7.0,0.7083,0.0,3.7597,0.8984,70.8333,-33.8333,7,8,0.0,7.0,11.42,43.06,5.1429,18.7014,0,0,0,0,0,0,Ministry of Power,Transmission & Distribution,Power Grid Corporation of India Limited [POWERGRID],Gujarat
617179,Transmission Scheme for evacuation of Power from Ratle HEP [850 MW] & kiru [624 MW] Part B,2026-07,218.6,0.0,3.72,1.7017,0.0,0.0,1.7,0.0,0.0,24.0,24.0,0.0,1.0,0.0,-0.0017,1.001,100.0,-98.3,7,8,0.0,0.0,0.0,0.0,0.2429,0.1443,0,0,0,0,0,0,Ministry of Power,Transmission & Distribution,Power Grid Corporation of India Limited [POWERGRID],"Jammu and
Kashmir"
617181,"Augmentation at Fatehgarh-II PS, Fatehgarh-IV PS [Section-II] and Barmer-I PS [POWERGRID Fatehgarh Barmer Augmentation Transmission Limited]",2026-07,404.0,0.0,32.32,8.0,2.71,9.1523,17.2,0.8,4.878,21.0,16.0,5.0,0.7619,0.0,9.2,0.4651,76.1905,-58.9905,7,8,0.8,6.4,2.71,4.04,2.1714,1.7314,0,0,0,0,0,0,Ministry of Power,Transmission & Distribution,Power Grid Corporation of India Limited [POWERGRID],Rajasthan
617182,Augmentation of Banaskantha [Raghanesda] PS [GIS] [POWERGRID Banaskantha Transco Limited],2026-07,172.0,0.0,61.92,36.0,3.44,5.8824,42.0,3.0,7.6923,24.0,16.0,8.0,0.6667,0.0,6.0,0.8571,66.6667,-24.6667,7,8,3.0,4.8,3.44,3.44,3.2857,5.8971,0,0,0,0,0,0,Ministry of Power,Transmission & Distribution,Power Grid Corporation of India Limited [POWERGRID],Gujarat
617183,Transmission system strengthening at Kurnool- III PS for integration of additional RE generation projects [POWERGRID Kurnool III PS RE Transmission Limited],2026-07,2886.0,0.0,894.66,31.0,154.98,20.9523,43.89,2.21,5.3023,33.0,16.0,17.0,0.4848,0.0,12.89,0.7063,48.4848,-4.5948,7,8,2.21,14.55,154.98,173.16,5.6986,105.5457,0,0,0,0,0,0,Ministry of Power,Transmission & Distribution,Power Grid Corporation of India Limited [POWERGRID],Andhra Pradesh
617184,Transmission Scheme for integration of Davanagere/ Chitradurga and Bellary REZ in Karnataka [POWERGRID Chitradurga Bellary REZ Transmission Limited],2026-07,3453.0,0.0,552.48,16.0,69.06,14.2857,23.01,1.7,7.9775,30.0,16.0,14.0,0.5333,0.0,7.01,0.6953,53.3333,-30.3233,7,8,1.7,5.02,69.06,69.06,2.8586,69.06,0,0,0,0,0,0,Ministry of Power,Transmission & Distribution,Power Grid Corporation of India Limited [POWERGRID],Karnataka
617185,Transmission System for Integration of Kurnool-IV REZ Phase-I [for 4.5 GW] [POWERGRID Kurnool-IV Transmission Limited],2026-07,5550.0,0.0,1776.0,32.0,180.93,11.3431,28.77,3.89,15.635,24.0,16.0,8.0,0.6667,0.0,-3.23,1.1123,66.6667,-37.8967,7,8,3.89,8.85,180.93,832.5,3.5386,166.5714,0,0,0,0,0,0,Ministry of Power,Transmission & Distribution,Power Grid Corporation of India Limited [POWERGRID],"Multi-States
(Andhra Pradesh,
Karnataka)"
617186,Rajasthan REZ Ph-V [Part-1- 4 GW] [Sirohi/Nagaur] Complex [Rajasthan V Power Transmission Limited],2026-07,5028.0,0.0,1508.4,30.0,244.87,19.3798,34.03,2.54,8.0661,24.0,16.0,8.0,0.6667,0.0,4.03,0.8816,66.6667,-32.6367,7,8,2.54,5.98,244.87,402.24,3.5757,156.73,0,0,0,0,0,0,Ministry of Power,Transmission & Distribution,Power Grid Corporation of India Limited [POWERGRID],"Multi-States
(Madhya Pradesh,
Rajasthan)"
617188,"Sipat Super Thermal Power Project, Stage-III [1x800 MW]",2026-07,9791.0,0.0,1910.55,19.5133,114.73,6.3887,22.31,1.01,4.7418,60.0,22.0,38.0,0.3667,0.0,2.7967,0.8746,36.6667,-14.3567,7,8,1.01,2.45,114.73,223.62,2.0443,122.3286,0,0,0,0,0,0,Ministry of Power,Electricity Generation,National Thermal Power Corporation [NTPC],Chhattisgarh
617200,KHARSIA- NAYA RAIPUR-PARMALKASA 5th and 6th Line [278KM],2026-06,7853.84,0.0,0.64,0.0081,0.0,0.0,0.0,0.0,,71.0,14.0,57.0,0.1972,0.0,-0.0081,,19.7183,-19.7183,6,7,0.0,0.0,0.0,0.0,0.0,0.1067,0,0,0,0,0,0,Ministry of Railways,Railways,CAO/C/SECR,Chhattisgarh
617201,Gondia-Balharshah [Chanda Fort] Doubling [240 Km],2026-06,4373.04,0.0,1.79,0.0409,0.0,0.0,2.0,0.0,0.0,71.0,14.0,57.0,0.1972,0.0,1.9591,0.0205,19.7183,-17.7183,6,7,0.0,1.0,0.0,0.79,0.3333,0.25,0,0,0,0,0,0,Ministry of Railways,Railways,South East Central Railway,Maharashtra
617206,Delhi Metro Rail Phase-IV [Rithala - Kundli Corridor],2026-07,6230.99,0.0,800.48,12.8468,230.35,40.4031,5.36,2.34,77.4834,48.0,18.0,30.0,0.375,0.0,-7.4868,2.3968,37.5,-32.14,7,8,2.34,5.36,230.35,242.45,0.7657,104.0071,0,0,0,0,0,0,Ministry of Housing & Urban Affairs,Urban Public Transport,Delhi Metro Rail Corporation Limited [DMRC],"Multi-States (Delhi,
Haryana)"
617207,Delhi Metro Rail Phase-IV [2 Corridors],2026-07,8399.81,0.0,183.23,2.1814,26.54,16.9379,4.31,0.02,0.4662,60.0,28.0,32.0,0.4667,0.0,2.1286,0.5061,46.6667,-42.3567,7,8,0.02,0.51,26.54,62.98,0.6157,16.5857,0,0,0,0,0,0,Ministry of Housing & Urban Affairs,Urban Public Transport,Delhi Metro Rail Corporation Limited [DMRC],Delhi
617210,Tirupati-Pakala-Katpadi Doubling 104.39 Km Item83/NR/2024-25,2026-07,1215.56,0.0,0.0,0.0,-62.2,-100.0,0.0,-0.06,-100.0,48.0,15.0,33.0,0.3125,0.0,0.0,,31.25,-31.25,7,8,-0.06,-0.06,-62.2,-62.2,0.0,-0.0171,0,0,0,0,0,0,Ministry of Railways,Railways,CAO/C/SCoR SCoR mor,"Multi-States
(Andhra Pradesh,
Tamil Nadu)"
617211,Doubling of Guntur Bibinagar 239 Km,2026-06,2853.23,0.0,357.74,12.5381,0.0,0.0,2.6,0.0,0.0,67.0,34.0,33.0,0.5075,0.0,-9.9381,4.8223,50.7463,-48.1463,6,7,0.0,0.1,0.0,8.79,0.1,41.78,0,0,0,0,0,0,Ministry of Railways,Railways,South Central Railway [SCR] - II,"Multi-States
(Andhra Pradesh,
Telangana)"
617212,Doubling between Mudkhed Medchal & Mahbubnagar Dhone section 417.88 Km,2026-06,4686.09,0.0,640.06,13.6587,0.0,0.0,21.0,0.0,0.0,67.0,34.0,33.0,0.5075,0.0,7.3413,0.6504,50.7463,-29.7463,6,7,0.0,18.92,0.0,-1297.96,3.1667,-68.01,0,0,0,0,0,0,Ministry of Railways,Railways,South Central Railway [SCR] - II,"Multi-States
(Andhra Pradesh,
Maharashtra,
Telangana)"
617213,"Varanasi- Pt. Deen Dayal Upadhyaya - Multitracking 15 km, including construction of a new Rail- cum- Road Bridge across Ganga River",2026-07,2464.46,10.0,109.93,4.4606,12.95,13.3533,5.0,1.07,27.2265,50.0,11.0,39.0,0.22,0.0,0.5394,0.8921,22.0,-17.0,7,8,1.07,1.77,12.95,30.09,0.7143,15.7043,0,0,0,0,0,0,Ministry of Railways,Railways,CAO/C-II/NR NR mor,Uttar Pradesh
617214,"South Central Railway- Rail connectivity to Amaravati, Capital of Andhra Pradesh Errupalem- Amaravati- Namburu New line 57 km PB7/WR/2023-24",2026-07,2047.4,19.0,155.0,7.5706,-53.57,-25.6844,0.0,-0.17,-100.0,9.0,1.0,8.0,0.1111,0.0,-7.5706,,11.1111,-11.1111,7,8,-0.17,-0.17,-53.57,-53.57,0.0,18.08,0,0,0,0,0,0,Ministry of Railways,Railways,CAO/C/SCoR SCoR mor,"Multi-States
(Andhra Pradesh,
Telangana)"
617215,Doubling between Parbhani-Parli Vaijnath stations 64.71 km PB34/CR/2023-24,2026-07,769.93,17.0,174.3,22.6384,-23.32,-11.8004,1.0,0.8,400.0,34.0,14.0,20.0,0.4118,0.0,-21.6384,22.6384,41.1765,-40.1765,7,8,0.8,0.8,-23.32,-23.32,0.1429,18.6271,0,0,0,0,0,0,Ministry of Railways,Railways,CAOCON/SCR SCR mor,Maharashtra
617216,South Central Railway- 3rd line between Gudur-Renigunta stations 83.17 km PB34/CR/2023-24,2026-07,877.34,0.0,53.46,6.0934,-152.56,-74.0511,0.0,-0.17,-100.0,29.0,21.0,8.0,0.7241,0.0,-6.0934,,72.4138,-72.4138,7,8,-0.17,-0.17,-152.56,-152.56,0.0,1.19,0,0,0,0,0,0,Ministry of Railways,Railways,CAO/C/SCoR SCoR mor,Andhra Pradesh
617221,"Construction of Girls Hostel 400 seater, Boys Hostel 600 seater, Academic Block, International Hostel 100 seater, VC Residence and Purchase of Equipment",2026-07,210.99,8.0,99.02,46.9311,17.96,22.1564,58.0,10.0,20.8333,30.0,15.0,15.0,0.5,0.0,11.0689,0.8092,50.0,8.0,7,8,10.0,10.0,17.96,11.86,5.5714,9.86,0,0,0,0,0,0,Department of Higher Education,Education,Central University of Punjab,Punjab
617224,Gorakhpur-Valmikinagar Doubling project,2026-07,1120.0,7.0,442.7,39.5268,0.0,0.0,32.0,0.0,0.0,45.0,28.0,17.0,0.6222,0.0,-7.5268,1.2352,62.2222,-30.2222,7,8,0.0,5.5,0.0,28.49,0.8571,22.1386,0,0,0,0,0,0,Ministry of Railways,Railways,NER,"Multi-States
(Bihar, Uttar
Pradesh)"
617225,PCMC To Nigdi- Extension Of North South Corridor Of Phase-1,2026-07,910.18,0.0,322.59,35.4424,12.94,4.1789,49.12,1.95,4.134,39.0,33.0,6.0,0.8462,0.0,13.6776,0.7215,84.6154,-35.4954,7,8,1.95,4.52,12.94,36.91,2.4457,17.9743,0,0,0,0,0,0,Ministry of Housing & Urban Affairs,Urban Public Transport,Maharashtra Metro Rail Corporation Limited [MMRCL],Maharashtra
617226,Pune Metro Phase-1 Extension line towards south from Swargate to Katraj,2026-07,2954.53,0.0,190.07,6.4332,101.26,114.0187,9.04,2.84,45.8065,54.0,22.0,32.0,0.4074,0.0,2.6068,0.7116,40.7407,-31.7007,7,8,2.84,3.64,101.26,138.39,0.72,23.5471,0,0,0,0,0,0,Ministry of Housing & Urban Affairs,Urban Public Transport,Maharashtra Metro Rail Corporation Limited [MMRCL],Maharashtra
617231,East Central Railway - Construction of Bulb line at Nabinagar Ankorah 17.49Km PB45/ECoR/2024-25.,2026-07,611.74,25.0,0.0,0.0,0.0,,0.0,0.0,,23.0,0.0,23.0,0.0,0.0,0.0,,0.0,0.0,7,8,0.0,0.0,0.0,0.0,0.0,0.0,0,0,0,0,0,0,Ministry of Railways,Railways,CAO/Con/South/MHX ECR mor,Bihar
617233,WAGHODA UG MINE [1.02 MTY],2026-07,379.3,12.0,0.0,0.0,0.0,,0.11,0.0,0.0,62.0,18.0,44.0,0.2903,0.0,0.11,0.0,29.0323,-28.9223,7,8,0.0,0.1,0.0,0.0,0.0157,0.0,0,0,0,0,0,0,Ministry of Coal,Coal,WCL - CIL,Maharashtra
617239,Narkatiaganj-Raxaul-Sitamarhi-Darbhanga & Sitamarhi-Muzaffarpur Sections doubling 256 km Umbrella work PB57/2019-20/NR,2026-07,4079.95,18.0,18.9,0.4632,8.97,90.3323,0.0,0.0,,42.0,2.0,40.0,0.0476,0.0,-0.4632,,4.7619,-4.7619,3,4,0.0,0.0,8.97,9.59,0.0,5.41,0,0,0,0,0,0,Ministry of Railways,Railways,CAO/Con/North/MHX ECR mor,Bihar
617242,Installation of New Bar Mill at Durgapur Steel Plant,2026-07,2115.44,1.0,935.57,44.2258,106.63,12.8634,67.5,1.48,2.2417,34.0,23.0,11.0,0.6765,0.0,23.2742,0.6552,67.6471,-0.1471,7,8,1.48,6.99,106.63,248.33,3.7857,94.21,0,0,0,0,0,0,Ministry of Steel,Steel,Steel Authority of India Limited [SAIL],West Bengal
617243,Replacement of Hot Leveller No.1 of Plate Mill at Bhilai Steel Plant,2026-07,198.62,1.0,129.25,65.074,0.01,0.0077,82.79,0.66,0.8036,23.0,23.0,0.0,1.0,0.0,17.716,0.786,100.0,-17.21,7,8,0.66,2.32,0.01,20.41,6.8271,13.47,0,0,0,0,0,0,Ministry of Steel,Steel,Steel Authority of India Limited [SAIL],Chhattisgarh
617245,Katihar-Kumedpur & Katihar-Mukuria 64.5 km Umbrella work PB57/2019-20/NR,2026-07,942.64,14.0,952.95,101.0937,296.79,45.2313,65.0,-1.0,-1.5152,46.0,33.0,13.0,0.7174,0.0,-36.0937,1.5553,71.7391,-6.7391,7,8,-1.0,-1.0,296.79,296.79,0.7143,70.2271,0,0,0,0,0,0,Ministry of Railways,Railways,CAO/C-II/NFR NFR mor,"Multi-States
(Bihar, West
Bengal)"
617246,Up-gradation of Blast Furnace No. 3 at Durgapur Steel Plant,2026-07,758.09,1.0,316.01,41.685,29.65,10.3541,62.17,20.49,49.1603,36.0,21.0,15.0,0.5833,0.0,20.485,0.6705,58.3333,3.8367,7,8,20.49,18.81,29.65,50.47,7.4529,26.58,0,0,0,0,0,0,Ministry of Steel,Steel,Steel Authority of India Limited [SAIL],West Bengal
617248,Third Ladle Furnace in Secondary Refinery Unit at IISCO Steel Plant,2026-07,227.96,1.0,111.44,48.8858,7.47,7.1848,74.55,0.0,0.0,19.0,19.0,0.0,1.0,0.0,25.6642,0.6557,100.0,-25.45,7,8,0.0,3.37,7.47,25.73,5.0786,9.3829,0,0,0,0,0,0,Ministry of Steel,Steel,Steel Authority of India Limited [SAIL],West Bengal
617249,Replacement of existing Grinders in CRM-I & II at Bokaro Steel Plant,2026-07,211.94,1.0,60.6,28.593,0.88,1.4735,62.05,11.65,23.1151,23.0,17.0,6.0,0.7391,0.0,33.457,0.4608,73.913,-11.863,7,8,11.65,12.15,0.88,1.8,6.5786,5.5214,0,0,0,0,0,0,Ministry of Steel,Steel,Steel Authority of India Limited [SAIL],Jharkhand
617250,Secondary Emission Control in Converters of SMS-II at Bokaro Steel Plant,2026-07,207.13,1.0,103.47,49.9541,16.85,19.4528,55.91,4.09,7.8927,20.0,17.0,3.0,0.85,0.0,5.9559,0.8935,85.0,-29.09,7,8,4.09,13.12,16.85,32.63,6.2729,11.7043,0,0,0,0,0,0,Ministry of Steel,Steel,Steel Authority of India Limited [SAIL],Jharkhand
617251,Revamping of Air Pollution Control Systems of SP-1 at Durgapur Steel Plant,2026-07,196.4,5.0,65.74,33.4725,0.24,0.3664,34.58,2.37,7.358,17.0,19.0,-2.0,1.1176,1.0,1.1075,0.968,100.0,-65.42,7,8,2.37,2.1,0.24,5.97,3.7971,7.3129,0,0,0,1,0,0,Ministry of Steel,Steel,Steel Authority of India Limited [SAIL],West Bengal
617252,Anand Nagar - Ghughuli via Maharajganj 53.37 km,2026-07,958.27,29.0,888.5,92.7192,248.33,38.7913,12.0,-12.0,-50.0,26.0,6.0,20.0,0.2308,0.0,-80.7192,7.7266,23.0769,-11.0769,7,8,-12.0,-11.9,248.33,253.09,-1.5714,61.8871,0,0,0,0,0,0,Ministry of Railways,Railways,CAOC/NER NER mor,Uttar Pradesh
617253,Revamping of old sub-systems of Blast Furnace 3 at Bokaro Steel Plant,2026-05,513.82,2.0,412.95,80.3686,4.55,1.1141,98.72,1.42,1.4594,21.0,31.0,-10.0,1.4762,1.0,18.3514,0.8141,100.0,-1.28,5,6,1.42,1.42,4.55,31.08,4.544,14.946,0,0,0,1,0,0,Ministry of Steel,Steel,Steel Authority of India Limited [SAIL],Jharkhand
617254,Replacement of remaining 04 sets of Battery Cyclones with 04 Nos. of ESPs in Sinter Plant-1 at Bokaro Steel Plant,2026-07,260.37,1.0,127.53,48.9803,1.93,1.5366,53.15,2.99,5.9609,26.0,27.0,-1.0,1.0385,1.0,4.1697,0.9215,100.0,-46.85,7,8,2.99,7.24,1.93,12.76,3.7357,9.9057,0,0,0,1,0,0,Ministry of Steel,Steel,Steel Authority of India Limited [SAIL],Jharkhand
617255,"Replacement of Converter Vessels, Trunnion Rings, Support System & Installation of Secondary Emission at Bhilai Steel Plant",2026-07,471.83,2.0,266.11,56.3996,8.93,3.4723,74.3,3.8,5.3901,30.0,31.0,-1.0,1.0333,1.0,17.9004,0.7591,100.0,-25.7,7,8,3.8,5.23,8.93,8.93,2.7571,10.3057,0,0,0,1,0,0,Ministry of Steel,Steel,Steel Authority of India Limited [SAIL],Chhattisgarh
617256,Rebuilding of Coke Oven Battery No.7 & 8 at Bhilai Steel Plant,2026-07,884.1,2.0,693.83,78.4787,74.96,12.1124,94.73,0.99,1.0561,21.0,30.0,-9.0,1.4286,1.0,16.2513,0.8284,100.0,-5.27,7,8,0.99,3.55,74.96,85.85,1.6757,20.39,0,0,0,1,0,0,Ministry of Steel,Steel,Steel Authority of India Limited [SAIL],Chhattisgarh
617257,Rebuilding of Coke Oven Battery No.6 at Bokaro Steel Plant,2026-07,627.31,1.0,347.42,55.3825,5.16,1.5076,68.07,1.96,2.9648,35.0,31.0,4.0,0.8857,0.0,12.6875,0.8136,88.5714,-20.5014,7,8,1.96,3.98,5.16,5.16,2.7243,22.4429,0,0,0,0,0,0,Ministry of Steel,Steel,Steel Authority of India Limited [SAIL],Jharkhand
617269,Transmission System for Strengthening to facilitate evacuation of power from Bhadla/Bikaner Complex,2026-07,212.81,0.0,12.76,5.996,2.78,27.8557,12.07,0.9,8.0573,18.0,19.0,-1.0,1.0556,1.0,6.074,0.4968,100.0,-87.93,7,8,0.9,9.07,2.78,6.38,1.7243,1.5229,0,0,0,1,0,0,Ministry of Power,Transmission & Distribution,Power Grid Corporation of India Limited [POWERGRID],Uttar Pradesh
617270,Eastern Region Expansion Scheme-44 [ERES-44],2026-07,408.94,0.0,6.13,1.499,0.0,0.0,1.5,0.0,0.0,18.0,20.0,-2.0,1.1111,1.0,0.001,0.9993,100.0,-98.5,7,8,0.0,0.0,0.0,0.0,0.2143,0.8186,0,0,0,1,0,0,Ministry of Power,Transmission & Distribution,Power Grid Corporation of India Limited [POWERGRID],"Multi-States
(Bihar, West
Bengal)"
617271,Eastern Region Expansion Scheme-43 [ERES-43],2026-07,342.69,0.0,143.93,42.0001,6.86,5.0047,29.75,0.02,0.0673,18.0,22.0,-4.0,1.2222,1.0,-12.2501,1.4118,100.0,-70.25,7,8,0.02,0.02,6.86,23.99,3.6786,19.5829,0,0,0,1,0,0,Ministry of Power,Transmission & Distribution,Power Grid Corporation of India Limited [POWERGRID],"Multi-States
(Bihar, Odisha,
West Bengal)"
617272,Implementation of LILO of both circuits of 400KV vindhyachal PS-Sasan D/C Line at Hindalco Switchyard,2026-07,370.0,0.0,148.0,40.0,18.5,14.2857,55.26,3.12,5.9839,30.0,25.0,5.0,0.8333,0.0,15.26,0.7239,83.3333,-28.0733,7,8,3.12,9.71,18.5,33.3,7.0371,17.9714,0,0,0,0,0,0,Ministry of Power,Transmission & Distribution,Power Grid Corporation of India Limited [POWERGRID],Madhya Pradesh
617278,KOLARPIMPRI EXPANSION OC [2.5,2026-07,630.37,8.0,0.61,0.0968,0.0,0.0,0.4,0.0,0.0,61.0,17.0,44.0,0.2787,0.0,0.3032,0.2419,27.8689,-27.4689,7,8,0.0,0.02,0.0,0.0,0.0571,0.0871,0,0,0,0,0,0,Ministry of Coal,Coal,WCL - CIL,Maharashtra
617279,Transmission System for evacuation of power from Mahan Energen Limited Generating Station in Madhya Pradesh [SPV Name - POWERGRID MEL Power Transmission Limited],2026-07,558.0,0.0,180.9,32.4194,0.0,0.0,18.47,3.36,22.2369,30.0,13.0,17.0,0.4333,0.0,-13.9494,1.7552,43.3333,-24.8633,7,8,3.36,5.15,0.0,130.68,2.3529,21.06,0,0,0,0,0,0,Ministry of Power,Transmission & Distribution,Power Grid Corporation of India Limited [POWERGRID],Madhya Pradesh
617280,"Construction of Basement + Ground Floor+ 10 Storeyed building for State of the Art Director General, GSI Building at plot No.GN-40, Sector-V, Salt Lake, Kolkata",2026-07,255.37,10.0,98.94,38.7438,0.02,0.0202,64.0,0.0,0.0,78.0,77.0,1.0,0.9872,0.0,25.2562,0.6054,98.7179,-34.7179,7,8,0.0,0.0,0.02,0.02,2.0,0.7929,0,0,0,0,0,0,Ministry of Mines,Construction,Central Public Works Department [CPWD],West Bengal
617284,Chunar-Chopan doubling project,2026-06,1423.96,17.0,151.57,10.6443,0.0,0.0,18.5,0.0,0.0,38.0,17.0,21.0,0.4474,0.0,7.8557,0.5754,44.7368,-26.2368,6,7,0.0,1.5,0.0,28.48,1.75,14.52,0,0,0,0,0,0,Ministry of Railways,Railways,North Central Railway,Uttar Pradesh
617287,KUSMUNDA OC EXPANSION PROJECT,2026-07,4516.88,0.0,847.19,18.7561,10.05,1.2005,23.75,0.0,0.0,64.0,20.0,44.0,0.3125,0.0,4.9939,0.7897,31.25,-7.5,7,8,0.0,0.0,10.05,13.05,0.3929,9.13,0,0,0,0,0,0,Ministry of Coal,Coal,SECL - CIL,Chhattisgarh
617288,MANIKPUR OC EXPANSION PROJECT,2026-07,382.61,0.0,138.87,36.2954,0.04,0.0288,21.29,0.0,0.0,50.0,18.0,32.0,0.36,0.0,-15.0054,1.7048,36.0,-14.71,7,8,0.0,0.0,0.04,3.29,0.0414,3.6914,0,0,0,0,0,0,Ministry of Coal,Coal,SECL - CIL,Chhattisgarh
617299,50 MW Wind Power Project,2026-07,383.84,18.0,333.34,86.8435,4.8,1.461,52.0,0.0,0.0,17.0,30.0,-13.0,1.7647,1.0,-34.8435,1.6701,100.0,-48.0,7,8,0.0,0.0,4.8,3.75,0.1429,1.3457,0,0,0,1,0,0,Ministry of Coal,Electricity Generation,NLC India Limited,Gujarat
617302,Durgapur - Haldia Pipeline [Section-3B of JHBDPL Project],2026-07,1740.0,0.0,2380.8,136.8276,5.7,0.24,95.7,0.5,0.5252,45.0,112.0,-67.0,2.4889,1.0,-41.1276,1.4298,100.0,-4.3,7,8,0.5,0.7,5.7,10.4,0.3857,9.5143,0,0,0,1,0,0,Ministry of Petroleum & Natural Gas,Oil & Gas,Gas Authority of India Limited [GAIL],West Bengal
617304,"Setting up of LPG Plant with Rail Unloading Facility at Hathua, Dist. Gopalganj, Bihar",2026-07,340.15,0.0,186.21,54.7435,6.66,3.7093,56.0,1.0,1.8182,41.0,33.0,8.0,0.8049,0.0,1.2565,0.9776,80.4878,-24.4878,7,8,1.0,3.0,6.66,14.03,2.4286,8.7586,0,0,0,0,0,0,Ministry of Petroleum & Natural Gas,Oil & Gas,Bharat Petroleum Corporation Limited [BPCL],Bihar
617326,Implementation of Transmission Systems in the State of Jharkhand consisting of 400/220/132/33 kV transmission lines and substations under Jharkhand Consultancy Project,2026-07,1842.25,0.0,1648.05,89.4585,0.0,0.0,96.4,0.1,0.1038,169.0,173.0,-4.0,1.0237,1.0,6.9415,0.928,100.0,-3.6,7,8,0.1,0.2,0.0,0.0,0.2,0.0,0,0,0,1,0,0,Ministry of Power,Transmission & Distribution,Power Grid Corporation of India Limited [POWERGRID],Jharkhand
617327,Thane Integral Ring Metro Rail Project,2026-07,12200.1,0.0,101.17,0.8293,5.53,5.7821,10.04,0.55,5.7956,60.0,22.0,38.0,0.3667,0.0,9.2107,0.0826,36.6667,-26.6267,7,8,0.55,1.3,5.53,17.48,0.72,13.17,0,0,0,0,0,0,Ministry of Housing & Urban Affairs,Urban Public Transport,Maharashtra Metro Rail Corporation Limited [MMRCL],Maharashtra
617333,Construction of surface traingle between Bhadaura and new crossing station Karma Dildarnagar-Taraghat line 11.1 km PB72/NR/2022-23,2026-07,199.96,20.0,64.04,32.0264,56.37,734.9413,0.0,-0.6,-100.0,32.0,25.0,7.0,0.7812,0.0,-32.0264,,78.125,-78.125,7,8,-0.6,-0.6,56.37,56.37,0.0,8.9986,0,0,0,0,0,0,Ministry of Railways,Railways,CAO/Con/South/MHX ECR mor,"Multi-States
(Bihar, Uttar
Pradesh)"
617338,Stamp Charge Battery No.12 Battery Proper at IISCO Steel Plant,2026-07,2518.39,1.0,472.41,18.7584,57.1,13.7488,27.66,0.96,3.5955,41.0,17.0,24.0,0.4146,0.0,8.9016,0.6782,41.4634,-13.8034,7,8,0.96,4.06,57.1,83.32,2.5229,34.7343,0,0,0,0,0,0,Ministry of Steel,Steel,Steel Authority of India Limited [SAIL],West Bengal
617345,SER Upgradation of maintenance infrastructure at Shalimar into Vande Bharat Chair Car maintenance cum workshop depot.,2026-06,226.87,9.0,86.69,38.2113,0.0,0.0,50.0,0.0,0.0,22.0,18.0,4.0,0.8182,0.0,11.7887,0.7642,81.8182,-31.8182,6,7,0.0,0.0,0.0,0.0,2.3333,8.8317,0,0,0,0,0,0,Ministry of Railways,Railways,South Eastern Railway - JH,West Bengal
617361,Babupeth - Sasti New Rail Line [13.114 KMs],2026-06,362.81,0.0,0.48,0.1323,0.0,0.0,0.0,0.0,,41.0,20.0,21.0,0.4878,0.0,-0.1323,,48.7805,-48.7805,6,7,0.0,0.0,0.0,0.0,0.0,0.0017,0,0,0,0,0,0,Ministry of Railways,Railways,CentralRailway,Maharashtra
617364,Central Railway - Double chord line between Nilaje and Kopar 4.495 km PB34/CR/2023-24,2026-07,338.33,17.0,57.54,17.0071,1.71,3.0629,15.0,-45.0,-75.0,43.0,19.0,24.0,0.4419,0.0,-2.0071,1.1338,44.186,-29.186,7,8,-45.0,-9.0,1.71,28.21,2.1429,7.1057,0,0,0,0,0,0,Ministry of Railways,Railways,CAOC/CR CR mor,Maharashtra
617370,Doubling between Jaunpur Jn - Zaffarabad 6.28 km PB73/2023-24/NR,2026-07,180.66,25.0,78.47,43.4352,12.93,19.7284,22.0,-5.55,-20.1452,21.0,15.0,6.0,0.7143,0.0,-21.4352,1.9743,71.4286,-49.4286,7,8,-5.55,-5.54,12.93,12.97,1.2857,10.6386,0,0,0,0,0,0,Ministry of Railways,Railways,CAOC/NR NR mor,Uttar Pradesh
617372,Pradhankhunta Jn-Patherdih Bazar-Bhojudih 17.1 km Umbrella work PB57/2019- 20/NR,2026-07,349.22,34.0,162.92,46.6525,,,60.0,,,26.0,10.0,16.0,0.3846,0.0,13.3475,0.7775,38.4615,21.5385,7,7,,-12.0,,17.35,-1.4286,6.8329,0,1,0,0,0,0,Ministry of Railways,Railways,CAO/Con/South/MHX ECR mor,Jharkhand
617374,"Dallirajhara - Rowghat New Rail Line Project, Phase-I",2026-06,1516.45,4.0,2154.73,142.0904,11.01,0.5136,98.0,0.0,0.0,184.0,199.0,-15.0,1.0815,1.0,-44.0904,1.4499,100.0,-2.0,6,7,0.0,0.0,11.01,30.41,0.5,15.2683,0,0,0,1,0,0,Ministry of Railways,Railways,Rail Vikas Nigam Limited,Chhattisgarh
617375,North Eastern Region Expansion Scheme-XXIII [NERES-XXIII],2026-07,209.38,0.0,3.14,1.4997,0.0,0.0,3.89,2.33,149.359,30.0,11.0,19.0,0.3667,0.0,2.3903,0.3855,36.6667,-32.7767,7,8,2.33,2.39,0.0,0.0,0.5557,0.4429,0,0,0,0,0,0,Ministry of Power,Transmission & Distribution,Power Grid Corporation of India Limited [POWERGRID],Arunachal Pradesh
617379,Development of New Bijwasan Railway Terminal,2026-06,446.21,61.0,565.7,126.7789,9.34,1.6788,80.0,0.0,0.0,84.0,159.0,-75.0,1.8929,1.0,-46.7789,1.5847,100.0,-20.0,6,7,0.0,0.0,9.34,12.56,0.0,7.3267,0,0,0,1,0,0,Ministry of Railways,Railways,Northern Railways,Delhi
617390,Sardega -Bhalumuda New Double line [37.24 Km],2026-06,1281.81,0.0,130.14,10.1528,2.07,1.6163,5.0,1.0,25.0,42.0,21.0,21.0,0.5,0.0,-5.1528,2.0306,50.0,-45.0,6,7,1.0,1.0,2.07,2.07,0.5,0.355,0,0,0,0,0,0,Ministry of Railways,Railways,SECR,"Multi-States
(Chhattisgarh,
Odisha)"
617391,Augmentation of Transformation Capacity at Bhuj-II PS [GIS],2026-07,488.29,0.0,14.64,2.9982,4.88,50.0,7.2,2.7,60.0,21.0,17.0,4.0,0.8095,0.0,4.2018,0.4164,80.9524,-73.7524,7,8,2.7,4.5,4.88,8.78,1.0286,1.9514,0,0,0,0,0,0,Ministry of Power,Transmission & Distribution,Power Grid Corporation of India Limited [POWERGRID],Gujarat
617403,SADULPUR - CHURU DOUBLING PROJECT,2026-07,468.64,0.0,197.84,42.2158,0.0,0.0,95.0,0.0,0.0,29.0,30.0,-1.0,1.0345,1.0,52.7842,0.4444,100.0,-5.0,7,8,0.0,1.0,0.0,2.42,5.7143,8.7514,0,0,0,1,0,0,Ministry of Railways,Railways,North Western Railway [NWR],Rajasthan
617404,North Western Railway - New line between Ramdevra and Pokhran via Bhairav Gufa - Kailash Tekri 13.38 Km PB30/NR/2025-26,2026-07,189.21,13.0,57.31,30.2891,1.73,3.1126,3.0,1.0,50.0,22.0,2.0,20.0,0.0909,0.0,-27.2891,10.0964,9.0909,-6.0909,7,8,1.0,2.0,1.73,1.73,0.4286,8.1871,0,0,0,0,0,0,Ministry of Railways,Railways,CAOC/NWR NWR mor,Rajasthan
617405,Jamnagar Transmission Limited,2026-07,4000.0,0.0,698.0,17.45,145.0,26.2206,24.0,5.0,26.3158,24.0,21.0,3.0,0.875,0.0,6.55,0.7271,87.5,-63.5,7,8,5.0,5.0,145.0,145.0,1.1429,61.4286,0,0,0,0,0,0,Ministry of Power,Transmission & Distribution,Adani Transmission Limited,Gujarat
617406,RATLAM- DUNGARPUR VIA BANSWARA NEW LINE PROJECT,2026-06,2417.24,91.0,7.7,0.3185,0.35,4.7619,8.0,0.0,0.0,58.0,37.0,21.0,0.6379,0.0,7.6815,0.0398,63.7931,-55.7931,6,7,0.0,0.0,0.35,0.51,0.0,0.1517,0,0,0,0,0,0,Ministry of Railways,Railways,North Western Railway [NWR],"Multi-States
(Madhya Pradesh,
Rajasthan)"
617408,NATHDWARA- NATHDWARA TOWN NL,2026-06,166.33,61.0,112.55,67.6667,0.0,0.0,15.0,0.0,0.0,35.0,26.0,9.0,0.7429,0.0,-52.6667,4.5111,74.2857,-59.2857,6,7,0.0,0.0,0.0,2.59,1.6667,3.8217,0,0,0,0,0,0,Ministry of Railways,Railways,North Western Railway [NWR],Rajasthan
617409,Railway Manufacturing Unit,2026-07,521.36,79.0,492.12,94.3916,0.0,0.0,91.0,0.0,0.0,46.0,41.0,5.0,0.8913,0.0,-3.3916,1.0373,89.1304,1.8696,7,8,0.0,1.0,0.0,0.04,1.5714,7.4529,0,0,0,0,0,0,Ministry of Railways,Railways,RVNL - II,Telangana
617412,"Construction of One Tower of Office Complex and another Tower of Residential quarters i/c internal water supply, sanitary installation and all development and bulk services, Horticulture works on EPC Mode-I basis i/c comprehensive operation and maintenance of Civil, E&M services for 7 years after completion of original construction work for Ranga Reddy, Secunderabad, Medchal, AuditI, Audit-II Commissionerates of Central Tax at Khajaguda, Serilingampally, Hyderabad.",2026-07,644.0,8.0,188.69,29.2997,12.9,7.3383,26.0,3.0,13.0435,34.0,20.0,14.0,0.5882,0.0,-3.2997,1.1269,58.8235,-32.8235,7,8,3.0,4.0,12.9,27.12,2.2857,10.3586,0,0,0,0,0,0,Ministry of Housing & Urban Affairs,Construction,Central Public Works Department - CPWD,Telangana
617413,Mobile connectivity in Left Wing Extremism [LWE] affected areas-Phase 1 Upgradation,2026-07,1884.6,25.0,376.8,19.9936,0.0,0.0,99.31,1.03,1.048,12.0,26.0,-14.0,2.1667,1.0,79.3164,0.2013,100.0,-0.69,7,8,1.03,1.03,0.0,0.0,0.9014,0.0,0,0,0,1,0,0,Department of Telecommunications,Telecommunication,Department of Telecommunications [DoT],"Multi-States
(Andhra Pradesh,
Bihar,
Chhattisgarh,
Jharkhand,
Madhya Pradesh,
Maharashtra,
Odisha,
Telangana, Uttar
Pradesh, West
Bengal)"
617416,"Revised Jharia Master Plan for Dealing with Fire, Subsidence & Rehabilitation of affected families in Jharia Coalfield- Reg.",2026-07,5940.47,1.0,520.75,8.7661,192.97,58.8718,34.0,3.0,9.6774,41.0,12.0,29.0,0.2927,0.0,25.2339,0.2578,29.2683,4.7317,7,8,3.0,6.0,192.97,246.48,2.1429,70.6343,0,0,0,0,0,0,Ministry of Coal,Coal,Bharat Coking Coal Limited [BCCL],Jharkhand
617422,Bodwad Parisar Sinchan Yojna,2026-07,1923.81,176.0,338.91,17.6166,-1610.65,-82.6161,49.6,0.08,0.1616,126.0,114.0,12.0,0.9048,0.0,31.9834,0.3552,90.4762,-40.8762,7,8,0.08,0.1,-1610.65,-1610.65,0.0857,-204.46,0,0,0,0,0,0,"Department of Water Resources, River Development & GR",Water Resources,Department of Water Resources-MH,Maharashtra
617727,Orvakal Industrial Area,2026-07,2786.0,14.0,356.05,12.78,77.45,27.7997,16.22,3.41,26.6198,36.0,9.0,27.0,0.25,0.0,3.44,0.7879,25.0,-8.78,3,4,3.41,5.95,77.45,95.56,3.36,81.35,0,0,0,0,0,0,"Ministry of Ports, Shipping and Waterways",Real Estate,NICDC,Andhra Pradesh
617729,Kopparthy Industrial Area,2026-07,2136.0,14.0,39.75,1.861,0.0,0.0,5.39,0.16,3.0593,36.0,9.0,27.0,0.25,0.0,3.529,0.3453,25.0,-19.61,3,4,0.16,0.32,0.0,0.0,0.7967,0.0,0,0,0,0,0,0,"Ministry of Ports, Shipping and Waterways",Real Estate,NICDC,Andhra Pradesh
617730,600 MW Khavda Solar Power Project,2026-07,3335.85,10.0,2122.95,63.6405,122.33,6.1146,62.0,2.0,3.3333,24.0,25.0,-1.0,1.0417,1.0,-1.6405,1.0265,100.0,-38.0,7,8,2.0,2.0,122.33,-131.62,5.2857,139.9743,0,0,0,1,0,0,Ministry of Coal,Electricity Generation,NLC India Limited [NLCIL],Gujarat
617764,North Dhadu Western Part OCP,2026-07,1354.2,2.0,233.77,17.2626,5.41,2.3691,40.0,0.0,0.0,63.0,31.0,32.0,0.4921,0.0,22.7374,0.4316,49.2063,-9.2063,3,4,0.0,0.0,5.41,6.43,0.0,30.5967,0,0,0,0,0,0,Ministry of Coal,Coal,NLC India Limited [NLCIL],Jharkhand
617801,Provision of ICT Augmentation & Bus Reactor at Bhuj-II PS,2026-07,581.74,0.0,17.45,2.9996,0.0,0.0,7.2,1.2,20.0,21.0,16.0,5.0,0.7619,0.0,4.2004,0.4166,76.1905,-68.9905,7,8,1.2,5.2,0.0,5.82,1.0286,2.3271,0,0,0,0,0,0,Ministry of Power,Transmission & Distribution,Power Grid Corporation of India Limited [POWERGRID],Gujarat
617802,Augmentation of Transformation Capacity and Implementation of Line Bays at Mandsaur S/S for RE Interconnection [SPV Name- POWERGRID Mandsaur I RE Transmission Limited],2026-07,319.0,0.0,17.23,5.4013,0.93,5.7055,4.8,2.3,92.0,29.0,9.0,20.0,0.3103,0.0,-0.6013,1.1253,31.0345,-26.2345,7,8,2.3,2.3,0.93,4.47,0.6857,2.3043,0,0,0,0,0,0,Ministry of Power,Transmission & Distribution,Power Grid Corporation of India Limited [POWERGRID],Madhya Pradesh
617803,Transmission System Strengthening at Davanagere for Integration of RE Generation [SPV Name - POWERGRID Davanagere Power Transmission Limited],2026-07,379.0,0.0,17.06,4.5013,0.0,0.0,2.5,0.0,0.0,24.0,10.0,14.0,0.4167,0.0,-2.0013,1.8005,41.6667,-39.1667,7,8,0.0,0.0,0.0,0.0,0.3571,1.3543,0,0,0,0,0,0,Ministry of Power,Transmission & Distribution,Power Grid Corporation of India Limited [POWERGRID],Karnataka
617804,Mechanization of Berth No.14 for handling Containers and other cargo on DBFOT basis - Phase II,2026-07,153.23,6.0,97.45,63.5972,0.0,0.0,95.0,0.0,0.0,33.0,25.0,8.0,0.7576,0.0,31.4028,0.6694,75.7576,19.2424,7,8,0.0,35.0,0.0,31.98,8.8571,10.4929,0,0,0,0,0,0,"Ministry of Ports, Shipping and Waterways",Shipping,New Mangalore Port Authority,Karnataka
617806,Transmission System for Integration of Ananthapur 2 REZ Phase 1 for 4.5 GW. SPV Name Anantapuram 2 REZ Transmission Ltd,2026-07,4535.99,7.0,1207.57,26.622,150.0,14.1835,64.0,14.0,28.0,24.0,16.0,8.0,0.6667,0.0,37.378,0.416,66.6667,-2.6667,7,8,14.0,14.0,150.0,150.0,4.5714,115.1429,0,0,0,0,0,0,Ministry of Power,Transmission & Distribution,Sterlite Power,"Multi-States
(Andhra Pradesh,
Karnataka)"
617807,Inter-regional [NR-WR] Transmission System strengthening to relieve the loading of 765 kV Vindhyachal-Varanasi D/c line,2026-07,2368.0,0.0,157.94,6.6698,19.65,14.2093,6.38,4.35,214.2857,24.0,9.0,15.0,0.375,0.0,-0.2898,1.0454,37.5,-31.12,7,8,4.35,4.35,19.65,122.42,0.9114,22.1343,0,0,0,0,0,0,Ministry of Power,Transmission & Distribution,Power Grid Corporation of India Limited [POWERGRID],"Multi-States
(Bihar, Uttar
Pradesh)"
617808,Inter-Regional Strengthening between SR Grid and WR Grid,2026-07,1007.0,0.0,50.35,5.0,0.5,1.003,3.0,0.5,20.0,24.0,9.0,15.0,0.375,0.0,-2.0,1.6667,37.5,-34.5,7,8,0.5,0.5,0.5,30.21,0.4286,6.4743,0,0,0,0,0,0,Ministry of Power,Transmission & Distribution,Power Grid Corporation of India Limited [POWERGRID],"Multi-States
(Karnataka,
Maharashtra)"
617818,"City Gas Distribution [CGD] Project in Gajapati, Kandhamal, Boudh, & Sonepur GA",2026-07,514.91,0.0,25.77,5.0048,0.87,3.494,5.8,-0.1,-1.6949,118.0,53.0,65.0,0.4492,0.0,0.7952,0.8629,44.9153,-39.1153,7,8,-0.1,-0.1,0.87,3.79,0.2571,0.8357,0,0,0,0,0,0,Ministry of Petroleum & Natural Gas,Oil & Gas,GAIL Gas,Odisha
617819,"City Gas Distribution [CGD] Project in Kondagaon, Bastar, Sukma, Narayanpur, Bijapur & Dantewada GA",2026-07,557.04,0.0,11.63,2.0878,1.3,12.5847,2.2,0.0,0.0,96.0,49.0,47.0,0.5104,0.0,0.1122,0.949,51.0417,-48.8417,7,8,0.0,0.0,1.3,2.87,0.0286,0.4714,0,0,0,0,0,0,Ministry of Petroleum & Natural Gas,Oil & Gas,GAIL Gas,Chhattisgarh
617822,ATF Pipeline from BPCLs Malkapur POL Installation to Hyderabad International airport,2026-07,215.0,0.0,46.87,21.8,0.88,1.9135,29.1,3.0,11.4943,30.0,16.0,14.0,0.5333,0.0,7.3,0.7491,53.3333,-24.2333,7,8,3.0,3.8,0.88,0.94,1.7286,1.2443,0,0,0,0,0,0,Ministry of Petroleum & Natural Gas,Oil & Gas,Bharat Petroleum Corporation Limited [BPCL],Telangana
617827,"Pipeline Rehabilitation Project, Phase-II",2026-07,680.0,0.0,13.53,1.9897,0.88,6.9565,29.0,0.0,0.0,60.0,19.0,41.0,0.3167,0.0,27.0103,0.0686,31.6667,-2.6667,7,8,0.0,3.0,0.88,4.98,1.7143,1.6014,0,0,0,0,0,0,Ministry of Petroleum & Natural Gas,Oil & Gas,Oil India Limited,Assam
617828,Siliguri-Jhapa Pipeline Project,2026-07,267.0,0.0,3.19,1.1948,0.78,32.3651,16.5,2.2,15.3846,59.0,22.0,37.0,0.3729,0.0,15.3052,0.0724,37.2881,-20.7881,7,8,2.2,3.8,0.78,0.9,1.2143,0.26,0,0,0,0,0,0,Ministry of Petroleum & Natural Gas,Oil & Gas,Indian Oil Corporation Limited [IOCL],West Bengal
617829,LPG Bottling Plant at Mualkhang,2026-07,225.71,0.0,32.45,14.3769,1.61,5.2205,34.0,1.0,3.0303,51.0,24.0,27.0,0.4706,0.0,19.6231,0.4228,47.0588,-13.0588,7,8,1.0,1.5,1.61,2.05,1.1429,2.3043,0,0,0,0,0,0,Ministry of Petroleum & Natural Gas,Energy Storage,Indian Oil Corporation Limited [IOCL],Mizoram
617830,C2/C3 Vijaipur Pata Pipeline,2026-07,1792.0,0.0,541.2,30.2009,30.7,6.0137,73.0,2.2,3.1073,32.0,26.0,6.0,0.8125,0.0,42.7991,0.4137,81.25,-8.25,7,8,2.2,4.8,30.7,53.2,3.8571,21.5714,0,0,0,0,0,0,Ministry of Petroleum & Natural Gas,Oil & Gas,Gas Authority of India Limited [GAIL],Madhya Pradesh
617832,Koderma-Barkakana Arigada 133 Km,2026-07,2887.11,13.0,0.85,0.0294,0.75,750.0,0.0,0.0,,41.0,0.0,41.0,0.0,0.0,-0.0294,,0.0,0.0,7,8,0.0,0.0,0.75,0.75,0.0,0.1214,0,0,0,0,0,0,Ministry of Railways,Railways,CAO/Con/South/MHX ECR mor,Jharkhand
617836,Coke Drum Structure Package,2026-07,635.28,0.0,464.46,73.1111,-78.54,-14.4641,72.0,1.2,1.6949,36.0,43.0,-7.0,1.1944,1.0,-1.1111,1.0154,100.0,-28.0,7,8,1.2,3.0,-78.54,-78.54,3.0,54.8771,0,0,0,1,0,0,Ministry of Petroleum & Natural Gas,Oil & Gas,Numaligarh Refinery Limited,Assam
617837,Siliguri Marketing Terminal [SMT] Capacity Augmentation Project,2026-07,484.0,0.0,319.32,65.9752,3.92,1.2429,89.0,0.7,0.7928,49.0,56.0,-7.0,1.1429,1.0,23.0248,0.7413,100.0,-11.0,7,8,0.7,1.0,3.92,8.15,1.0,3.6614,0,0,0,1,0,0,Ministry of Petroleum & Natural Gas,Oil & Gas,Numaligarh Refinery Limited,West Bengal
617838,Augmentation of CCKPL and IDPL Pipelines capacity along with setting up of Palakkad TOP,2026-07,1130.0,0.0,324.61,28.7265,18.51,6.047,48.8,5.6,12.963,47.0,22.0,25.0,0.4681,0.0,20.0735,0.5887,46.8085,1.9915,7,8,5.6,7.8,18.51,40.03,4.1143,19.2857,0,0,0,0,0,0,Ministry of Petroleum & Natural Gas,Oil & Gas,Bharat Petroleum Corporation Limited [BPCL],Kerala
617839,Capacity Augmentation of Kandla LPG Import Terminal [KLIT] from 0.6 MMTPA to 2.5 MMTPA,2026-07,356.86,0.0,168.04,47.0885,4.25,2.5948,68.0,0.5,0.7407,38.0,38.0,0.0,1.0,0.0,20.9115,0.6925,100.0,-32.0,7,8,0.5,1.0,4.25,7.02,1.1429,11.0857,0,0,0,0,0,0,Ministry of Petroleum & Natural Gas,Energy Storage,Indian Oil Corporation Limited [IOCL],Gujarat
617877,Phase B Construction of Permanent Campus of IIT Bhilai,2026-07,1188.97,8.0,1.92,0.1615,1.92,,0.0,0.0,,33.0,6.0,27.0,0.1818,0.0,-0.1615,,18.1818,-18.1818,7,8,0.0,0.0,1.92,1.92,0.0,0.2743,0,0,0,0,0,0,Department of Higher Education,Education,"Indian Institute of Technology, Bhilai",Chhattisgarh
617878,Phase B of Construction of Permanent Campus of IIT Palakkad,2026-07,1527.0,8.0,9.8,0.6418,0.0,0.0,0.0,0.0,,33.0,6.0,27.0,0.1818,0.0,-0.6418,,18.1818,-18.1818,7,8,0.0,0.0,0.0,0.0,0.0,0.0,0,0,0,0,0,0,Department of Higher Education,Education,INDIAN INSTITUTE OF TECHNOLOGY PALAKKAD,Kerala
617880,Desalpar-Hajipir-Luna and Vayor-Lakhpat New Line,2026-06,2526.47,0.0,0.0,0.0,0.0,,0.0,0.0,,36.0,9.0,27.0,0.25,0.0,0.0,,25.0,-25.0,2,3,0.0,0.0,0.0,0.0,0.0,0.0,0,0,0,0,0,0,Ministry of Railways,Railways,Western Railway [WR] - II,Gujarat
617882,"Setting up IT Infrastructure including Network Security and Hosting at AIIMS, New Delhi",2026-07,358.19,0.0,53.73,15.0004,0.0,0.0,40.0,5.0,14.2857,12.0,10.0,2.0,0.8333,0.0,24.9996,0.375,83.3333,-43.3333,7,8,5.0,20.0,0.0,0.0,5.7143,7.6757,0,0,0,0,0,0,Ministry of Health & Family Welfare,Healthcare,PMSSY AND Institute of NATIONAL Importance,Delhi
617883,"Redevelopment of Residential colonies at Ayur Vigyan Nagar and West Ansari Nagar campuses of AIIMS, New Delhi",2026-07,4441.0,68.0,44.44,1.0007,0.0,0.0,57.0,0.0,0.0,60.0,49.0,11.0,0.8167,0.0,55.9993,0.0176,81.6667,-24.6667,7,8,0.0,0.0,0.0,0.0,-0.5714,2.8229,0,0,0,0,0,0,Ministry of Health & Family Welfare,Healthcare,PMSSY AND Institute of NATIONAL Importance,Delhi
617885,Rehabilitation and Up-gradation of Nongstoin Wahkaji section of Project Road Km 0000 to Km 43060 to Intermediate Lane with earthern shoulder under SARDP-NE Phase-A in the State of Meghalaya on EPC mode. Job No- SARDP-NE ong-Don- Maw/MG/2020-21/294,2026-07,302.88,18.0,187.77,61.9948,0.0,0.0,99.62,0.52,0.5247,18.0,53.0,-35.0,2.9444,1.0,37.6252,0.6223,100.0,-0.38,7,8,0.52,0.52,0.0,5.19,0.2314,0.7414,0,0,0,1,0,0,Ministry of Road Transport & Highways,Roads & Highways,MoRTH,Meghalaya
617886,Widening of existing Single lane / Intermediate lane road to 2 lane from Km 101 to Km 125 of NH 61,2026-07,252.2,48.0,0.0,0.0,0.0,,44.46,0.0,0.0,24.0,25.0,-1.0,1.0417,1.0,44.46,0.0,100.0,-55.54,7,8,0.0,0.0,0.0,0.0,0.4943,0.0,0,0,0,1,0,0,Ministry of Road Transport & Highways,Roads & Highways,MoRTH,Nagaland
617887,Beawer Gomti 4LPS from km 58.245 to km 108.600 Pkg-I,2026-06,379.23,10.0,206.48,54.4472,27.37,15.2811,100.0,1.0,1.0101,24.0,56.0,-32.0,2.3333,1.0,45.5528,0.5445,100.0,0.0,6,7,1.0,1.0,27.37,27.37,16.6667,0.8833,0,0,0,1,0,0,Ministry of Road Transport & Highways,Roads & Highways,MoRTH,Rajasthan
617888,Landslide treatment work on NH 58 from Kodiyala Km. 266.130 to Devprayag Km. 296.925 10 location under EPC mode in the State of Uttarakhand on EPC Mode,2026-07,192.54,13.0,0.0,0.0,0.0,,99.0,0.0,0.0,12.0,29.0,-17.0,2.4167,1.0,99.0,0.0,100.0,-1.0,5,6,0.0,0.0,0.0,0.0,2.0,0.0,0,0,0,1,0,0,Ministry of Road Transport & Highways,Roads & Highways,MoRTH,Uttarakhand
617889,Treatment of landslide zone from location no. 01 to 28 km 62.860 to 152.750 on NH- 12509 in the State of Uttarakhand under EPC mode in NHO Annual Plan 2022-23,2026-07,192.22,7.0,0.0,0.0,0.0,,98.5,0.0,0.0,12.0,37.0,-25.0,3.0833,1.0,98.5,0.0,100.0,-1.5,5,6,0.0,0.0,0.0,0.0,1.3,0.0,0,0,0,1,0,0,Ministry of Road Transport & Highways,Roads & Highways,MoRTH,Uttarakhand
617890,Construction of Champawat Bypass with two lane with paved shoulder configuration starting from existing chainage 121.700 to existing chainage 129.450 Design Length 9.847 of NH-125 in District-Champawat in the state of Uttrakhand on EPC mode.,2026-07,220.89,11.0,0.0,0.0,0.0,,8.5,0.5,6.25,23.0,6.0,17.0,0.2609,0.0,8.5,0.0,26.087,-17.587,6,7,0.5,0.5,0.0,0.0,1.4167,0.0,0,0,0,0,0,0,Ministry of Road Transport & Highways,Roads & Highways,MoRTH,Uttarakhand
617891,"Construction of Two lane with Paved Shoulder for Fatehpur Bypass Design Km 0.000 to Km 7.400 , Mandawa Bypass Design Km 20.925 to Km 27.300 & Jhunjhunu Bypass Design Km 41.625 to Km 54.689 of NH-11 on EPC Mode in the state of Rajasthan .",2026-05,186.29,11.0,66.7,35.8044,0.0,0.0,100.0,0.0,0.0,18.0,39.0,-21.0,2.1667,1.0,64.1956,0.358,100.0,0.0,5,6,0.0,0.0,0.0,0.0,0.2,0.0,0,0,0,1,0,0,Ministry of Road Transport & Highways,Roads & Highways,MoRTH,Rajasthan
617892,Construction of 2-lane road of Potin to Pangin section of NH-13 from Km 163.59 to Km 206.66 Package-5 on EPC Mode in the State of Arunachal Pradesh under Arunachal Pradesh Package of Roads and Highways of SARDP-NE [Job No SARDP-NE/P- P/Pkg-A/NH-13/Ar.Pr./PWD/2018-19/116],2026-07,450.65,20.0,345.01,76.5583,0.0,0.0,96.61,0.0,0.0,36.0,68.0,-32.0,1.8889,1.0,20.0517,0.7924,100.0,-3.39,7,8,0.0,0.0,0.0,36.4,0.0871,5.9457,0,0,0,1,0,0,Ministry of Road Transport & Highways,Roads & Highways,MoRTH,Arunachal Pradesh
617893,Construction of additional major Bridge with 4- lane configuration of length 1.48 km on NH-60 NH-14 over River Kangshabati from Km. 117.770 to Km 119.250 and additional major Bridge with 4- lane configuration of length 0.900 km on NH-60 NH- 14 over River Shilabati from Km. 173.220 to Km 174.120 in the district of Paschim Medinipur of West Bengal under Annual Plan for FY 2023-24 on EPC mode. Job No 014-W8-2023-24/527 .,2026-07,304.83,24.0,0.15,0.0492,0.11,275.0,0.0,0.0,,30.0,8.0,22.0,0.2667,0.0,-0.0492,,26.6667,-26.6667,6,7,0.0,0.0,0.11,0.15,0.0,0.025,0,0,0,0,0,0,Ministry of Road Transport & Highways,Roads & Highways,MoRTH,West Bengal
617894,"Construction or 4 lane Raniganj Bypass of length 5.261 km on NH-60 new NH-14 from km 273.00 of NH to km 478.18 of NH-2 New NH 16 in paschim Bardhaman, West Bengal in EPC Mode- reg. Job No. 014-WB-2022-23/514",2026-07,410.83,12.0,184.64,44.9432,10.33,5.9262,67.28,0.0,0.0,24.0,28.0,-4.0,1.1667,1.0,22.3368,0.668,100.0,-32.72,5,6,0.0,0.46,10.33,15.56,2.056,10.062,0,0,0,1,0,0,Ministry of Road Transport & Highways,Roads & Highways,MoRTH,West Bengal
617895,Construction of Mangaldoi Bypass NH-15 starting at Ch 26400 and terminating at Ch 41505 under Rangia NH Division L 15.105 Km in the State of Assam. Job No. 15/AS/2021-22/234,2026-07,535.03,13.0,209.27,39.1137,0.0,0.0,76.32,0.5,0.6595,24.0,39.0,-15.0,1.625,1.0,37.2063,0.5125,100.0,-23.68,7,8,0.5,0.67,0.0,27.78,3.0457,14.9571,0,0,0,1,0,0,Ministry of Road Transport & Highways,Roads & Highways,MoRTH,Assam
617896,"Construction of 4 lane Gauripur Bypass Starting bfrom Km 852.56 of NH- 31Dumardoha Pt-II and Terminating at Km 862.17 Baladmara via. Khudimari Pt.- II, Fulkumari, Charaldanga, Sajuakuti,Geramari Pt.-III and finally meeting at km 862.17 of NH-17New/ NH-31Old in the State of Assam under EPC Mode Job no. 31/AS/ 2023- 24/265",2026-07,421.15,13.0,0.0,0.0,0.0,,34.0,13.2,63.4615,18.0,15.0,3.0,0.8333,0.0,34.0,0.0,83.3333,-49.3333,6,7,13.2,15.7,0.0,0.0,4.0,0.0,0,0,0,0,0,0,Ministry of Road Transport & Highways,Roads & Highways,MoRTH,Assam
617897,Construction of proposed 4Lane Revelgunj bypass NH-19 in the State of Bihar on EPC mode connecting NH 19 to 85 origin,2026-07,295.24,16.0,44.18,14.9641,0.0,0.0,88.65,2.63,3.0574,24.0,36.0,-12.0,1.5,1.0,73.6859,0.1688,100.0,-11.35,7,8,2.63,5.17,0.0,11.11,2.2357,1.5871,0,0,0,1,0,0,Ministry of Road Transport & Highways,Roads & Highways,MoRTH,Bihar
617898,New construction of Major Bridge with Approaches from Km 0.000 to 1.200 Madhopur -Badabanta section of NH-20 under NHO in Annual Plan 2022-23 in the State of Odisha,2026-07,199.5,25.0,0.32,0.1604,0.0,0.0,0.0,0.0,,30.0,15.0,15.0,0.5,0.0,-0.1604,,50.0,-50.0,5,6,0.0,0.0,0.0,0.22,0.0,0.05,0,0,0,0,0,0,Ministry of Road Transport & Highways,Roads & Highways,MoRTH,Odisha
617899,Widening and Strengthening to 4LPS/2LPS from km 0.000 to 35.800 Kuakhia - Mangalpur section of NH 20 in the state of Odisha on Annual Plan 2021-22,2026-07,636.1,23.0,296.5,46.6122,0.28,0.0945,56.11,0.0,0.0,24.0,29.0,-5.0,1.2083,1.0,9.4978,0.8307,100.0,-43.89,7,8,0.0,0.0,0.28,3.64,1.5871,35.53,0,0,0,1,0,0,Ministry of Road Transport & Highways,Roads & Highways,MoRTH,Odisha
617900,Upgradation to Two Lane Paved Shoulder in km 33/0 to 126/520 of NH-23 Old NH- 11B Kothun-Lalsot-Karoli-Dholpur road in the state of Rajasthan under EPC mode Length-93.52 Km.,2026-05,150.11,9.0,12.2,8.1274,0.0,0.0,99.0,2.0,2.0619,24.0,44.0,-20.0,1.8333,1.0,90.8726,0.0821,100.0,-1.0,5,6,2.0,2.0,0.0,0.0,0.4,0.0,0,0,0,1,0,0,Ministry of Road Transport & Highways,Roads & Highways,MoRTH,Rajasthan
617901,Widening of Pachpadra-Bagundi Section to 4 Lane from Km 73/60 to 95/70 of NH-25 on EPC mode in the state of Rajasthan.,2026-07,194.88,11.0,55.29,28.3713,0.0,0.0,98.58,0.0,0.0,24.0,43.0,-19.0,1.7917,1.0,70.2087,0.2878,100.0,-1.42,7,8,0.0,0.0,0.0,6.82,1.94,0.9743,0,0,0,1,0,0,Ministry of Road Transport & Highways,Roads & Highways,MoRTH,Rajasthan
617902,construction or By-pass road on NH-26 for Nabrangpur Town,2026-07,168.95,21.0,11.13,6.5877,0.51,4.8023,38.0,3.0,8.5714,24.0,19.0,5.0,0.7917,0.0,31.4123,0.1734,79.1667,-41.1667,5,6,3.0,3.0,0.51,3.17,5.2,0.658,0,0,0,0,0,0,Ministry of Road Transport & Highways,Roads & Highways,MoRTH,Odisha
617904,Construction of Bypass road to Balangir town from km 72/400 Desing km 0/0 to km 79/800 Design km 11/670 of NH-26 in the State of Odisha.,2026-07,238.78,14.0,6.79,2.8436,0.0,0.0,55.0,0.0,0.0,30.0,39.0,-9.0,1.3,1.0,52.1564,0.0517,100.0,-45.0,7,8,0.0,0.0,0.0,0.7,7.8571,0.1,0,0,0,1,0,0,Ministry of Road Transport & Highways,Roads & Highways,MoRTH,Odisha
617905,Construction of 4 lane ROB with approaches in lieu of LC No. RV-172 at km 176.00 of NH-201 present NH-26 at Kesinga including land acquisition in the state of Odisha on EPC mode under Annual Plan 2021-22,2026-07,324.09,17.0,88.48,27.3011,0.0,0.0,78.0,7.91,11.2855,24.0,38.0,-14.0,1.5833,1.0,50.6989,0.35,100.0,-22.0,7,8,7.91,7.91,0.0,3.91,1.1429,3.2357,0,0,0,1,0,0,Ministry of Road Transport & Highways,Roads & Highways,MoRTH,Odisha
617906,Up-gradation of Dhoraji-Jamkandorna-Kalavad Section of NH-927D from Design Chainage km 0/00 to km 58/115 to Two lane with PS configuration in the State of Gujarat on EPC,2026-07,246.6,27.0,0.0,0.0,0.0,,35.0,0.0,0.0,24.0,18.0,6.0,0.75,0.0,35.0,0.0,75.0,-40.0,6,7,0.0,0.0,0.0,0.0,2.3333,0.0,0,0,0,0,0,0,Ministry of Road Transport & Highways,Roads & Highways,MoRTH,Gujarat
617907,Rehabilitation and Up-gradation from Km 170700 Bhadrachalam to Km 234567 Konta on NH-30 to Two lane with Paved Shoulder in the State of Andra Pradesh on EPC mode.,2026-05,436.09,9.0,221.22,50.7281,0.0,0.0,100.0,0.0,0.0,24.0,44.0,-20.0,1.8333,1.0,49.2719,0.5073,100.0,0.0,5,6,0.0,0.0,0.0,5.48,2.2,2.834,0,0,0,1,0,0,Ministry of Road Transport & Highways,Roads & Highways,MoRTH,Andhra Pradesh
617908,Bemetara Bypass NH 30,2026-07,161.96,15.0,0.0,0.0,0.0,,42.0,0.0,0.0,24.0,15.0,9.0,0.625,0.0,42.0,0.0,62.5,-20.5,5,6,0.0,5.0,0.0,0.0,7.4,0.0,0,0,0,0,0,0,Ministry of Road Transport & Highways,Roads & Highways,MoRTH,Chhattisgarh
617909,Construction of Rewa Bypass to 4-lane with paved shoulder along with service road from Ratahara Chowk to Chorhata Chowk Road section of NH-30 from km 00.000 to 19.200 in the State of Madhya Pradesh on Hybrid Annuity Mode HAM.,2026-07,648.05,11.0,0.0,0.0,0.0,,50.0,0.0,0.0,24.0,17.0,7.0,0.7083,0.0,50.0,0.0,70.8333,-20.8333,5,6,0.0,0.0,0.0,0.0,0.0,0.0,0,0,0,0,0,0,Ministry of Road Transport & Highways,Roads & Highways,MoRTH,Madhya Pradesh
617911,Rehabilitation and upgradation Umaria to Shahdol section of NH-78 from Existing Km. 68/4 to Km. 142/2 to 2LPS including construction of Birshinghpur and Shahdol Bypass on EPC mode under NHDP-IVA,2026-07,511.83,5.0,0.0,0.0,0.0,,94.5,0.0,0.0,23.0,131.0,-108.0,5.6957,1.0,94.5,0.0,100.0,-5.5,7,8,0.0,0.0,0.0,0.0,13.5,0.0,0,0,0,1,0,0,Ministry of Road Transport & Highways,Roads & Highways,MoRTH,Madhya Pradesh
617912,Construction of 6 lane flyover from Khapari ROB to Mihan Interchange design chainage km 8760 to 11450 L- 2.69 km and upgradation of existing 4L PS road to 6LPS with service road by flexible pavement design chainage km 11450 to 14500 L- 3.05 [total project length 5.74 km] in section of Nagpur - Hyderabad NH-44 Old NH-7 in Nagpur district in the state of Maharashtra on HAM mode.,2026-07,619.55,19.0,18.35,2.9618,18.35,,8.24,0.0,0.0,24.0,9.0,15.0,0.375,0.0,5.2782,0.3594,37.5,-29.26,6,7,0.0,0.0,18.35,18.35,1.3733,3.0583,0,0,0,0,0,0,Ministry of Road Transport & Highways,Roads & Highways,MoRTH,Maharashtra
617913,6-laning of km 9.900 to km 19/948 Aramgarh to Shamshabad Section of Hyderabad- Bangalore section of NH-44 Under NHO EPC basis in the state of Telangana,2026-07,283.15,4.0,480.41,169.6663,0.0,0.0,92.62,0.0,0.0,24.0,98.0,-74.0,4.0833,1.0,-77.0463,1.8319,100.0,-7.38,7,8,0.0,0.0,0.0,0.03,0.66,32.59,0,0,0,1,0,0,Ministry of Road Transport & Highways,Roads & Highways,MoRTH,Telangana
617914,Upgradation and reconstruction of Shahpura-Dindori Section of NH 45 from Km 103.700 Design to Km 164.580 Design including 3 bypasses Total length 60.88km to Two lane with paved shoulder configuration along with One time improvement in 03 nos of bypassed built-up areas in a total length of 12.341 km in the State of Madhya Pradesh on EPC mode,2026-07,241.23,22.0,50.78,21.0504,50.78,,41.25,8.73,26.845,23.0,30.0,-7.0,1.3043,1.0,20.1996,0.5103,100.0,-58.75,6,7,8.73,12.16,50.78,50.78,6.875,8.4633,0,0,0,1,0,0,Ministry of Road Transport & Highways,Roads & Highways,MoRTH,Madhya Pradesh
617915,Upgradation of Dindori-Sagartola-kabichabutra MP-CG border section of NH -45 from km 000Design to km 77.00 Design to Two lane with paved shoulder configration along with one time improvement in 04 nos. of bypaased built-up areas in a total length of 9.1 km in the state of Madhya Pradesh on EPC mode.,2026-06,329.14,20.0,0.0,0.0,0.0,,100.0,6.32,6.7464,24.0,33.0,-9.0,1.375,1.0,100.0,0.0,100.0,0.0,6,7,6.32,6.32,0.0,0.0,16.6667,0.0,0,0,0,1,0,0,Ministry of Road Transport & Highways,Roads & Highways,MoRTH,Madhya Pradesh
617916,Work of 6 laning/Construction of elevated corridor from km 0/0 to 10/170 Narol Junction to Sarkhej junction including 4 lane Shastri Bridge on Sabarmati river on NH 47 in the State of Gujarat on HAM mode,2026-07,1295.39,17.0,0.0,0.0,0.0,,35.0,5.0,16.6667,30.0,11.0,19.0,0.3667,0.0,35.0,0.0,36.6667,-1.6667,6,7,5.0,7.0,0.0,0.0,5.0,0.0,0,0,0,0,0,0,Ministry of Road Transport & Highways,Roads & Highways,MoRTH,Gujarat
617917,"Construction of 4 Lane Flyover at Nagpur RTO Chowk To Nagpur University Campus from Ch 2/250 to 5/100 and 4 lane flyover at wadi/midc junction from km 8/360 to km, 10/300 on NH 53 in state of Maharashtra.",2026-05,478.83,12.0,0.0,0.0,0.0,,95.0,0.0,0.0,24.0,50.0,-26.0,2.0833,1.0,95.0,0.0,100.0,-5.0,5,6,0.0,0.0,0.0,0.0,0.0,0.0,0,0,0,1,0,0,Ministry of Road Transport & Highways,Roads & Highways,MoRTH,Maharashtra
617918,"Widening and Strengthening of existing S/L, I/L, & D/L to 2 Lane with PS from Km 256/455 to 256/503, 256/820 to 256/960, 265/760 to 266/010, 266/010 to 266/800, 270/975 to 271/055, 276/460 to 276/560, 276/560 to 276/700, 276/700 to 277/480, 285/780 to 288/290, 288/290 to 291/050 and construction of 3 Nos. of Bypass from Km 266/800 to 267/300, 270/025 to 270/975, & 284/700 to 285/780 on NH-53 under NHO in Annual Plan 2022-23 for the State of Odisha.",2026-07,174.21,39.0,6.43,3.6909,,,0.0,,,18.0,1.0,17.0,0.0556,0.0,-3.6909,,5.5556,-5.5556,0,1,,,,,,,0,1,0,0,0,0,Ministry of Road Transport & Highways,Roads & Highways,MoRTH,Odisha
617919,Construction of 4 Nos Grade separtor between km. 281.000 to km. 307.600 km. 286.400 kumhari km. 299.000 Transport Nagar km. 302.000 Power House km. 304.000 Chandra Moura Chowk to km. 305.000 supeia of NH-53 old NH-06 Raipur - Durg 4 Lane on EPC mode in the state of chhattisgarh job NO. NH-53old NH-06 CG- 2017-18-56,2026-07,349.03,10.0,304.04,87.11,304.04,,97.9,0.0,0.0,24.0,90.0,-66.0,3.75,1.0,10.79,0.8898,100.0,-2.1,7,8,0.0,0.0,304.04,304.04,0.1286,43.4343,0,0,0,1,0,0,Ministry of Road Transport & Highways,Roads & Highways,MoRTH,Chhattisgarh
617920,Widening and Strengthening to 2LPS including LA from km 318.970 to 353.450 Balikuda-Mulkani Section of NH-55 under NHO in Annual Plan 2022-23 in the State of Odisha. Job No. NH-55-OD-2022-23-656,2026-07,511.54,41.0,7.64,1.4935,7.64,,3.0,0.0,0.0,24.0,13.0,11.0,0.5417,0.0,1.5065,0.4978,54.1667,-51.1667,5,6,0.0,0.0,7.64,7.64,0.2,1.528,0,0,0,0,0,0,Ministry of Road Transport & Highways,Roads & Highways,MoRTH,Odisha
617921,Widening and strengthening to 2LPS including LA of Kandarpur-Balikuda from km 277/500 to 318/970 of NH-55 in the State of Odisha under Annual Plan 2021-22.,2026-07,499.79,15.0,131.36,26.283,0.0,0.0,66.0,5.35,8.8211,24.0,37.0,-13.0,1.5417,1.0,39.717,0.3982,100.0,-34.0,7,8,5.35,5.35,0.0,1.62,2.2857,4.5329,0,0,0,1,0,0,Ministry of Road Transport & Highways,Roads & Highways,MoRTH,Odisha
617922,Construction of Jharsuguda Bypass including Land acqusition on NH-49 from km 258.636 to km 283.300 design chainage 258.636 to km 289.876 under NHO in Annual Plan 2022-23 for the state of Odisha Job No.NH-49-OD-2022-23-655,2026-07,587.1,40.0,52.58,8.9559,0.07,0.1333,25.0,2.0,8.6957,30.0,18.0,12.0,0.6,0.0,16.0441,0.3582,60.0,-35.0,5,6,2.0,2.0,0.07,0.1,2.4,3.848,0,0,0,0,0,0,Ministry of Road Transport & Highways,Roads & Highways,MoRTH,Odisha
617923,Construction of Daspalla Bypass from km 195.250 To 200.635 of NH-57 including land acquisition in the state of Odisha on EPC mode under Annual Plan 2022-23.,2026-07,155.97,27.0,53.05,34.013,3.01,6.0152,25.0,0.0,0.0,24.0,14.0,10.0,0.5833,0.0,-9.013,1.3605,58.3333,-33.3333,6,7,0.0,0.0,3.01,8.34,1.6667,8.4,0,0,0,0,0,0,Ministry of Road Transport & Highways,Roads & Highways,MoRTH,Odisha
617924,Construction of bypass to Nayagarh town from km 235.469 to 252.482 of NH-57 including land acquisition in the state of Odisha.,2026-05,300.33,16.0,82.33,27.4132,0.0,0.0,100.0,0.0,0.0,23.0,36.0,-13.0,1.5652,1.0,72.5868,0.2741,100.0,0.0,5,5,0.0,0.0,0.0,0.0,6.4,0.838,0,0,0,1,0,0,Ministry of Road Transport & Highways,Roads & Highways,MoRTH,Odisha
617925,Construction of Bypass to Khordha town from Km 294/000 to 300/300 on NH-57 including LA in the State of Odisha on EPC mode.,2026-07,157.49,15.0,33.69,21.3918,0.02,0.0594,92.0,0.0,0.0,18.0,38.0,-20.0,2.1111,1.0,70.6082,0.2325,100.0,-8.0,7,8,0.0,10.0,0.02,0.08,8.1429,0.0114,0,0,0,1,0,0,Ministry of Road Transport & Highways,Roads & Highways,MoRTH,Odisha
617926,Construction of new 4 lane major bridge with approaches on Sabarmati River near Dharoi at Km. 82/00 to 86/00 Design length 3.300 km on NH-58 in the State of Gujarat on Hybrid Annuity Mode HAM,2026-07,398.4,17.0,0.0,0.0,0.0,,53.0,9.0,20.4545,24.0,11.0,13.0,0.4583,0.0,53.0,0.0,45.8333,7.1667,6,7,9.0,20.0,0.0,0.0,7.5,0.0,0,0,0,0,0,0,Ministry of Road Transport & Highways,Roads & Highways,MoRTH,Gujarat
617927,Widening to 2LPS between Km 0/0 to 56/0 Khokhara Gujarat Border Vijayanagar Antrasuba Mathasur road of NH 58 in the State of Gujarat,2026-07,699.19,18.0,0.0,0.0,0.0,,36.0,1.0,2.8571,24.0,10.0,14.0,0.4167,0.0,36.0,0.0,41.6667,-5.6667,6,7,1.0,12.0,0.0,0.0,4.3333,0.0,0,0,0,0,0,0,Ministry of Road Transport & Highways,Roads & Highways,MoRTH,Gujarat
617928,"Widening 2 lane to 4-lane from KM 92/320 to Km 115/320 Vav Chokdi-Satlasana to to Vrundavan Chokdi, Kheralu on NH-58 in the State of Gujarat.",2026-07,151.13,24.0,0.0,0.0,0.0,,98.0,0.0,0.0,24.0,28.0,-4.0,1.1667,1.0,98.0,0.0,100.0,-2.0,7,8,0.0,0.0,0.0,0.0,2.8571,0.0,0,0,0,1,0,0,Ministry of Road Transport & Highways,Roads & Highways,MoRTH,Gujarat
617929,Construction of 2 lane with paved shoulder of Kund Bypass from Design Km 35.130 to Km 47.700 existing Km 33.130 to Km 41.260 of NH-109 in the State of Uttarakhand,2026-07,247.41,3.0,114.6,46.3199,0.0,0.0,73.5,0.0,0.0,24.0,98.0,-74.0,4.0833,1.0,27.1801,0.6302,100.0,-26.5,7,8,0.0,0.0,0.0,3.62,0.0714,16.3714,0,0,0,1,0,0,Ministry of Road Transport & Highways,Roads & Highways,MoRTH,Uttarakhand
617930,Construction of Bypass on NH-59 from Km 336/350 to 349/910 13.56 km near Berhampur town including 4-lane RoB in the state of Odisha.,2026-07,196.94,12.0,59.55,30.2376,0.01,0.0168,70.0,0.0,0.0,45.0,52.0,-7.0,1.1556,1.0,39.7624,0.432,100.0,-30.0,7,8,0.0,-5.0,0.01,8.38,5.0,4.1557,0,0,0,1,0,0,Ministry of Road Transport & Highways,Roads & Highways,MoRTH,Odisha
617931,Construction of ROB and its approaches in lieu of LC No. 10/B/T at Km 307.050 of NH-60.,2026-07,155.87,89.0,20.6,13.2161,20.6,,17.08,0.24,1.4252,24.0,35.0,-11.0,1.4583,1.0,3.8639,0.7738,100.0,-82.92,5,6,0.24,0.73,20.6,20.6,0.416,4.12,0,0,0,1,0,0,Ministry of Road Transport & Highways,Roads & Highways,MoRTH,West Bengal
617932,Construction of New Four Lane Bypass to Parbhani City Parwa to Asola Km 463/265 to Km 481/180 Design Ch. 19220 to Ch. 34434 Length-15.214 Km section of NH-61 on EPC mode in the State of Maharashtra.,2026-07,496.64,16.0,210.17,42.3184,210.17,,70.14,0.0,0.0,15.0,36.0,-21.0,2.4,1.0,27.8216,0.6033,100.0,-29.86,7,8,0.0,0.0,210.17,210.17,1.4486,30.0243,0,0,0,1,0,0,Ministry of Road Transport & Highways,Roads & Highways,MoRTH,Maharashtra
617933,Up-gradation to four lane/ Two lane with paved shoulders configuration of Kalyan - Murbad - Malshej Ghat - Nirmal Road NH- 61 km 15/200 to Km 38/00 and from Km. 58/00 to Km 84/00 Design length 48.58 km of NH-61 on EPC Mode in Thane District in the state of Maharashtra,2026-05,984.07,13.0,0.0,0.0,0.0,,100.0,0.0,0.0,29.0,26.0,3.0,0.8966,0.0,100.0,0.0,89.6552,10.3448,5,6,0.0,0.0,0.0,0.0,5.2,0.0,0,0,0,0,0,0,Ministry of Road Transport & Highways,Roads & Highways,MoRTH,Maharashtra
617934,Nasratpur to Barasgaon section of NH-61 2L / 4L PS from Km.514/00 to 558/200,2026-07,406.54,2.0,528.24,129.9356,528.24,,95.84,0.0,0.0,24.0,106.0,-82.0,4.4167,1.0,-34.0956,1.3558,100.0,-4.16,7,8,0.0,0.0,528.24,528.24,0.12,75.4629,0,0,0,1,0,0,Ministry of Road Transport & Highways,Roads & Highways,MoRTH,Maharashtra
617935,"Construction of Elevated corridor from Km. 135.650 to 136.300 on 63, from Km. 249 to Km. 250.050 on old NH-4 and from Km. 192.910 to Km. 193.350 on NH-218 from decongestion of traffic in Ranichennamma circle in Hubli city in the state of Karnataka on EPC basis",2026-07,298.0,10.0,232.09,77.8826,0.0,0.0,65.0,0.0,0.0,36.0,61.0,-25.0,1.6944,1.0,-12.8826,1.1982,100.0,-35.0,7,8,0.0,0.0,0.0,57.03,1.8571,12.9771,0,0,0,1,0,0,Ministry of Road Transport & Highways,Roads & Highways,MoRTH,Karnataka
617936,Widening to two/four lane with paved shoulder from Km.180.600 to Km.223.000 of NH-63 on Nizamabad-Jagadalpur road on EPC mode under NHO in the state of Telangana.,2026-07,253.99,5.0,0.0,0.0,0.0,,100.0,0.0,0.0,24.0,112.0,-88.0,4.6667,1.0,100.0,0.0,100.0,0.0,7,8,0.0,0.0,0.0,0.0,14.2857,0.0,0,0,0,1,0,0,Ministry of Road Transport & Highways,Roads & Highways,MoRTH,Telangana
617937,Udgir Raavi Degloor Aadampur phata to Sagroli fata,2026-07,809.77,17.0,0.93,0.1148,0.93,,12.0,0.0,0.0,24.0,3.0,21.0,0.125,0.0,11.8852,0.0096,12.5,-0.5,3,4,0.0,12.0,0.93,0.93,4.0,0.31,0,0,0,0,0,0,Ministry of Road Transport & Highways,Roads & Highways,MoRTH,Maharashtra
617938,Rehabilitation And Upgradation to four lane with paved shoulder configuration from km 24350 to km 61875 Jawale - Borgaon Kale of NH-63 in the State of Maharashtra on EPC mode under Annual Plan 2024-25 Total length - 37.525 Km.,2026-07,574.18,9.0,7.54,1.3132,0.05,0.6676,20.0,0.0,0.0,18.0,10.0,8.0,0.5556,0.0,18.6868,0.0657,55.5556,-35.5556,6,7,0.0,10.0,0.05,7.47,3.1667,1.25,0,0,0,0,0,0,Ministry of Road Transport & Highways,Roads & Highways,MoRTH,Maharashtra
617939,6-Laning of Pune-Hyderabad Section of NH-65 from Km 493/0 to Km 524/0 from Sangareddy X Roads to Madinaguda in the State of Telangana,2026-07,1297.75,16.0,0.0,0.0,0.0,,45.85,1.12,2.5039,24.0,24.0,0.0,1.0,0.0,45.85,0.0,100.0,-54.15,5,6,1.12,8.35,0.0,0.0,2.37,0.0,0,0,0,0,0,0,Ministry of Road Transport & Highways,Roads & Highways,MoRTH,Telangana
617940,"Rehabilitation and Upgradation of LB-Nagar to Malkapur section to 6-Lane main carriageway with service roads, drains cum footpath, including VUPs and widening of Minor bridge & road safety provisions from Km. 15/00 to Km 40/00 of NH-65 Old NH-9 under NH O for the year 2020-21 in the state of Telangana on EPC Mode.",2026-07,545.11,16.0,290.36,53.2663,0.0,0.0,83.47,1.19,1.4463,24.0,48.0,-24.0,2.0,1.0,30.2037,0.6381,100.0,-16.53,7,7,1.19,1.68,0.0,15.23,3.3529,4.5157,0,0,0,1,0,0,Ministry of Road Transport & Highways,Roads & Highways,MoRTH,Telangana
617941,4-Laning from End of Zuari approaches to Start of Margao Bypass section of NH-66 from Km 536.800 to Km 543.450,2026-07,398.25,19.0,0.28,0.0703,0.28,,1.0,0.5,100.0,24.0,5.0,19.0,0.2083,0.0,0.9297,0.0703,20.8333,-19.8333,5,6,0.5,0.5,0.28,0.28,0.2,0.056,0,0,0,0,0,0,Ministry of Road Transport & Highways,Roads & Highways,MoRTH,Goa
617942,Construction of Six lane Elevated Corridor from Km. 508.000 to Km. 513.150 including approaches on NH-66,2026-07,641.46,12.0,0.0,0.0,0.0,,99.08,1.98,2.0391,24.0,27.0,-3.0,1.125,1.0,99.08,0.0,100.0,-0.92,7,8,1.98,2.33,0.0,0.0,5.2971,0.0,0,0,0,1,0,0,Ministry of Road Transport & Highways,Roads & Highways,MoRTH,Goa
617943,4-laning of Navelim to Cuncolim Section of NH-66 from Km 554.245 to Km 561.480 on HAM Mode,2026-07,746.75,16.0,0.0,0.0,0.0,,0.0,0.0,,30.0,3.0,27.0,0.1,0.0,0.0,,10.0,-10.0,2,3,0.0,0.0,0.0,0.0,0.0,0.0,0,0,0,0,0,0,Ministry of Road Transport & Highways,Roads & Highways,MoRTH,Goa
617944,Kashedi ghat tunnel NH-66 [Bhogaon Khurd - Kashedi section] 4 lanes under NHDP on EPC mode,2026-05,680.43,1.0,0.0,0.0,0.0,,98.37,0.0,0.0,30.0,91.0,-61.0,3.0333,1.0,98.37,0.0,100.0,-1.63,5,6,0.0,0.0,0.0,0.0,0.074,0.0,0,0,0,1,0,0,Ministry of Road Transport & Highways,Roads & Highways,MoRTH,Maharashtra
617945,Balance work of NH-66 from design Km 84/00 to Km 87/100 Indapur Bypass and Km 91/600 to Km 99/100 Mangaon Bypass to four lane with paved shoulder in State of Maharashtra under NHO on EPC Mode.,2026-07,354.21,7.0,0.0,0.0,0.0,,67.16,0.72,1.0837,18.0,9.0,9.0,0.5,0.0,67.16,0.0,50.0,17.16,6,7,0.72,9.02,0.0,0.0,11.1933,0.0,0,0,0,0,0,0,Ministry of Road Transport & Highways,Roads & Highways,MoRTH,Maharashtra
617946,Kashedi to Parshuram Ghat section of NH-66 from Km 161/600 - Km 205/400 - 4L PS,2026-07,1142.62,23.0,427.48,37.4123,427.48,,97.5,0.0,0.0,24.0,101.0,-77.0,4.2083,1.0,60.0877,0.3837,100.0,-2.5,6,7,0.0,0.0,427.48,427.48,0.0833,71.2467,0,0,0,1,0,0,Ministry of Road Transport & Highways,Roads & Highways,MoRTH,Maharashtra
617947,Arawali Kante section of NH-17New NH-66 4L PS from Km.241/300 to 281/300,2026-07,1006.99,20.0,0.17,0.0169,0.17,,80.06,0.0,0.0,24.0,104.0,-80.0,4.3333,1.0,80.0431,0.0002,100.0,-19.94,7,8,0.0,0.0,0.17,0.17,11.4371,0.0243,0,0,0,1,0,0,Ministry of Road Transport & Highways,Roads & Highways,MoRTH,Maharashtra
617948,Kante - Wakad section of NH-66 4L PS from Km.281/300 to 332/200,2026-07,1117.75,20.0,375.93,33.6327,0.0,0.0,90.14,0.0,0.0,24.0,104.0,-80.0,4.3333,1.0,56.5073,0.3731,100.0,-9.86,7,8,0.0,0.0,0.0,87.97,0.02,29.2586,0,0,0,1,0,0,Ministry of Road Transport & Highways,Roads & Highways,MoRTH,Maharashtra
617949,Tadipatri Bypass Km 0000 to Km 6285 of 4-Lane on NH-67 in Anantapuramu district of AP state under NHO on EPC Mode under Annual Plan 2022-23,2026-06,159.66,12.0,75.64,47.3757,16.38,27.6409,100.0,0.0,0.0,24.0,27.0,-3.0,1.125,1.0,52.6243,0.4738,100.0,0.0,6,7,0.0,0.0,16.38,16.38,5.1667,7.1783,0,0,0,1,0,0,Ministry of Road Transport & Highways,Roads & Highways,MoRTH,Andhra Pradesh
617950,Construction of Srinivasapura Bypass from existing Km 453.890 Design Ch. 0000 to existing Km 461.450 Design Ch 10080 on NH-69 in the State of Karnataka Under NH O in EPC mode under Annual Plan 2022-23 NH-69-KNT-2022-23-966 dated 22.11.2022,2026-07,204.42,32.0,9.76,4.7745,9.76,,22.0,2.0,10.0,18.0,12.0,6.0,0.6667,0.0,17.2255,0.217,66.6667,-44.6667,6,7,2.0,22.0,9.76,9.76,3.6667,1.6267,0,0,0,0,0,0,Ministry of Road Transport & Highways,Roads & Highways,MoRTH,Karnataka
617951,Construction of Chintamani Bypass from Design Ch.0000 Existing Ch.428880 to Design Ch.15400 Existing Ch.444010 on NH-69 in the State of Karnataka in EPC Mode under NHO Annual Plan 2022-23. NH-69-KNT-2022-23-989 dated 24.03.2023,2026-07,314.55,34.0,7.02,2.2318,2.99,74.1935,14.0,4.0,40.0,18.0,6.0,12.0,0.3333,0.0,11.7682,0.1594,33.3333,-19.3333,3,4,4.0,14.0,2.99,7.02,4.6667,2.34,0,0,0,0,0,0,Ministry of Road Transport & Highways,Roads & Highways,MoRTH,Karnataka
617954,Balance work of Rehabilitation and upgrading to 2lane/2lane with paved shoulder configuration and strengthening from from Km 343.80 to 400.33 of Gowribidanur-Chik Ballapur section in the state of Karnataka Under Annual Plan 2021-22 under EPC Mode.-952,2026-05,398.48,11.0,211.59,53.0993,0.0,0.0,93.25,0.0,0.0,24.0,39.0,-15.0,1.625,1.0,40.1507,0.5694,100.0,-6.75,5,6,0.0,0.0,0.0,0.0,4.25,6.516,0,0,0,1,0,0,Ministry of Road Transport & Highways,Roads & Highways,MoRTH,Karnataka
617955,Widening to two lane with paved Shoulders from Km 40.00 to Km 75.00 Existing chainages of Mangalore - Tumkur section of NH-73 in the State of Karnataka on EPC Mode under Annual Plan 2021-22 Job No NH-73-KNT-2021-22-945,2026-07,718.52,12.0,312.83,43.5381,3.84,1.2428,85.0,1.0,1.1905,24.0,40.0,-16.0,1.6667,1.0,41.4619,0.5122,100.0,-15.0,7,8,1.0,2.0,3.84,3.99,1.8571,7.5429,0,0,0,1,0,0,Ministry of Road Transport & Highways,Roads & Highways,MoRTH,Karnataka
617957,Construction of Jasra Bypass with four lane paved shoulder configurationfrom Km 379.670 on NH-76New NH-35 to Km 18.00 on NH-27New NH-30 on EPC in the State of Uttar Pradesh.,2026-05,274.06,13.0,0.0,0.0,0.0,,91.85,0.0,0.0,18.0,26.0,-8.0,1.4444,1.0,91.85,0.0,100.0,-8.15,5,6,0.0,0.0,0.0,0.0,0.17,0.0,0,0,0,1,0,0,Ministry of Road Transport & Highways,Roads & Highways,MoRTH,Uttar Pradesh
617958,Widening & Strenthening from km132.895 to km 190.15 NH-80,2026-07,566.1,20.0,293.89,51.9149,1.54,0.5268,73.21,-21.89,-23.0179,24.0,44.0,-20.0,1.8333,1.0,21.2951,0.7091,100.0,-26.79,7,8,-21.89,-21.8,1.54,40.21,5.1729,10.3271,0,0,0,1,0,0,Ministry of Road Transport & Highways,Roads & Highways,MoRTH,Bihar
617959,Rehabilitation & Widening work for 2 Lane with Paved Shoulder of Existing NH-80 from km 70.15 to Km 121.025 of Munger-Suttanganj -BhagatpurMirzachowki section on EPC Mode in the State of Bihar.,2026-05,477.54,23.0,311.39,65.2071,0.0,0.0,95.66,0.0,0.0,23.0,39.0,-16.0,1.6957,1.0,30.4529,0.6817,100.0,-4.34,5,6,0.0,0.0,0.0,0.0,0.132,0.0,0,0,0,1,0,0,Ministry of Road Transport & Highways,Roads & Highways,MoRTH,Bihar
617960,Construction of new road at the missing link portion of NH-81 along approved alignment between Harishchandrapur and Eastern approach of Kalindri Bridge from Km 46.550 to Km 59.697 in the district of Malda. Job No-081-WB-2015-16/400,2026-07,271.17,3.0,216.61,79.8798,0.0,0.0,85.56,0.48,0.5642,24.0,116.0,-92.0,4.8333,1.0,5.6802,0.9336,100.0,-14.44,7,8,0.48,0.78,0.0,7.38,12.2229,29.8871,0,0,0,1,0,0,Ministry of Road Transport & Highways,Roads & Highways,MoRTH,West Bengal
617961,Gaya-Hisua-Rajgir-Nalanda-Biharsharif section km0.00 to 92.935 NH-82,2026-07,1408.85,34.0,0.0,0.0,0.0,,97.0,0.0,0.0,36.0,116.0,-80.0,3.2222,1.0,97.0,0.0,100.0,-3.0,7,8,0.0,0.0,0.0,0.0,13.8571,0.0,0,0,0,1,0,0,Ministry of Road Transport & Highways,Roads & Highways,MoRTH,Bihar
617962,"Construction of Bypass to Madurai Achambathu Viratipathu in between km 6/850 10/382 of NH 49 Extn New NH 85 including Land Acquisition on Engineering, Procurement & Construction EPC basis Contract under NH O Annual Plan 2021-22 in the state of Tamil Nadu job No.NH-49 Extn New NH 85 - TN-2021-22-997",2026-07,238.97,30.0,126.56,52.9606,0.13,0.1028,94.0,0.0,0.0,23.0,22.0,1.0,0.9565,0.0,41.0394,0.5634,95.6522,-1.6522,7,8,0.0,0.0,0.13,7.23,3.1429,5.8457,0,0,0,0,0,0,Ministry of Road Transport & Highways,Roads & Highways,MoRTH,Tamil Nadu
617963,Rehabilitation and upgradation to four lane road from km 70.500 to km 78.600 of NH- 92 under EPC mode in the State of Uttar Pradesh,2026-07,296.02,36.0,75.38,25.4645,75.38,,39.0,6.0,18.1818,24.0,18.0,6.0,0.75,0.0,13.5355,0.6529,75.0,-36.0,6,7,6.0,6.0,75.38,75.38,3.1667,12.5633,0,0,0,0,0,0,Ministry of Road Transport & Highways,Roads & Highways,MoRTH,Uttar Pradesh
617964,"Widening to Four Lane rigid pavement configuration from Km 90.00 to Km 100.800 on NH-96 Km 42.0 to Km 53.300 as per new NH-330,design length of 11.300 km under EPC mode in the state of Uttar Pradesh.",2026-07,309.63,23.0,41.92,13.5387,3.84,10.084,31.09,0.09,0.2903,24.0,20.0,4.0,0.8333,0.0,17.5513,0.4355,83.3333,-52.2433,7,8,0.09,5.09,3.84,4.66,1.2986,2.4443,0,0,0,0,0,0,Ministry of Road Transport & Highways,Roads & Highways,MoRTH,Uttar Pradesh
617965,Kopargaon to Savali Vihir section,2026-07,195.38,7.0,105.76,54.1304,105.76,,93.45,2.95,3.2597,18.0,42.0,-24.0,2.3333,1.0,39.3196,0.5792,100.0,-6.55,7,8,2.95,13.45,105.76,105.76,2.35,15.1086,0,0,0,1,0,0,Ministry of Road Transport & Highways,Roads & Highways,MoRTH,Maharashtra
617966,Rehabilitation and Upgrading to 2 lanes/2-lane with paved shoulders configuration and strengthening of of Birpur and Bihpur Section from km 0.0 to Km 106 of NH 106 under phase I of National Highways Interconnectivity Improvement Projects NHIIP ICB No. NHIIP-BR-106-7 [NHIIP-BR-106-7],2026-07,780.77,33.0,0.04,0.0051,0.0,0.0,99.74,0.0,0.0,36.0,117.0,-81.0,3.25,1.0,99.7349,0.0001,100.0,-0.26,7,8,0.0,0.0,0.0,0.0,14.2486,0.0057,0,0,0,1,0,0,Ministry of Road Transport & Highways,Roads & Highways,MoRTH,Bihar
617967,Construction of Rudraprayag tunnel of length 900.30 MTR including approaches and one major bridge on river Alaknanda connecting NH-107/old-109 to NH-07old-58 on EPC mode in the state of Uttarakhand.,2026-07,251.88,23.0,108.94,43.2508,108.94,,99.0,0.0,0.0,30.0,42.0,-12.0,1.4,1.0,55.7492,0.4369,100.0,-1.0,5,6,0.0,0.0,108.94,108.94,0.6,13.022,0,0,0,1,0,0,Ministry of Road Transport & Highways,Roads & Highways,MoRTH,Uttarakhand
617968,Construction & Widening Including Augustmuni Bypass Ch-16.545 to Ch - 19.890 to 2L/PS from Km 16.545-Km 33.130 & 45.980 -57.975 Augustmuni to Kund & Guptkashi to Sitapur on NH 109 in UK,2026-07,418.89,11.0,426.18,101.7403,426.18,,95.0,0.0,0.0,24.0,101.0,-77.0,4.2083,1.0,-6.7403,1.071,100.0,-5.0,7,8,0.0,0.0,426.18,3.46,0.0,35.4043,0,0,0,1,0,0,Ministry of Road Transport & Highways,Roads & Highways,MoRTH,Uttarakhand
617969,Construction of 4 Lane ROB and its approaches at the level crossing LC No 29 B of Km 29 Ekangarsarai at NH 110 New NH 33 & Railway Km 32.63 at Fatwa FUT Islampur IPR section in the state of Bihar on EPC mode.,2026-07,201.08,16.0,0.01,0.005,0.0,0.0,62.0,0.0,0.0,24.0,24.0,0.0,1.0,0.0,61.995,0.0001,100.0,-38.0,7,8,0.0,2.0,0.0,0.0,4.2857,0.0,0,0,0,0,0,0,Ministry of Road Transport & Highways,Roads & Highways,MoRTH,Bihar
617970,Reconstruction of existing 2 L/IL to 2L with paved shoulder from existing km 52.200 to 92.880 of NH-,2026-05,282.08,8.0,166.13,58.8946,0.0,0.0,100.0,0.0,0.0,24.0,107.0,-83.0,4.4583,1.0,41.1054,0.5889,100.0,0.0,5,6,0.0,0.0,0.0,0.0,0.0,1.896,0,0,0,1,0,0,Ministry of Road Transport & Highways,Roads & Highways,MoRTH,Uttarakhand
617971,Up-gradation to Two/Four lane with paved shoulder Configuration of Kondagaon- Narayanpur from design ch. 0.00 - 48.693 Design Length 47.493 Km. 1.20 Km. retained on NH-130D under EPC mode in the State Chhattisgarh.,2026-07,322.4,27.0,1.14,0.3536,0.0,0.0,70.0,0.0,0.0,24.0,16.0,8.0,0.6667,0.0,69.6464,0.0051,66.6667,3.3333,6,7,0.0,4.0,0.0,0.04,8.3333,0.0067,0,0,0,0,0,0,Ministry of Road Transport & Highways,Roads & Highways,MoRTH,Chhattisgarh
617972,Upgradation to Two lane with Paved Shoulder Configuration of Narayanpur Kasturmeta pkg-II from design ch. 48.693 to 70.453 design length21.760 Km. on NH-130D under EPC mode in the state of Chhattisgarh.,2026-07,200.67,24.0,0.0,0.0,0.0,,0.0,0.0,,18.0,19.0,-1.0,1.0556,1.0,0.0,,100.0,-100.0,5,6,0.0,0.0,0.0,-14.99,0.0,-2.998,0,0,0,1,0,0,Ministry of Road Transport & Highways,Roads & Highways,MoRTH,Chhattisgarh
617973,Strengthening and widening of existing 2 lane road to two lane paved shoulder from km 7.750 to 26.542 & km. 32.093 to 45.786 of NH-130 on EPC mode in the state of chhattisgarh.job No. 130-CG-2017-18-348,2026-05,188.8,18.0,102.56,54.322,0.0,0.0,97.0,0.0,0.0,18.0,84.0,-66.0,4.6667,1.0,42.678,0.56,100.0,-3.0,5,6,0.0,0.0,0.0,0.0,0.0,20.3,0,0,0,1,0,0,Ministry of Road Transport & Highways,Roads & Highways,MoRTH,Chhattisgarh
617974,Rehabilitation and upgradation of 2 lane with paved shoulder from existing km. 195.175 to km. 220.000 Design Chainage km71.300 to Km. 95.947 Excluding existing chainage Km 200.300 to Km 202.400 Design chainage Km 76.400 to Km 78.400 on Dharasu to Yamunotri Road of NH- 134 Old NH-94,2026-07,344.73,5.0,0.0,0.0,0.0,,53.74,0.0,0.0,30.0,9.0,21.0,0.3,0.0,53.74,0.0,30.0,23.74,6,7,0.0,30.36,0.0,0.0,7.1233,0.0,0,0,0,0,0,0,Ministry of Road Transport & Highways,Roads & Highways,MoRTH,Uttarakhand
617975,Rehabilitation and upgradation to 2 lane with paved shoulder configuration from km 122.00 Dharasu Bend to km 147.230 Silkyara Bend of NH-94 in the state of Uttarakhand,2026-05,237.79,8.0,79.56,33.4581,0.0,0.0,100.0,0.0,0.0,24.0,102.0,-78.0,4.25,1.0,66.5419,0.3346,100.0,0.0,5,6,0.0,0.0,0.0,0.0,0.0,5.836,0,0,0,1,0,0,Ministry of Road Transport & Highways,Roads & Highways,MoRTH,Uttarakhand
617976,Work of development and construction of elevated corridorfrom km 38/660 to km 42/690 Iscon junction to start point of approach of sanand flyover of NH-147 in the sate of Gujarat,2026-07,530.2,15.0,58.29,10.994,0.0,0.0,90.0,0.0,0.0,24.0,25.0,-1.0,1.0417,1.0,79.006,0.1222,100.0,-10.0,7,8,0.0,0.0,0.0,0.0,5.0,4.2314,0,0,0,1,0,0,Ministry of Road Transport & Highways,Roads & Highways,MoRTH,Gujarat
617977,Development of Chiloda - Gandhinagar- Sarkhej ofNH-147 Package -II,2026-05,211.28,7.0,0.0,0.0,0.0,,99.55,0.0,0.0,24.0,90.0,-66.0,3.75,1.0,99.55,0.0,100.0,-0.45,3,4,0.0,0.0,0.0,0.0,0.1833,0.0,0,0,0,1,0,0,Ministry of Road Transport & Highways,Roads & Highways,MoRTH,Gujarat
617978,"Rehabilitation, upgradation & widening of existing highway to 2L/4LPS Rigid Pavement of NH 160 section- Phaltan to Mhaishal near Karnataka Border including Tasgaon Bypass, from existing chainage Km 301/430 to Km 458/415 in the State of Maharashtra- Package-II & Package III combined- starting from existing chainage Km 341/300 to Km 394/130 and design chainage Km 340/250 at Dahiwadi Village to Km 392/950 ending at Vita Village in the State of Maharashtra on EPC Mode.",2026-07,631.76,14.0,213.18,33.7438,25.59,13.6415,85.0,0.0,0.0,24.0,14.0,10.0,0.5833,0.0,51.2562,0.397,58.3333,26.6667,5,6,0.0,6.8,25.59,25.6,3.8,15.802,0,0,0,0,0,0,Ministry of Road Transport & Highways,Roads & Highways,MoRTH,Maharashtra
617979,"Rehabilitation, upgradation & widening of existing highway to 2L/4LPS Rigid Pavement of NH 160 section- Phaltan to Mhaisal near Karnataka Border including Tasgaon Bypass, from existing chainage Km 301/430 to Km 458/415 in the State of Maharashtra. Package-I starting from existing chainage Km 301/430 at Phaltan Village Junction of Phaltan Baramati Road Design Chainage -301/430km & ending at existing chainage Km 341/300 Dahiwadi Village Bus Stop Design chainage Km 340466km in the S",2026-07,533.76,14.0,0.0,0.0,0.0,,74.29,2.24,3.109,24.0,14.0,10.0,0.5833,0.0,74.29,0.0,58.3333,15.9567,5,6,2.24,8.72,0.0,0.0,4.458,0.0,0,0,0,0,0,0,Ministry of Road Transport & Highways,Roads & Highways,MoRTH,Maharashtra
617980,Construction of six lane elevated corridor from km 7.950 Uppal to km 14.200 of NH- 163 to De-Congest the urban limits of Hyderabad-Bhoopalapatnam section on EPC mode in the state of Telangana,2026-07,626.76,4.0,24.4,3.893,5.1,26.4249,54.26,1.25,2.358,24.0,96.0,-72.0,4.0,1.0,50.367,0.0717,100.0,-45.74,7,8,1.25,1.94,5.1,8.27,0.7514,1.4986,0,0,0,1,0,0,Ministry of Road Transport & Highways,Roads & Highways,MoRTH,Telangana
617981,Widening to Two with Paved shoulders from Km 59.500 to Km 132.033 of Manneguda- Ravunapally section of NH-163 Erstwhile SH-4 in the State of Telangana on EPC mode under NH O Annual Plan 2016-17,2026-05,359.0,2.0,0.0,0.0,0.0,,99.92,0.0,0.0,24.0,108.0,-84.0,4.5,1.0,99.92,0.0,100.0,-0.08,3,4,0.0,0.0,0.0,0.0,0.3067,0.0,0,0,0,1,0,0,Ministry of Road Transport & Highways,Roads & Highways,MoRTH,Telangana
617982,Widening and strengthening of existing 2-lane to 2- lane with paved shoulders from km 159/0 to 165/4 and 186/0 to 215/0 of NH-163 on EPC mode int the state of Telangana,2026-05,230.03,5.0,0.0,0.0,0.0,,0.0,0.0,,17.0,95.0,-78.0,5.5882,1.0,0.0,,100.0,-100.0,5,6,0.0,0.0,0.0,0.0,0.0,0.0,0,0,0,1,0,0,Ministry of Road Transport & Highways,Roads & Highways,MoRTH,Telangana
617983,Widening & Strengthening of Existing 2LPS to 4 lane PS from Km 150000 to Km 159000 and Km 165400 to Km 186000 of NH-163 old NH-202 under NH O for the year 2020-21 on EPC Mode in the state of Telangana.,2026-07,317.19,16.0,190.86,60.1721,0.1,0.0524,91.0,1.0,1.1111,24.0,48.0,-24.0,2.0,1.0,30.8279,0.6612,100.0,-9.0,7,8,1.0,3.0,0.1,15.58,1.2857,3.1514,0,0,0,1,0,0,Ministry of Road Transport & Highways,Roads & Highways,MoRTH,Telangana
617984,"Gudivada Town 2 RoB, and Road improvement NH-165",2026-07,317.22,14.0,158.64,50.0095,158.64,,75.2,0.0,0.0,24.0,38.0,-14.0,1.5833,1.0,25.1905,0.665,100.0,-24.8,7,8,0.0,1.74,158.64,158.64,1.1714,22.6629,0,0,0,1,0,0,Ministry of Road Transport & Highways,Roads & Highways,MoRTH,Andhra Pradesh
617985,Widening to two lane with paved shoulders from Km 0/0 to 64/020 Pamarru to Akiveedu,2026-07,529.54,20.0,248.31,46.8916,248.31,,74.41,0.0,0.0,24.0,56.0,-32.0,2.3333,1.0,27.5184,0.6302,100.0,-25.59,7,8,0.0,4.79,248.31,248.31,10.63,35.4729,0,0,0,1,0,0,Ministry of Road Transport & Highways,Roads & Highways,MoRTH,Andhra Pradesh
617986,Kurnool/Kadapa Border-Jammalamadugu section of NH-167K i.e. Design Ch. Km 248010 to km 269900 to 2,2026-07,292.63,21.0,0.0,0.0,0.0,,95.77,0.0,0.0,24.0,19.0,5.0,0.7917,0.0,95.77,0.0,79.1667,16.6033,7,8,0.0,4.8,0.0,0.0,7.9671,0.0,0,0,0,0,0,0,Ministry of Road Transport & Highways,Roads & Highways,MoRTH,Andhra Pradesh
617987,Nandyala-Kurnool/Kadapa Border section of NH-167K i.e. Km 186/000 to Km 250/000Design Ch.186000 to 248010 to 2LPS,2026-07,691.81,11.0,0.0,0.0,0.0,,49.71,3.26,7.0183,24.0,10.0,14.0,0.4167,0.0,49.71,0.0,41.6667,8.0433,6,7,3.26,7.43,0.0,0.0,5.9517,0.0,0,0,0,0,0,0,Ministry of Road Transport & Highways,Roads & Highways,MoRTH,Andhra Pradesh
617988,Sangameswaram - Atmakuru section from Km 96 to Km 124 & Velegodu- Nandyal section including Nandyal Bypass from Km 143/6 to 185/9 NH-167K,2026-07,776.17,9.0,0.0,0.0,0.0,,41.98,6.38,17.9213,24.0,12.0,12.0,0.5,0.0,41.98,0.0,50.0,-8.02,6,7,6.38,18.6,0.0,0.0,6.4967,0.0,0,0,0,0,0,0,Ministry of Road Transport & Highways,Roads & Highways,MoRTH,Andhra Pradesh
617989,Construction of Major Bridge at Km.180.865 across river Krishna on NH 167 Hagari Jadcherla section,2026-07,157.32,2.0,103.33,65.6814,0.0,0.0,69.0,0.0,0.0,30.0,86.0,-56.0,2.8667,1.0,3.3186,0.9519,100.0,-31.0,7,8,0.0,0.0,0.0,0.0,0.1429,1.5829,0,0,0,1,0,0,Ministry of Road Transport & Highways,Roads & Highways,MoRTH,Karnataka
617990,Construction of bypass road to Adoni town connecting NH-167 Hagari - Jadcharla road from km.62/700 to 71/400 in Kurnool District in the State of Andhra Pradesh.,2026-05,242.0,11.0,78.49,32.4339,0.0,0.0,95.94,0.0,0.0,21.0,27.0,-6.0,1.2857,1.0,63.5061,0.3381,100.0,-4.06,5,6,0.0,0.0,0.0,0.0,0.188,0.0,0,0,0,1,0,0,Ministry of Road Transport & Highways,Roads & Highways,MoRTH,Andhra Pradesh
617991,"Rehabilitation and up-gradation of NH-167 from Km 14/900 to Km70/000 Design Ch. 14/900 to 69/700 Chintakunta to Adoni section to two lane with paved shoulders in the State of Andhra Pradesh under Corridor Approach through Engineering, Procurement",2026-07,290.15,6.0,141.83,48.8816,0.0,0.0,91.9,0.0,0.0,24.0,110.0,-86.0,4.5833,1.0,43.0184,0.5319,100.0,-8.1,7,8,0.0,0.0,0.0,1.6,13.1286,20.2614,0,0,0,1,0,0,Ministry of Road Transport & Highways,Roads & Highways,MoRTH,Andhra Pradesh
617992,Rehabilitation & upgradation of NH - 167 from design km 187.723 to 234.434 Miryalaguda to Kodad section to two lane with paved shoulder on EPC mode in the state of Telangana,2026-05,322.81,6.0,148.48,45.9961,0.0,0.0,98.14,0.0,0.0,24.0,92.0,-68.0,3.8333,1.0,52.1439,0.4687,100.0,-1.86,5,6,0.0,0.0,0.0,0.0,19.628,20.94,0,0,0,1,0,0,Ministry of Road Transport & Highways,Roads & Highways,MoRTH,Telangana
617993,Rehabilitation and upgradation of NH-167 from design km 157.707 to 187.723 design length 30.016 km to two lane with paved shoulders of Alinagar-Miryalaguda Sec on EPC mode in the state of Telangana,2026-05,220.28,3.0,0.0,0.0,0.0,,97.74,0.0,0.0,18.0,96.0,-78.0,5.3333,1.0,97.74,0.0,100.0,-2.26,3,4,0.0,0.0,0.0,0.0,0.2467,0.0,0,0,0,1,0,0,Ministry of Road Transport & Highways,Roads & Highways,MoRTH,Telangana
617994,Rehabilitation and upgradation of NH-167 from design km 113.900 to 154.479 Mallepally Haliya section to two lane with paved shoulders on EPC mode in the stte of Telangana,2026-07,294.13,4.0,249.23,84.7346,5.07,2.0765,88.22,0.0,0.0,17.0,97.0,-80.0,5.7059,1.0,3.4854,0.9605,100.0,-11.78,7,7,0.0,0.0,5.07,9.98,0.0314,35.1529,0,0,0,1,0,0,Ministry of Road Transport & Highways,Roads & Highways,MoRTH,Telangana
617995,Widening to Two Lane with Paved Shoulders from Km 67.000 to Km 114.425 of Kalwakurthy- Mallapally Section of NH 167 Erstwhile section of SH 18 in the State of Telangana on EPC mode under NH O Annual Plan 2016-17,2026-07,300.0,4.0,175.12,58.3733,0.0,0.0,99.2,0.0,0.0,24.0,110.0,-86.0,4.5833,1.0,40.8267,0.5884,100.0,-0.8,7,8,0.0,0.0,0.0,0.02,0.0286,24.72,0,0,0,1,0,0,Ministry of Road Transport & Highways,Roads & Highways,MoRTH,Telangana
617996,Widening to 2/4 Lane with paved shoulders from Km 182.120 to Km 227.600 of NH 167 on Haggari-Jadcherla Road on EPC mode under NHO in the state of Telangana,2026-05,298.0,4.0,234.7,78.7584,0.0,0.0,95.6,0.0,0.0,24.0,111.0,-87.0,4.625,1.0,16.8416,0.8238,100.0,-4.4,5,6,0.0,0.0,0.0,0.0,0.12,1.322,0,0,0,1,0,0,Ministry of Road Transport & Highways,Roads & Highways,MoRTH,Telangana
617997,Widening of existing 2 lane to 4 lane with paved shoulder from Designed km 25.15 to km 56.70 Except Km 52.70 to 53.50 of NH-169 Nellisara Camp to Thirthahalli of NH- 169 on Shimoga-Mangalore section in the state of Karnataka on EPC mode under Annual plan 2022-23 NH-169-KNT-2022-23-978 dated 08.03.2023,2026-07,538.71,35.0,20.63,3.8295,6.0,41.0116,6.0,0.0,0.0,24.0,5.0,19.0,0.2083,0.0,2.1705,0.6383,20.8333,-14.8333,2,3,0.0,0.0,6.0,20.35,0.0,10.175,0,0,0,0,0,0,Ministry of Road Transport & Highways,Roads & Highways,MoRTH,Karnataka
617998,Widening to existing 2 lane with paved Shoulder to 4 Lane with paved shoulder from design Km 153.00 to 168.27 Mala Gate to Karkala of NH -169 on Shimoga - Mangalore section in the state of Karnataka on EPC mode under Annula Plan 2021-22 Job No. NH-169-KNT-2021-22-949,2026-07,177.94,11.0,115.6,64.9657,0.0,0.0,83.0,0.0,0.0,24.0,41.0,-17.0,1.7083,1.0,18.0343,0.7827,100.0,-17.0,7,8,0.0,0.0,0.0,4.19,1.1429,3.0014,0,0,0,1,0,0,Ministry of Road Transport & Highways,Roads & Highways,MoRTH,Karnataka
617999,Widening to 2LPS from Km 67 to Km 115 on Kadur-Hosadurga section NH 173 in the state of Karnataka NH-173-KNT-2022-23-980 dated 13.03.2023,2026-07,471.62,19.0,91.74,19.4521,0.0,0.0,69.54,0.0,0.0,19.0,21.0,-2.0,1.1053,1.0,50.0879,0.2797,100.0,-30.46,5,6,0.0,5.21,0.0,11.66,8.908,4.432,0,0,0,1,0,0,Ministry of Road Transport & Highways,Roads & Highways,MoRTH,Karnataka
618000,Widening to 2-Lane with Paved Shoulders from Km 116.800 to 149.070Design Changes on Hosadurga - Holalkere Section of NH-173 in the State of Karnataka on EPC mode under Annual Plan 2021-22 Job no. NH-173-KNT-2021-22-946,2026-07,170.34,7.0,111.33,65.3575,4.37,4.0856,100.0,0.0,0.0,16.0,45.0,-29.0,2.8125,1.0,34.6425,0.6536,100.0,0.0,7,8,0.0,7.35,4.37,4.45,1.1429,7.3029,0,0,0,1,0,0,Ministry of Road Transport & Highways,Roads & Highways,MoRTH,Karnataka
618001,"Construction of 4-lane flyover at Amberpet-X road, Hyderabad on NH-202 in the State of Telangana",2026-07,216.53,37.0,172.17,79.5132,0.15,0.0872,92.1,0.0,0.0,24.0,61.0,-37.0,2.5417,1.0,12.5868,0.8633,100.0,-7.9,7,8,0.0,0.0,0.15,15.77,8.0143,2.5886,0,0,0,1,0,0,Ministry of Road Transport & Highways,Roads & Highways,MoRTH,Telangana
618002,Widening of existing single lane to intermediate lane road from Mokokchung to Chare via Dikhu in the state of Nagaland on EPC mode,2026-05,192.93,28.0,99.65,51.6509,0.0,0.0,0.0,0.0,,24.0,35.0,-11.0,1.4583,1.0,-51.6509,,100.0,-100.0,5,6,0.0,0.0,0.0,0.0,0.0,0.0,0,0,0,1,0,0,Ministry of Road Transport & Highways,Roads & Highways,MoRTH,Nagaland
618003,Construction of four lane ROB and its approaches in lieu of existing Level Crossing No. RV-71 at km 435 on NH-217 New NH-353 at Khariar including land acquisition under NHO in Annual Plan 2021-22 for the state of Odisha for F.Y. 2021-22 to F.Y 2033-34,2026-07,154.49,19.0,25.17,16.2923,0.0,0.0,90.0,0.0,0.0,18.0,37.0,-19.0,2.0556,1.0,73.7077,0.181,100.0,-10.0,7,8,0.0,18.0,0.0,2.85,12.8571,0.4071,0,0,0,1,0,0,Ministry of Road Transport & Highways,Roads & Highways,MoRTH,Odisha
618004,Construction of Bhabhua Bypass from Ch. 10800Design Ch. 10800 to Ch. 19860 Design Ch. 18150 and Chand Bypass from Ch. 38060 Design Ch. 36250 to Ch. 40460 Design Ch. 38650 and widening of existing road to 2 - lane with Paved shoulder from Ch. 40460 Design Ch. 38650 to Ch. 46860 Design Ch. 45050 of NH-219 Total length- 16.150 Kmunder EPC mode in the state of Bihar,2026-07,179.86,52.0,2.37,1.3177,0.0,0.0,2.0,0.0,0.0,18.0,1.0,17.0,0.0556,0.0,0.6823,0.6588,5.5556,-3.5556,7,8,0.0,1.95,0.0,2.37,0.2857,0.3386,0,0,0,0,0,0,Ministry of Road Transport & Highways,Roads & Highways,MoRTH,Bihar
618005,Sheohar-Sitamarhi Section km 40.000 to 79.400 km Lot-I,2026-06,178.85,3.0,0.0,0.0,0.0,,98.65,0.0,0.0,24.0,121.0,-97.0,5.0417,1.0,98.65,0.0,100.0,-1.35,6,7,0.0,0.0,0.0,0.0,0.1083,0.0,0,0,0,1,0,0,Ministry of Road Transport & Highways,Roads & Highways,MoRTH,Bihar
618006,Sitamarhi-Jaynagar Section km 79.400 to km 156.500 Lot-II,2026-05,369.77,4.0,0.0,0.0,0.0,,98.78,0.0,0.0,30.0,119.0,-89.0,3.9667,1.0,98.78,0.0,100.0,-1.22,5,6,0.0,0.0,0.0,0.0,0.156,0.0,0,0,0,1,0,0,Ministry of Road Transport & Highways,Roads & Highways,MoRTH,Bihar
618007,Jaynagar-Narahia Section km 156.500 to km 219.945 Lot-III,2026-05,553.3,3.0,0.0,0.0,0.0,,99.0,0.0,0.0,30.0,120.0,-90.0,4.0,1.0,99.0,0.0,100.0,-1.0,5,6,0.0,0.0,0.0,0.0,0.0,0.0,0,0,0,1,0,0,Ministry of Road Transport & Highways,Roads & Highways,MoRTH,Bihar
618008,"Construction of four-lane elevated viaduct from km.4634 to km.6345 on NH-24A including Retaining wall, service lane, at grade road and improvement of junctions, on EPC mode",2026-05,185.09,12.0,175.09,94.5972,0.0,0.0,100.0,0.0,0.0,18.0,50.0,-32.0,2.7778,1.0,5.4028,0.946,100.0,0.0,5,6,0.0,0.0,0.0,0.0,0.0,3.258,0,0,0,1,0,0,Ministry of Road Transport & Highways,Roads & Highways,MoRTH,Uttar Pradesh
618009,Balance work of Construction of Ring Road for Raebareli City on eastern side of NH- 24B Phase-1 on EPC mode.,2026-07,319.96,10.0,0.0,0.0,0.0,,95.0,0.0,0.0,18.0,69.0,-51.0,3.8333,1.0,95.0,0.0,100.0,-5.0,7,8,0.0,0.0,0.0,0.0,13.5714,0.0,0,0,0,1,0,0,Ministry of Road Transport & Highways,Roads & Highways,MoRTH,Uttar Pradesh
618010,Development to 4-lane with paved shoulder for the road section Talwandi Sabo- Raman road to refinery Road junction with Bathinda Dabwali Road of NH-254 from existing Km 131.600 to Km 155.650 Design Km 131600 to km 155600 in the State of Punjab. Job No NH-254-PB-2022-23-565,2026-07,546.67,26.0,0.0,0.0,0.0,,45.0,0.0,0.0,18.0,14.0,4.0,0.7778,0.0,45.0,0.0,77.7778,-32.7778,5,6,0.0,0.0,0.0,0.0,3.0,0.0,0,0,0,0,0,0,Ministry of Road Transport & Highways,Roads & Highways,MoRTH,Punjab
618011,Construction of 2 lane with paved shoulder for the work of Development of remaining sections of NH-325 Balotra to sanderao via Jalore to 2 lane with paved shoulder configuration by Construction of Byasses for town portions1 Asotra- Brahmdham bypass 2Siwana Bypass 3 Mokalsar Bypass 4 Major realignment at Kathadi 5 Major realignment at Bishangarh 6 Jalore Bypass 7 Ahore Town portion 8 Dujana Bypass in the state of Rajasthan on EPC Mode,2026-07,411.44,5.0,85.69,20.8269,0.0,0.0,92.77,1.41,1.5433,24.0,50.0,-26.0,2.0833,1.0,71.9431,0.2245,100.0,-7.23,7,8,1.41,1.73,0.0,19.06,1.3957,2.7229,0,0,0,1,0,0,Ministry of Road Transport & Highways,Roads & Highways,MoRTH,Rajasthan
618012,"Widening & strengthenlng to 2LPS from km 0,000 to 40.000 Dhaugaon- Podamari section of NH 326 in the State of Odisha under Annual Plan 2021.22.",2026-07,186.52,23.0,46.39,24.8713,0.0,0.0,60.0,0.0,0.0,24.0,29.0,-5.0,1.2083,1.0,35.1287,0.4145,100.0,-40.0,7,8,0.0,0.0,0.0,3.46,0.0,0.5271,0,0,0,1,0,0,Ministry of Road Transport & Highways,Roads & Highways,MoRTH,Odisha
618013,4-laning of Puttaparthi-Koduru Section of NH-342,2026-07,1318.59,13.0,464.06,35.1937,0.0,0.0,90.19,0.0,0.0,24.0,32.0,-8.0,1.3333,1.0,54.9963,0.3902,100.0,-9.81,5,6,0.0,10.69,0.0,122.54,2.238,23.302,0,0,0,1,0,0,Ministry of Road Transport & Highways,Roads & Highways,MoRTH,Andhra Pradesh
618014,"Upgradation of Ambikapur-Ramanujganj-Garwa road of NH-343, Package-III, Badki mahri village to Ramanujganj section from existing km 80.600 to km 110.330 Design Ch. 85.370 to Ch. 114.800 of total length 29.430 km to two lane with paved shoulders udner corridor scheme under EPC Mode in the of Chhattisgarh",2026-07,199.05,38.0,53.0,26.6265,0.04,0.0755,38.56,4.98,14.8303,17.0,14.0,3.0,0.8235,0.0,11.9335,0.6905,82.3529,-43.7929,5,6,4.98,5.69,0.04,24.05,6.312,9.402,0,0,0,0,0,0,Ministry of Road Transport & Highways,Roads & Highways,MoRTH,Chhattisgarh
618015,"Upgradation of Keonchi - Ratanpur Road of NH 45 Package-I, from design chainage km 237.860 to km 273.200 of length 35.340 km to two lane with paved shoulders under Corridor scheme on EPC mode in the state of Chhattisgarh.",2026-07,225.41,28.0,83.75,37.1545,6.29,8.1203,60.0,0.0,0.0,18.0,24.0,-6.0,1.3333,1.0,22.8455,0.6192,100.0,-40.0,5,6,0.0,3.0,6.29,12.79,4.6,7.958,0,0,0,1,0,0,Ministry of Road Transport & Highways,Roads & Highways,MoRTH,Chhattisgarh
618016,"Upgradation of Ambikapur Ramanujganj - Garhwa Road NH 343 of Package-I, Rajpuri Khurd Village to Padih Village section from existing km 7.830 to km 57.650 Design Ch. 13.700 to Ch. 62.700 of total length 49.00 km to two lane with paved shoulders under EPC mode in the state of Chhattisgarh",2026-07,397.44,38.0,76.67,19.291,19.72,34.6269,28.07,1.81,6.8926,24.0,14.0,10.0,0.5833,0.0,8.779,0.6872,58.3333,-30.2633,5,6,1.81,10.82,19.72,52.34,5.214,13.796,0,0,0,0,0,0,Ministry of Road Transport & Highways,Roads & Highways,MoRTH,Chhattisgarh
618017,"Upgradation of Keonchi - Ratanpur Road of NH 45 Package-II, from design chainage km 278.75 to km 321.348 of length 42.598 km to two lane with paved shoulders under Corridor scheme on EPC mode in the state of Chhattisgarh.",2026-07,286.0,28.0,92.75,32.4301,5.21,5.9516,60.0,0.0,0.0,18.0,24.0,-6.0,1.3333,1.0,27.5699,0.5405,100.0,-40.0,5,6,0.0,0.0,5.21,14.05,3.6,5.424,0,0,0,1,0,0,Ministry of Road Transport & Highways,Roads & Highways,MoRTH,Chhattisgarh
618018,Upgradation of Bilaspur-Takhatpur-Mungeli-Pandariya-Pondi Road on N.H.-130A Package IIIA Takhatpur By-pass from existing Ch. 26.542 to 32.093 [Design Ch. 18.700 to 25.900] & Mungeli By-pass from existing Ch. 45.786 to 56.275 [Design Ch. 29.600 to 51.600] and Package IIIB Pandariya By-Pass from existing Ch. 82.582 to 87.133 [Design Ch. 77.900 to 81.1000 & Pondi By-pass from existing Ch. 103.166 to 104.756 [Design Ch. 97.000 to 103.395] to two lane with paved shoulder configuration in the,2026-07,351.19,22.0,11.63,3.3116,0.0,0.0,11.0,0.0,0.0,18.0,30.0,-12.0,1.6667,1.0,7.6884,0.3011,100.0,-89.0,5,6,0.0,0.0,0.0,0.15,0.2,0.032,0,0,0,1,0,0,Ministry of Road Transport & Highways,Roads & Highways,MoRTH,Chhattisgarh
618019,Upgradation & widening of Jharkheda- Berasia - Dholkhedi from design km 0000 to km 87900 Design length 87.90km of NH-346 including 3 nos. bypasses of 13.10 Km in the State of Madhya Pradesh under EPC mode.,2026-07,365.21,14.0,200.67,54.9465,200.67,,91.0,2.0,2.2472,24.0,38.0,-14.0,1.5833,1.0,36.0535,0.6038,100.0,-9.0,7,8,2.0,3.0,200.67,200.67,13.0,28.6671,0,0,0,1,0,0,Ministry of Road Transport & Highways,Roads & Highways,MoRTH,Madhya Pradesh
618020,"Rehabilitation & Upgradation of KurwaiMungaoliChanderi Road section of NH-346, from Design Chainge 0.000 to 81.300 Km Total length 83.1 km to Two lane with paved shoulder configuration along with One time improvement in 07 nos of bypassed built- up areas in a total length of 22.615 km in the state of Madhya Pradesh on EPC mode.",2026-07,386.49,11.0,164.84,42.6505,0.43,0.2615,67.57,0.0,0.0,24.0,41.0,-17.0,1.7083,1.0,24.9195,0.6312,100.0,-32.43,7,8,0.0,2.86,0.43,0.41,9.6529,0.6371,0,0,0,1,0,0,Ministry of Road Transport & Highways,Roads & Highways,MoRTH,Madhya Pradesh
618021,Up-gradation of Pichhore- Dinara section of NH-346 from Km 292.750 to 334.550 to two lane with paved shoulders in the state of Madhya Pradesh on EPC mode,2026-07,425.97,22.0,0.0,0.0,0.0,,36.85,5.56,17.7693,18.0,7.0,11.0,0.3889,0.0,36.85,0.0,38.8889,-2.0389,6,7,5.56,7.11,0.0,0.0,6.1417,0.0,0,0,0,0,0,0,Ministry of Road Transport & Highways,Roads & Highways,MoRTH,Madhya Pradesh
618022,Upgradation to two lane with paved Shoulder Configuaration from Km. 0/00 to 47/000 of NH 351 Mahuva to Badhada section in the State of Gujarat,2026-07,173.06,14.0,22.63,13.0764,0.0,0.0,77.0,3.0,4.0541,18.0,29.0,-11.0,1.6111,1.0,63.9236,0.1698,100.0,-23.0,6,7,3.0,10.0,0.0,0.1,4.5,0.8683,0,0,0,1,0,0,Ministry of Road Transport & Highways,Roads & Highways,MoRTH,Gujarat
618023,Work of Widening/upgradation of 2-Lane with paved shoulder of Sri Muktsar Sahib to Malout road from Km 279.400 to Km 307.060 section of NH-354 in the State of Punjab on EPC mode. Job No. NH-354-PB-2021-22-555,2026-06,152.58,19.0,0.0,0.0,0.0,,100.0,0.0,0.0,18.0,32.0,-14.0,1.7778,1.0,100.0,0.0,100.0,0.0,6,7,0.0,0.0,0.0,0.0,0.6667,0.0,0,0,0,1,0,0,Ministry of Road Transport & Highways,Roads & Highways,MoRTH,Punjab
618024,Up-gradation to two lane with paved shoulder configuration of NH-354 Section Arifkes- Ferozepur-Muktsar-Malaut from Km 201.500 to Km 212.500 & Km 229.690 to Km 269.960 and strengthening of existing pavement from Km 212.500 to Km 229.690 excluding Km 218.500 to 223.690 of NH-354 on EPC Mode in the State of Punjab. Job No. NH-354-PB-2020-21-532,2026-07,263.19,31.0,0.0,0.0,0.0,,83.0,0.0,0.0,18.0,33.0,-15.0,1.8333,1.0,83.0,0.0,100.0,-17.0,7,8,0.0,0.0,0.0,0.0,11.8571,0.0,0,0,0,1,0,0,Ministry of Road Transport & Highways,Roads & Highways,MoRTH,Punjab
618025,Rehabiitation and upgradation from km 121/000 to 154/000 Nakrekal to Mallampally section of NH-365 to 2 lane with paved shoulders in the state of Telangana in the EPC mode,2026-07,192.67,3.0,141.82,73.6077,0.0,0.0,96.0,0.0,0.0,18.0,97.0,-79.0,5.3889,1.0,22.3923,0.7667,100.0,-4.0,7,8,0.0,0.0,0.0,0.01,0.0,20.26,0,0,0,1,0,0,Ministry of Road Transport & Highways,Roads & Highways,MoRTH,Telangana
618026,Rehabilitation and upgradation to two lane with paved shoulders from Km 0/000 to 72/6 of NH-365 Nakrekal to Tanamcherla section under NHDP IV in the state of Telangana under EPC mode,2026-05,605.08,5.0,585.2,96.7145,0.0,0.0,99.9,0.0,0.0,23.0,102.0,-79.0,4.4348,1.0,3.1855,0.9681,100.0,-0.1,5,6,0.0,0.0,0.0,0.0,19.98,117.04,0,0,0,1,0,0,Ministry of Road Transport & Highways,Roads & Highways,MoRTH,Telangana
618027,Widening to 2LPS from Km 71.00 to 104.00 Existing chainages Sarjapur to Pattadkallu on Bhanapur to Gaddanakeri section NH-367 in the State of Karnataka under NHO on EPC mode under Annual Plan 2022-23 NH-367-KNT-2022-23-972 dated 08.02.2023,2026-07,445.62,13.0,198.15,44.4661,198.15,,90.0,0.0,0.0,24.0,28.0,-4.0,1.1667,1.0,45.5339,0.4941,100.0,-10.0,5,6,0.0,5.0,198.15,198.15,5.0,39.63,0,0,0,1,0,0,Ministry of Road Transport & Highways,Roads & Highways,MoRTH,Karnataka
618028,"Construction of Bypass at Kuknoor, Yelburga, Gajendragada of Bhanapur Gaddanakeri section of NH-367 in the State of Karnataka under NHO on EPC mode under Annual Plan 2022-23. NH-367-KNT-2022-23-973 dated 08.02.2023",2026-07,333.96,28.0,63.62,19.0502,0.05,0.0787,36.0,0.0,0.0,24.0,13.0,11.0,0.5417,0.0,16.9498,0.5292,54.1667,-18.1667,5,6,0.0,5.0,0.05,14.74,3.2,7.916,0,0,0,0,0,0,Ministry of Road Transport & Highways,Roads & Highways,MoRTH,Karnataka
618029,Widening to 4 lane from Km. 133.00 to 158.04 design Chainage Km. 130.88 to 155.145 Shirur Cross to Gaddankeri of NH-367 in the State of Karnataka on EPC mode. Job No. NH-367-KNT-2021-22-930,2026-07,350.69,12.0,203.12,57.9201,4.03,2.0242,83.33,1.71,2.0951,24.0,42.0,-18.0,1.75,1.0,25.4099,0.6951,100.0,-16.67,7,8,1.71,1.71,4.03,11.74,0.7614,1.1514,0,0,0,1,0,0,Ministry of Road Transport & Highways,Roads & Highways,MoRTH,Karnataka
618030,Widening to 2 lane with paved shoulder from Km. 103.225 Pattadakal to Km. 133.00 Shirur cross of NH-367 in the state of Karnataka on EPC Mode.Job No. NH-367-KNT- 2021-22-934,2026-06,264.14,9.0,3.78,1.4311,0.2,5.5866,0.0,0.0,,18.0,43.0,-25.0,2.3889,1.0,-1.4311,,100.0,-100.0,6,7,0.0,0.0,0.2,0.2,0.0,0.0333,0,0,0,1,0,0,Ministry of Road Transport & Highways,Roads & Highways,MoRTH,Karnataka
618031,Balance work of Construction of Two/Four lane with paved shoulder from Km 422.000 to 523.600 Chitradurga to Shivamogga of NH-13 in the state of Kanataka on EPC mode.,2026-07,516.96,11.0,121.75,23.5511,0.0,0.0,98.0,0.0,0.0,48.0,55.0,-7.0,1.1458,1.0,74.4489,0.2403,100.0,-2.0,7,8,0.0,0.0,0.0,16.67,14.0,-30.2471,0,0,0,1,0,0,Ministry of Road Transport & Highways,Roads & Highways,MoRTH,Karnataka
618033,4-Laning of Itanagar to Bandardewa section of NH-415from km 40430 to km 51735 Package-Bon EPC Mode in the state of Arunachal Pradesh Job NO. 415/Ar. P/2020- 21/031,2026-06,496.47,18.0,171.91,34.6265,6.48,3.9171,51.37,0.0,0.0,36.0,54.0,-18.0,1.5,1.0,16.7435,0.6741,100.0,-48.63,6,7,0.0,0.0,6.48,6.48,0.5617,3.0467,0,0,0,1,0,0,Ministry of Road Transport & Highways,Roads & Highways,MoRTH,Arunachal Pradesh
618034,Construction of 2 lane Barpeta Bypass from Km 77900Baradi to Km 86150 Deurikuchi Length8.25Km on NH-427 in the state of Assam under EPC ModeJob No.427/AS/2022-23/245,2026-07,173.65,23.0,11.38,6.5534,0.0,0.0,20.0,0.0,0.0,18.0,17.0,1.0,0.9444,0.0,13.4466,0.3277,94.4444,-74.4444,6,7,0.0,0.0,0.0,3.31,0.5,1.085,0,0,0,0,0,0,Ministry of Road Transport & Highways,Roads & Highways,MoRTH,Assam
618035,Rehabilitation & Upgradation of existing intermediate lane to two Lane with paved shoulder from km. 0.600 Gulganj bypass on NH-34 to km. 43.00 Barna River length 42.400 km. on Gulganj-Amanganj-Pawai-Katni NH43 Extn. in the state of Madhya Pradesh on EPCmode.,2026-07,275.4,20.0,0.0,0.0,0.0,,60.14,5.89,10.8571,18.0,20.0,-2.0,1.1111,1.0,60.14,0.0,100.0,-39.86,5,6,5.89,7.14,0.0,0.0,2.228,0.0,0,0,0,1,0,0,Ministry of Road Transport & Highways,Roads & Highways,MoRTH,Madhya Pradesh
618036,Upgradation and reconstruction of existing intermediate lane to two Lane with paved shoulder configuration from km. 43.00 Barna River to km. 77.00 ken river length 34.00 km. on Gulganj-Amanganj-Pawai-Katni NH43 Extn. along with One time improvement in 01 no. of bypassed built-up area in a total length of 1.585 km in the state of Madhya Pradesh on EPCmode.,2026-07,315.55,20.0,0.0,0.0,0.0,,43.0,2.98,7.4463,24.0,20.0,4.0,0.8333,0.0,43.0,0.0,83.3333,-40.3333,5,6,2.98,17.7,0.0,0.0,3.6,0.0,0,0,0,0,0,0,Ministry of Road Transport & Highways,Roads & Highways,MoRTH,Madhya Pradesh
618037,Rehabilitation and Up-gradation of existin of road from 2-lane to 2-lane with paved shoulders from km. 0.00 to km 53.590 total length-53.590 km of Raychoti to Vempalli section of NH-440 in the State of Andhra Pradesh on EPC mode.,2026-07,439.82,5.0,213.12,48.4562,0.08,0.0376,90.2,3.66,4.2293,24.0,50.0,-26.0,2.0833,1.0,41.7438,0.5372,100.0,-9.8,7,8,3.66,8.2,0.08,13.4,12.8857,13.1286,0,0,0,1,0,0,Ministry of Road Transport & Highways,Roads & Highways,MoRTH,Andhra Pradesh
618038,Construction of Shopian Bypass on NH-444 taking off from existing chainage Km 36500 and re-joining at km 47588 of existing Chainage New Design Ch. From km 28000 to km 36925 as 2- lane with paved shoulder in the UT of Jammu & Kashmir on EPC mode.,2026-07,224.44,22.0,0.0,0.0,0.0,,3.0,0.0,0.0,24.0,6.0,18.0,0.25,0.0,3.0,0.0,25.0,-22.0,6,7,0.0,0.0,0.0,0.0,0.5,0.0,0,0,0,0,0,0,Ministry of Road Transport & Highways,Roads & Highways,MoRTH,"Jammu and
Kashmir"
618039,Widening to 2 Lane from Existing Chainage Km 74.700 Km 100.660 Design Chainage Km 53.365 to Km 78.785 on NH- 507 in the State of Uttarakhand.,2026-07,346.82,21.0,0.0,0.0,0.0,,31.75,0.0,0.0,30.0,9.0,21.0,0.3,0.0,31.75,0.0,30.0,1.75,6,7,0.0,1.46,0.0,0.0,2.9583,0.0,0,0,0,0,0,0,Ministry of Road Transport & Highways,Roads & Highways,MoRTH,Uttarakhand
618040,Rehabilitation and Upgradation to Two lanes with Paved Shoulders configuration and Strengthening from Km 175.00 to Km 196.00 Gumkhal to Satpuli of NH-119 New NH- 534 in the State of Uttarakhand under NHO Annual Plan 2021-22 under EPC mode,2026-07,452.81,34.0,0.0,0.0,0.0,,42.0,0.0,0.0,24.0,18.0,6.0,0.75,0.0,42.0,0.0,75.0,-33.0,5,6,0.0,0.0,0.0,0.0,0.0,0.0,0,0,0,0,0,0,Ministry of Road Transport & Highways,Roads & Highways,MoRTH,Uttarakhand
618041,Rehabilitation and upgrading to two lanes with paved shoulders and Strengthening of Kotdwar-Pauri-Srinagar road section from Km 232.00 to 274.470 on NH-119 New 534 Paidul to Srinagar in the State of Uttarakhand on EPC Mode under NHO Annual Plan 2021-22.,2026-07,299.31,46.0,0.0,0.0,0.0,,2.0,0.0,0.0,24.0,7.0,17.0,0.2917,0.0,2.0,0.0,29.1667,-27.1667,6,7,0.0,0.0,0.0,0.0,0.3333,0.0,0,0,0,0,0,0,Ministry of Road Transport & Highways,Roads & Highways,MoRTH,Uttarakhand
618042,"Rehabilitation/ Upgradation of existing Highway to four lane standards in Kurkheda town from km.413257 to km 410775, Two lane in Shankarpur Gurnuli km 42400 to km 43100 section and Reconstruction of Major Bridge at Ch. 448558 Bhuti Nallah and Ch. 411695 Sati River bridge, Minor Bridge at Ch. 411477 and Ch. 405800 Lendhari Bridge of NH 543 Bhamhapuri-wadsa-kurkheda-korchi-Deori-Amgaon road on EPC mode in the State of Maharashtra",2026-07,163.86,20.0,49.03,29.9219,49.03,,50.25,7.47,17.4614,18.0,32.0,-14.0,1.7778,1.0,20.3281,0.5955,100.0,-49.75,7,8,7.47,7.47,49.03,49.03,2.4643,7.0043,0,0,0,1,0,0,Ministry of Road Transport & Highways,Roads & Highways,MoRTH,Maharashtra
618043,Upgradation and reconstruction of Dindori - Mandla Section of NH 543 from Km 77100 Design to Km 170580 Design Total length 93.48km to Two lane with paved shoulder configuration along with One time improvement in 04 nos of bypassed built-up areas in a total length of 7.23 km in the state of Madhya Pradesh on EPC mode,2026-07,492.12,22.0,0.0,0.0,0.0,,88.0,0.0,0.0,30.0,30.0,0.0,1.0,0.0,88.0,0.0,100.0,-12.0,5,6,0.0,0.0,0.0,0.0,-1.8,0.0,0,0,0,0,0,0,Ministry of Road Transport & Highways,Roads & Highways,MoRTH,Madhya Pradesh
618044,Upgradation of Shahdol- Sagartola Section of NH 543 from km 0000 to km 69400 to 2 lane with paved shoulders under Hybrid Annuity Mode HAM in the State of Madhya Pradesh,2026-07,851.4,25.0,0.0,0.0,0.0,,0.0,0.0,,24.0,4.0,20.0,0.1667,0.0,0.0,,16.6667,-16.6667,3,4,0.0,0.0,0.0,0.0,0.0,0.0,0,0,0,0,0,0,Ministry of Road Transport & Highways,Roads & Highways,MoRTH,Madhya Pradesh
618045,"Construction of Mihona bypass, Lahar bypass, Daboh bypass & Bhander Bypass total length 20.60 km to 2-lane with paved shoulder from on Mihona-Bhander-MP/UP border section of NH 552E in the State of Madhya Pradesh on EPC mode",2026-05,179.18,15.0,71.77,40.0547,0.0,0.0,67.0,0.0,0.0,18.0,35.0,-17.0,1.9444,1.0,26.9453,0.5978,100.0,-33.0,5,6,0.0,0.0,0.0,0.0,0.0,0.0,0,0,0,1,0,0,Ministry of Road Transport & Highways,Roads & Highways,MoRTH,Madhya Pradesh
618046,Rehabilitation & Up-gradation of Sabalkhed to Ashti Section from Km 37900 to Km 55100 & Chinchpur to Jamkhed Section from km 70000 to km 72922 of NH-561 to Two lane with Paved shoulder/ Four lane configuration in the State of Maharashtra on EPC Mode Length20.122km.,2026-05,213.33,13.0,0.0,0.0,0.0,,95.88,0.0,0.0,17.0,37.0,-20.0,2.1765,1.0,95.88,0.0,100.0,-4.12,5,6,0.0,0.0,0.0,0.0,0.176,0.0,0,0,0,1,0,0,Ministry of Road Transport & Highways,Roads & Highways,MoRTH,Maharashtra
618047,"Widening, Reconstruction & Up-gradation to 2 lane with Paved Shoulder/Four Lane configuration for the work of Ahmednagar to Sabalkhed & Ashti to Chinchpur Section of NH-561 from Design km 2915 to km 37728 & Design km 55100 to km 70000 in the State of Maharashtra on EPC mode. Length 49.713 km",2026-07,657.16,14.0,0.0,0.0,0.0,,88.56,5.1,6.1107,24.0,14.0,10.0,0.5833,0.0,88.56,0.0,58.3333,30.2267,5,6,5.1,9.12,0.0,0.0,8.112,0.0,0,0,0,0,0,0,Ministry of Road Transport & Highways,Roads & Highways,MoRTH,Maharashtra
618049,Up-gradation to 2/4 lane with paved shoulder configuration of NH-652 from Tuljapur Naldurg-Akkalkot road Chainage from Km. 00.000 to km 30.982 in the State of Maharashtra on EPC mode.,2026-07,183.41,10.0,64.95,35.4125,0.08,0.1233,98.0,0.0,0.0,18.0,18.0,0.0,1.0,0.0,62.5875,0.3614,100.0,-2.0,5,6,0.0,3.0,0.08,0.08,8.0,0.016,0,0,0,0,0,0,Ministry of Road Transport & Highways,Roads & Highways,MoRTH,Maharashtra
618050,Rehabilitation and Upgradation to 2-lane/Intermediate lane configuration of Ashyari- Shri Kyari Section km 50.000 to km 75.000 of NH-707 in the state of Himachal Pradesh under Green National Highways Corridor Project GNHCP with the loan assistance of World Bank on EPC mode.,2026-05,345.89,13.0,146.64,42.395,0.0,0.0,98.16,0.0,0.0,24.0,56.0,-32.0,2.3333,1.0,55.765,0.4319,100.0,-1.84,5,6,0.0,0.0,0.0,0.0,19.632,0.0,0,0,0,1,0,0,Ministry of Road Transport & Highways,Roads & Highways,MoRTH,Himachal Pradesh
618051,Rehabilitation and Upgrading of NH-707 OLD 72-B Package - 2 Hewna to Ashyari,2026-06,242.8,11.0,145.49,59.9217,,,98.38,,,24.0,63.0,-39.0,2.625,1.0,38.4583,0.6091,100.0,-1.62,6,3,,,,,0.0633,11.77,0,1,0,1,0,0,Ministry of Road Transport & Highways,Roads & Highways,MoRTH,Himachal Pradesh
618052,Gorantla - Hindupur section from Km 120/300 to 165/000 of NH716G in the State of Andhra Pradesh,2026-07,808.7,10.0,0.0,0.0,0.0,,37.7,8.92,30.9937,24.0,11.0,13.0,0.4583,0.0,37.7,0.0,45.8333,-8.1333,6,7,8.92,18.98,0.0,0.0,5.45,0.0,0,0,0,0,0,0,Ministry of Road Transport & Highways,Roads & Highways,MoRTH,Andhra Pradesh
618053,Muddanur to B. Kothapalli section of NH-716G from Km. 0/000 to Km. 56/500 56.500 Km in the State of Andhra Pradesh on EPC mode Job no. 741,2026-07,1019.97,10.0,0.0,0.0,0.0,,33.55,3.0,9.82,24.0,11.0,13.0,0.4583,0.0,33.55,0.0,45.8333,-12.2833,6,7,3.0,7.48,0.0,0.0,5.5917,0.0,0,0,0,0,0,0,Ministry of Road Transport & Highways,Roads & Highways,MoRTH,Andhra Pradesh
618054,Construction of Balrampur bypass with 2L flexible pavement configuration from km.223.000 of NH-330 to km.328.300 of NH-730 under EPC mode,2026-07,515.69,20.0,128.55,24.9278,9.83,8.28,56.0,2.0,3.7037,18.0,23.0,-5.0,1.2778,1.0,31.0722,0.4451,100.0,-44.0,7,8,2.0,4.0,9.83,9.84,2.2857,6.8,0,0,0,1,0,0,Ministry of Road Transport & Highways,Roads & Highways,MoRTH,Uttar Pradesh
618055,Construction of Pratapgarh Bypass Extension connecting NH-31 to NH-330 on EPC mode in the State of Uttar Pradesh.,2026-07,225.17,15.0,66.96,29.7375,66.96,,78.0,3.0,4.0,17.0,30.0,-13.0,1.7647,1.0,48.2625,0.3813,100.0,-22.0,7,8,3.0,5.0,66.96,66.96,1.7143,9.5657,0,0,0,1,0,0,Ministry of Road Transport & Highways,Roads & Highways,MoRTH,Uttar Pradesh
618056,Improvement and Up-gradation to two Lane with Paved Shoulder Configuration from existing km. 420.00 Shohrathgarh to km. 454.00 Uska Bazar of NH-730 in the state of Uttar Pradesh EPC basis,2026-07,509.65,26.0,120.57,23.6574,5.37,4.6615,62.0,2.0,3.3333,18.0,28.0,-10.0,1.5556,1.0,38.3426,0.3816,100.0,-38.0,7,8,2.0,6.0,5.37,13.9,2.0,5.2043,0,0,0,1,0,0,Ministry of Road Transport & Highways,Roads & Highways,MoRTH,Uttar Pradesh
618057,Construction of Shohratgarh Bypass on NH-730 under EPC mode in the State of Uttar Pradesh,2026-07,189.31,13.0,31.42,16.5971,31.42,,54.0,2.0,3.8462,18.0,32.0,-14.0,1.7778,1.0,37.4029,0.3074,100.0,-46.0,7,8,2.0,4.0,31.42,31.42,7.7143,4.4886,0,0,0,1,0,0,Ministry of Road Transport & Highways,Roads & Highways,MoRTH,Uttar Pradesh
618059,Construction of four-lane Concrete Road from Police Headquarter Gondia City to Rawanwadi Village Birsi Airport Junction from design km 0.000 to km 15.781 existing km 39/720 of NH-753 to existing Km 8/400 of NH 543 on sections from Kohmara- Goregaon- Police HeadquarterKaranja - Collector Office Square - Balaghat T Point- Rawanwadi- Rajegaon of NH-753 and NH-543 in Gondia District in the state of Maharashtra. Total Length of the project 15.781 Km.,2026-07,328.11,12.0,111.48,33.9764,111.48,,34.15,0.0,0.0,18.0,29.0,-11.0,1.6111,1.0,0.1736,0.9949,100.0,-65.85,7,8,0.0,0.0,111.48,111.48,0.0214,15.9257,0,0,0,1,0,0,Ministry of Road Transport & Highways,Roads & Highways,MoRTH,Maharashtra
618060,Widening and Strengthening of existing paveemnt to two lane with paved shoulders from km 116.00 to km 176.355 of NH-75E in the State of Jharkhand on EPC mode.,2026-07,315.21,12.0,162.16,51.4451,18.81,13.1217,89.0,2.0,2.2989,18.0,42.0,-24.0,2.3333,1.0,37.5549,0.578,100.0,-11.0,7,8,2.0,2.0,18.81,32.62,0.2857,4.6671,0,0,0,1,0,0,Ministry of Road Transport & Highways,Roads & Highways,MoRTH,Jharkhand
618061,"Strengthening, Widening & Up-gradation of newly declared NH-761 from NH- 61Junction-BelheAlkutiDevibhoyareNighojShirur, from Design chainage Km 0.000 to Km 37.970 from Single/Intermediate/2L to 2LPS in the State of Maharashtra on EPC Mode Length 37.970 Km",2026-07,386.16,12.0,57.23,14.8203,0.17,0.2979,62.5,0.0,0.0,18.0,16.0,2.0,0.8889,0.0,47.6797,0.2371,88.8889,-26.3889,6,7,0.0,4.08,0.17,26.37,10.4167,5.4333,0,0,0,0,0,0,Ministry of Road Transport & Highways,Roads & Highways,MoRTH,Maharashtra
618062,Dornala to Kunta Junction from Design Chainage Km 244000 to 267990 section of NH-765 Package-2,2026-05,244.83,15.0,0.0,0.0,0.0,,99.64,0.0,0.0,18.0,26.0,-8.0,1.4444,1.0,99.64,0.0,100.0,-0.36,5,6,0.0,0.0,0.0,0.0,3.328,0.0,0,0,0,1,0,0,Ministry of Road Transport & Highways,Roads & Highways,MoRTH,Andhra Pradesh
618063,Widening & Strenghteningof section from Bharthana chowk to Kodarkoot km.0.00 to km.40.00 of NH-91-A on EPC mode,2026-07,262.37,36.0,115.38,43.9761,0.0,0.0,94.0,0.0,0.0,18.0,40.0,-22.0,2.2222,1.0,50.0239,0.4678,100.0,-6.0,7,8,0.0,2.0,0.0,-0.01,0.5714,0.4171,0,0,0,1,0,0,Ministry of Road Transport & Highways,Roads & Highways,MoRTH,Uttar Pradesh
618064,Up-gradation of NH-930 Sherpar to Kohka from Km.67880 to Km.114860 to 2LPS in Chhattisgarh under EPC mode,2026-05,278.97,26.0,201.05,72.0687,0.0,0.0,90.0,0.0,0.0,24.0,48.0,-24.0,2.0,1.0,17.9313,0.8008,100.0,-10.0,5,6,0.0,0.0,0.0,0.0,18.0,0.0,0,0,0,1,0,0,Ministry of Road Transport & Highways,Roads & Highways,MoRTH,Chhattisgarh
618065,"Rehabilitation/Upgradation of existing Highway to 2LPS/4 lane of Dhawali to Rajoli from Design Km.149476 to 163476 existing Km.150000 to 164000, Pandhasala to Mohadongri from design Km.170476 to 181476 existing Km.171000 to 182000, Ambeshivni Fata to Bodli from design Km.183476 to 185476 existing Km.184000 to 186000 and Made Tukum to Gadchiroli from design Km.188476 to 189476 existing Km.188000 to 18900 having length 28 km of NH-930 of Dhawali to Gadchroli road in the",2026-07,316.44,24.0,49.78,15.7313,49.78,,37.2,3.1,9.0909,18.0,28.0,-10.0,1.5556,1.0,21.4687,0.4229,100.0,-62.8,7,8,3.1,0.2,49.78,49.78,1.7429,7.1114,0,0,0,1,0,0,Ministry of Road Transport & Highways,Roads & Highways,MoRTH,Maharashtra
618066,Construction of Amethi bypass Part-II at km.30.050 of NH-931 under EPC mode in the state of Uttar Pradesh,2026-07,283.86,26.0,38.69,13.63,0.0,0.0,48.0,0.0,0.0,24.0,17.0,7.0,0.7083,0.0,34.37,0.284,70.8333,-22.8333,6,7,0.0,4.0,0.0,6.72,2.5,3.9033,0,0,0,0,0,0,Ministry of Road Transport & Highways,Roads & Highways,MoRTH,Uttar Pradesh
618067,"Rehabilitation & Up-gradation from design Km. 0.000 to Km. 69.280 of NH-931 Pratapgarh - Amethi - Gauriganj -Musafirkhana to two lane with paved shoulder on Engineering, Procurement & Construction EpC mode in the State of Uttar Pradesh",2026-07,1086.3,30.0,24.29,2.236,24.29,,9.32,0.32,3.5556,24.0,8.0,16.0,0.3333,0.0,7.084,0.2399,33.3333,-24.0133,6,7,0.32,4.32,24.29,24.29,1.5533,4.0483,0,0,0,0,0,0,Ministry of Road Transport & Highways,Roads & Highways,MoRTH,Uttar Pradesh
618068,"Construction of Kaithi-Padaria Kala bypass, Patna-Tamoli bypass, Jaso bypass and Nagod bypass total length 15.44 Km to 2-lane with paved shoulders flexible pavement on NH-943 in the State of Madhya Pradesh on EPC Mode.",2026-07,158.36,19.0,36.36,22.9603,36.36,,62.8,2.8,4.6667,24.0,33.0,-9.0,1.375,1.0,39.8397,0.3656,100.0,-37.2,7,8,2.8,2.8,36.36,36.36,8.9714,5.1943,0,0,0,1,0,0,Ministry of Road Transport & Highways,Roads & Highways,MoRTH,Madhya Pradesh
618069,Upgradation to Two-lane with paved shoulder of Hanumangarh to Kenchiyan section from Km 0.000existing chainage-Km 23.200 to Km 49.605existing chainage-Km 74.645 of NH-54 in the State of Rajasthan on EPC mode.,2026-07,334.64,31.0,0.0,0.0,0.0,,72.0,2.0,2.8571,24.0,21.0,3.0,0.875,0.0,72.0,0.0,87.5,-15.5,6,7,2.0,4.0,0.0,0.0,1.0,0.0,0,0,0,0,0,0,Ministry of Road Transport & Highways,Roads & Highways,MoRTH,Rajasthan
618070,Widening to 2 Lanes with paved shoulders from Km.87/000 to 133/720 Nattukal to Thanau Jn. in Palakkad of NH-966 Old NH-213 on EPC mode Basis under NHO Annual Plan 2016-17 in the state of Kerala,2026-07,294.28,6.0,0.0,0.0,0.0,,98.0,0.0,0.0,24.0,107.0,-83.0,4.4583,1.0,98.0,0.0,100.0,-2.0,7,8,0.0,0.0,0.0,0.0,0.0,0.0,0,0,0,1,0,0,Ministry of Road Transport & Highways,Roads & Highways,MoRTH,Kerala
618071,Construction of two lane with paved shoulder Gangtok Bypass Road from Ranipool to Burtuk Ch 0.00 Km to 23.316 L23.316 Km in the State of Sikkim,2026-07,385.15,7.0,203.36,52.8002,203.36,,92.0,2.0,2.2222,24.0,50.0,-26.0,2.0833,1.0,39.1998,0.5739,100.0,-8.0,7,8,2.0,2.0,203.36,203.36,2.0,29.0514,0,0,0,1,0,0,Ministry of Road Transport & Highways,Roads & Highways,MoRTH,Sikkim
618072,Widening to Existing single lane /intermediate lane to 2 lane from Km185.00 to Km 220.00 of NH-61 New NH-02 in the state of Nagaland.,2026-07,297.25,16.0,155.15,52.1951,0.0,0.0,100.0,0.0,0.0,24.0,48.0,-24.0,2.0,1.0,47.8049,0.522,100.0,0.0,7,8,0.0,0.0,0.0,5.96,2.1429,3.74,0,0,0,1,0,0,Ministry of Road Transport & Highways,Roads & Highways,MoRTH,Nagaland
618073,Improvement to Two lane with Paved Shoulder from Junction of NH22 near Hajipur to Junction of NH -122 at Bachhwara via Mahnar and Mohiuddin Nagar from Km 0.00 to Km 29.730 of NH 122 B in the State of Bihar.,2026-07,226.16,6.0,0.0,0.0,0.0,,61.0,8.0,15.0943,18.0,23.0,-5.0,1.2778,1.0,61.0,0.0,100.0,-39.0,7,8,8.0,11.0,0.0,0.0,8.7143,0.0,0,0,0,1,0,0,Ministry of Road Transport & Highways,Roads & Highways,MoRTH,Bihar
618074,Pre construction activity of NH 122B from km 0 to 72.348 and Improvement to two lane with paved shoulders of NH 122B from km 29.730 to km 72.348 in state of Bihar under EPC mode,2026-07,624.43,15.0,154.25,24.7025,0.0,0.0,96.0,1.0,1.0526,39.0,38.0,1.0,0.9744,0.0,71.2975,0.2573,97.4359,-1.4359,7,8,1.0,2.0,0.0,1.04,0.8571,0.1486,0,0,0,0,0,0,Ministry of Road Transport & Highways,Roads & Highways,MoRTH,Bihar
618075,Construction of two lane with paved shoulder from existing Km.0.000 to Km.55.610 design km. 0.000 to km. 54.048 of NH-124D,2026-07,840.93,26.0,210.11,24.9854,5.27,2.5727,77.0,2.0,2.6667,24.0,29.0,-5.0,1.2083,1.0,52.0146,0.3245,100.0,-23.0,7,8,2.0,6.0,5.27,24.53,3.1429,10.7443,0,0,0,1,0,0,Ministry of Road Transport & Highways,Roads & Highways,MoRTH,Uttar Pradesh
618076,Improvement and Widening two lannig with paved Shoulder of NH 127B from km 31.500 Goeragre to km 63.224 Package-II in state of Meghalaya,2026-07,504.0,17.0,0.0,0.0,0.0,,4.5,2.0,80.0,24.0,14.0,10.0,0.5833,0.0,4.5,0.0,58.3333,-53.8333,6,7,2.0,2.0,0.0,0.0,0.75,0.0,0,0,0,0,0,0,Ministry of Road Transport & Highways,Roads & Highways,MoRTH,Meghalaya
618078,Up-gradation of NH-130C Abhanpur to Paund from NH Km. 0000 to KM 40380 to two lane with paved shoulders in the State of Chhattisgarh on EPC mode.,2026-05,193.16,15.0,97.78,50.6212,0.0,0.0,85.0,0.0,0.0,18.0,50.0,-32.0,2.7778,1.0,34.3788,0.5955,100.0,-15.0,5,6,0.0,0.0,0.0,0.0,17.0,8.302,0,0,0,1,0,0,Ministry of Road Transport & Highways,Roads & Highways,MoRTH,Chhattisgarh
618079,Construction of Dharmagarh Bypass on NH-130C including land acquisition in the state of Odisha on EPC Mode under Annual plan 2022-23.,2026-07,172.66,25.0,0.0,0.0,0.0,,15.0,0.0,0.0,18.0,15.0,3.0,0.8333,0.0,15.0,0.0,83.3333,-68.3333,5,6,0.0,0.0,0.0,0.0,2.2,0.0,0,0,0,0,0,0,Ministry of Road Transport & Highways,Roads & Highways,MoRTH,Odisha
618080,Improvement to two lane with paved shoulders of BH WB Border Amdabad Manihari section from design Km 0.000 to Km 23.945 of NH 131 A Total length 23.945 Km under EPC mode in the state of Bihar,2026-07,353.27,40.0,0.0,0.0,0.0,,7.5,0.5,7.1429,18.0,14.0,4.0,0.7778,0.0,7.5,0.0,77.7778,-70.2778,7,8,0.5,4.4,0.0,0.0,0.7857,0.0,0,0,0,0,0,0,Ministry of Road Transport & Highways,Roads & Highways,MoRTH,Bihar
618081,Construction of Mariahu Bypass with four lane paved shoulder configuration Km. 53.540 to Km.59.200 of NH-135A on EPC mode in the state of Uttar Pradesh,2026-07,438.24,11.0,81.45,18.5857,81.45,,55.0,0.0,0.0,24.0,29.0,-5.0,1.2083,1.0,36.4143,0.3379,100.0,-45.0,7,8,0.0,3.0,81.45,81.45,1.5714,11.6357,0,0,0,1,0,0,Ministry of Road Transport & Highways,Roads & Highways,MoRTH,Uttar Pradesh
618082,Widening & Upgradation to four lane configuration from Km.34.900 Bhadohi to km.73.134 Jaunpur of NH-135A on EPC mode,2026-07,395.62,20.0,0.0,0.0,0.0,,95.0,1.0,1.0638,18.0,44.0,-26.0,2.4444,1.0,95.0,0.0,100.0,-5.0,7,8,1.0,1.0,0.0,0.0,1.5714,0.0,0,0,0,1,0,0,Ministry of Road Transport & Highways,Roads & Highways,MoRTH,Uttar Pradesh
618083,Construction of byepass around Lohardaga town of NH-143A in the Sate of Jharkhand under EPC mode.,2026-07,458.78,23.0,2.32,0.5057,,,5.0,,,24.0,30.0,-6.0,1.25,1.0,4.4943,0.1011,100.0,-95.0,5,5,,0.0,,2.32,1.0,0.464,0,1,0,1,0,0,Ministry of Road Transport & Highways,Roads & Highways,MoRTH,Jharkhand
618084,Widening to 2-lane with paved shoulder from km 0.00 to 44.00 Kuru-Ghaghra section of NH-143A including re-construction of culverts and bridges.,2026-07,153.01,18.0,100.77,65.8584,0.0,0.0,95.0,0.0,0.0,24.0,59.0,-35.0,2.4583,1.0,29.1416,0.6932,100.0,-5.0,7,8,0.0,0.0,0.0,15.18,13.5714,3.3957,0,0,0,1,0,0,Ministry of Road Transport & Highways,Roads & Highways,MoRTH,Jharkhand
618085,Upgradation of Nasrullagani-Rehti-Budhni Scction to 2-lane with paved shoulder from Km 0150 to Km 50500 of NH-146B in the state of Madhya Pradesh on EPC mode.,2026-07,305.12,16.0,0.0,0.0,0.0,,92.33,3.26,3.66,18.0,39.0,-21.0,2.1667,1.0,92.33,0.0,100.0,-7.67,7,8,3.26,14.33,0.0,0.0,13.19,0.0,0,0,0,1,0,0,Ministry of Road Transport & Highways,Roads & Highways,MoRTH,Madhya Pradesh
618086,"Widening to Two Lane with Paved Shoulders from KB Cross to Chunchanahalli ie., Design Ch. 485240 Km Existing Km 494.000 to Design Ch. 523393 Km Existing km 533.152 & From Design Ch. 530393 Existing Km 540.175 to Design Ch. 534476 Existing Km 544.200 at Nelligere of NH-150A on EPC mode under Annual Plan 2022-23 NH-150A-KNT-2022-23-977 dated 08.03.2023",2026-07,617.28,28.0,8.03,1.3009,0.44,5.7971,48.5,0.0,0.0,18.0,12.0,6.0,0.6667,0.0,47.1991,0.0268,66.6667,-18.1667,6,7,0.0,0.8,0.44,3.31,6.4167,1.2133,0,0,0,0,0,0,Ministry of Road Transport & Highways,Roads & Highways,MoRTH,Karnataka
618087,Widening to intermediate/two lane to 2 lane with paved shoulder from Existing chanages Km 112.750 to 142.00 Liingasur to Mudabal cross & from Km. 147.070 to Km. 149.070 Maski city limit of Jewargi Chamrajnagar setion of NH-150A in the state of Karnataka on EPC mode. Job No. NH-150A-KNT-2021-22-951,2026-07,255.88,10.0,185.27,72.405,2.47,1.3512,96.0,0.0,0.0,18.0,42.0,-24.0,2.3333,1.0,23.595,0.7542,100.0,-4.0,7,8,0.0,0.0,2.47,5.61,0.4286,1.36,0,0,0,1,0,0,Ministry of Road Transport & Highways,Roads & Highways,MoRTH,Karnataka
618088,Nandurshingote to Kolhar,2026-07,325.79,9.0,32.41,9.9481,9.4,40.8518,41.93,4.19,11.1023,18.0,13.0,5.0,0.7222,0.0,31.9819,0.2373,72.2222,-30.2922,5,6,4.19,14.93,9.4,9.71,5.986,6.434,0,0,0,0,0,0,Ministry of Road Transport & Highways,Roads & Highways,MoRTH,Maharashtra
618089,Rehabilitation & Up-gradation of Mudkhed to Nanded section from Km. 372000 to Km 388400 of NH 161A i.e. Nanded-Bhokar-Himayatnagar-Kinwat-Mahur-Arani Road Design chainage from Km 372000 Mudkhed to Km 387650 Nanded of NH 161A Length 15.65 Km to 2/4Lane with paved shoulders configuration in the State of Maharashtra on EPC mode.,2026-07,206.54,13.0,74.51,36.0753,74.51,,65.14,0.0,0.0,24.0,39.0,-15.0,1.625,1.0,29.0647,0.5538,100.0,-34.86,7,8,0.0,0.0,74.51,74.51,0.3057,10.6443,0,0,0,1,0,0,Ministry of Road Transport & Highways,Roads & Highways,MoRTH,Maharashtra
618090,Sarsam - Kothari of NH-161A - 2L PS from Km.33/00 to 90/00,2026-05,545.64,4.0,0.0,0.0,0.0,,97.25,0.0,0.0,24.0,107.0,-83.0,4.4583,1.0,97.25,0.0,100.0,-2.75,5,6,0.0,0.0,0.0,0.0,0.05,0.0,0,0,0,1,0,0,Ministry of Road Transport & Highways,Roads & Highways,MoRTH,Maharashtra
618091,Widening to two lane with paved shoulders from Km 0/000 to Km 45/946 of Nizampet- Narayankhed-bidar section of NH-161B in the state of Telangana under Annual Plan 2021-22 on EPC mode under NHO,2026-07,512.98,23.0,152.49,29.7263,1.04,0.6867,46.0,0.0,0.0,24.0,29.0,-5.0,1.2083,1.0,16.2737,0.6462,100.0,-54.0,5,6,0.0,4.03,1.04,34.89,1.2,7.06,0,0,0,1,0,0,Ministry of Road Transport & Highways,Roads & Highways,MoRTH,Telangana
618092,Up-gradation to 2 lane with paved shoulder from Neechli Oden Nathdwara at Design Km 88.800 existing km 55.95 to Bhatewar at Design Km 142.028 existing km 0.00 of NH-162E in the State of Rajasthan on EPC mode.,2026-07,606.61,20.0,304.62,50.2168,304.62,,63.52,3.13,5.183,24.0,21.0,3.0,0.875,0.0,13.3032,0.7906,87.5,-23.98,6,7,3.13,8.29,304.62,304.62,4.92,-22.0717,0,0,0,0,0,0,Ministry of Road Transport & Highways,Roads & Highways,MoRTH,Rajasthan
618093,Up-gradation to 2 lane with Paved shoulder from Charbhuja at Design km 0.00 existing km 150.00 to Neechli Oden Nathdwara at Design ch. Km 88.800 existing km 55.950 of NH-162E on EPC mode.,2026-05,838.43,19.0,55.04,6.5647,0.0,0.0,0.0,0.0,,24.0,32.0,-8.0,1.3333,1.0,-6.5647,,100.0,-100.0,5,6,0.0,0.0,0.0,0.0,0.0,0.0,0,0,0,1,0,0,Ministry of Road Transport & Highways,Roads & Highways,MoRTH,Rajasthan
618094,Pen to Khopoli 2LPS,2026-07,369.39,3.0,333.1,90.1757,0.0,0.0,86.3,0.0,0.0,18.0,97.0,-79.0,5.3889,1.0,-3.8757,1.0449,100.0,-13.7,7,8,0.0,0.0,0.0,2.73,0.0429,27.0643,0,0,0,1,0,0,Ministry of Road Transport & Highways,Roads & Highways,MoRTH,Maharashtra
618095,Widening to Two Lane with Paved Shoulders from Km 0.00 Design Chainage 0.00 to Km 23.338 Design Chainage 23310 of NH-166E MH/KNT Border- Kanamadi- Bijjargi- Tikota section in the state of Karnataka in EPC Mode under Annual plan 2022-23 NH- 166E-KNT-2022-23-974,2026-07,196.05,19.0,72.94,37.2048,72.94,,75.0,4.0,5.6338,18.0,22.0,-4.0,1.2222,1.0,37.7952,0.4961,100.0,-25.0,5,6,4.0,4.0,72.94,72.94,9.0,14.588,0,0,0,1,0,0,Ministry of Road Transport & Highways,Roads & Highways,MoRTH,Karnataka
618096,Rehabilitation and Up-gradation to 2 lane road with paved shoulders configuration for the balance work of 13 km length on Helwak-Patan-Karad section Km. 85000 to 133 417 of NH-166E in the state of Maharashtra on EPC mode.,2026-07,181.45,8.0,60.25,33.2047,60.25,,87.0,0.0,0.0,18.0,21.0,-3.0,1.1667,1.0,53.7953,0.3817,100.0,-13.0,5,6,0.0,0.0,60.25,60.25,2.4,12.05,0,0,0,1,0,0,Ministry of Road Transport & Highways,Roads & Highways,MoRTH,Maharashtra
618097,Guhagar - Rampur - 2L-PS - km 0/00 Guhagar to 26/230 Rampur and 40/00 Mirjoli to 53/600 Sati on NH-166E,2026-07,407.2,5.0,0.0,0.0,0.0,,91.89,0.0,0.0,24.0,109.0,-85.0,4.5417,1.0,91.89,0.0,100.0,-8.11,7,8,0.0,0.0,0.0,0.0,0.1271,0.0,0,0,0,1,0,0,Ministry of Road Transport & Highways,Roads & Highways,MoRTH,Maharashtra
618098,"Upgradation of exhisting 2 lane flexible pavement to 2 lane paved shoulders rigid pavement from design chainage Km 66.00 to Design Km 82.440 Start of Kolhapur Municipal corporation near Phulewadi to kale, design length 16.440 Km section on Talere Gaganbawada-Kolhapur road NH 166G in the state of Maharashtra on EPC mode",2026-07,167.97,20.0,0.0,0.0,0.0,,93.75,0.0,0.0,18.0,44.0,-26.0,2.4444,1.0,93.75,0.0,100.0,-6.25,7,8,0.0,0.0,0.0,0.0,1.5357,0.0,0,0,0,1,0,0,Ministry of Road Transport & Highways,Roads & Highways,MoRTH,Maharashtra
618099,"Rehabilitation & up-gradation for Talere Gaganbawada - kolhapur Road NH 166G stretch start from km. 0/00 to Km. 06/00 and km. 13/00 to km 19/440 of NH-166G, length 12.440 km in the State of Maharashtra.",2026-05,164.13,7.0,98.68,60.1231,0.0,0.0,100.0,0.0,0.0,18.0,19.0,-1.0,1.0556,1.0,39.8769,0.6012,100.0,0.0,3,4,0.0,0.0,0.0,0.0,0.0,0.0,0,0,0,1,0,0,Ministry of Road Transport & Highways,Roads & Highways,MoRTH,Maharashtra
618101,Kondamodu to Perecherla Section Design Ch. Km 000 to Km 49917 of NH-167AG to to 4LPS,2026-07,881.61,6.0,0.0,0.0,0.0,,37.95,0.0,0.0,24.0,15.0,9.0,0.625,0.0,37.95,0.0,62.5,-24.55,5,6,0.0,0.0,0.0,0.0,2.59,0.0,0,0,0,0,0,0,Ministry of Road Transport & Highways,Roads & Highways,MoRTH,Andhra Pradesh
618103,Rehabilitation and upgradation from Km 22300 to 58635 of MudireddyPalle to Kadapa/Nellore Border via porumamilla Section of NH 167 Two Lane with paved Shoulder in,2026-07,279.29,31.0,168.7,60.4032,0.0,0.0,90.33,0.0,0.0,18.0,21.0,-3.0,1.1667,1.0,29.9268,0.6687,100.0,-9.67,5,6,0.0,0.0,0.0,9.57,9.866,8.518,0,0,0,1,0,0,Ministry of Road Transport & Highways,Roads & Highways,MoRTH,Andhra Pradesh
618104,Widening to two lane with paved shoulders from Km 0/000 to Km 79/300 of Kalwakurthy - Kollapur section of NH-167K in the state of Telangana under annual plan 2021-22 on EPC mode under NHO.,2026-07,886.69,16.0,620.25,69.9512,0.0,0.0,90.05,3.31,3.816,24.0,36.0,-12.0,1.5,1.0,20.0988,0.7768,100.0,-9.95,7,8,3.31,3.31,0.0,35.41,1.7214,8.9786,0,0,0,1,0,0,Ministry of Road Transport & Highways,Roads & Highways,MoRTH,Telangana
618105,Widening and strengthening to 4 lane / 2-lane with paved shoulders of Mahabubnagar - Chincholi section from km 60/255 to Km 102/834 of NH-167N in the State of Telangana on EPC mode.,2026-07,631.49,19.0,125.34,19.8483,0.0,0.0,46.63,15.83,51.3961,24.0,33.0,-9.0,1.375,1.0,26.7817,0.4257,100.0,-53.37,7,8,15.83,15.83,0.0,32.78,6.6614,7.6329,0,0,0,1,0,0,Ministry of Road Transport & Highways,Roads & Highways,MoRTH,Telangana
618106,Widening and Strengthening to 2/4 lane with paved shoulders of Mahabubnagar Chincholi section from Km 0/0 to Km 60/255 of NH-167N in the state of Telangana under Annual plan 2021-22 on EPC modepackage-I under NHO Job No.167N-TS- 2021-22-75,2026-07,703.68,52.0,304.65,43.2938,0.0,0.0,90.69,0.0,0.0,18.0,2.0,16.0,0.1111,0.0,47.3962,0.4774,11.1111,79.5789,7,8,0.0,0.0,0.0,24.82,0.5271,7.4786,0,0,0,0,0,0,Ministry of Road Transport & Highways,Roads & Highways,MoRTH,Telangana
618107,Upgradation of Mehsana-Visnagar-vadnagar-Kheralu-Idar section from km 0/00 to 81/300 of NH 168G Mehsana to Idar in the State of GujaratTotal Length 81.300 Km on Hybrid Annuity Mode HAM,2026-07,1155.21,22.0,421.58,36.4938,42.98,11.3524,23.0,7.0,43.75,30.0,7.0,23.0,0.2333,0.0,-13.4938,1.5867,23.3333,-0.3333,6,7,7.0,7.0,42.98,358.23,3.5,70.1117,0,0,0,0,0,0,Ministry of Road Transport & Highways,Roads & Highways,MoRTH,Gujarat
618108,Up-gradation and strengthening to 2lanePS from Km 95/500 to km 129/775 of Nh 168G Idar-Bhiloda-Samlaji in the state of Gujarat Length 34.275 km,2026-07,237.28,15.0,41.55,17.511,41.55,,64.5,1.5,2.381,24.0,31.0,-7.0,1.2917,1.0,46.989,0.2715,100.0,-35.5,7,8,1.5,1.5,41.55,41.55,2.5,5.9357,0,0,0,1,0,0,Ministry of Road Transport & Highways,Roads & Highways,MoRTH,Gujarat
618109,Widening to 4 lane from Km 51.60 to 76.20 Hebri to Parkala and from Km 85.20 to 88.90 Karavali junction to Malpe of Thirthahalli-Udupi-Malpe Section of NH-169A in the State of Karnataka on EPC Mode under Annual plan 2021-22 Job No. NH-169A- KNT-2021-22-927,2026-07,355.72,11.0,217.46,61.1324,2.03,0.9423,88.33,0.0,0.0,24.0,43.0,-19.0,1.7917,1.0,27.1976,0.6921,100.0,-11.67,7,8,0.0,0.0,2.03,32.67,1.7614,6.6714,0,0,0,1,0,0,Ministry of Road Transport & Highways,Roads & Highways,MoRTH,Karnataka
618110,Improvement and upgradation to two lane with Paved Shoulder configuration from existing km 55.00 to km 90.00 Design length 34.76 of NH-227A near Chhapia Village to near Sikriganj in the State of UP on EPC Mode.,2026-05,307.11,12.0,125.88,40.9886,0.0,0.0,0.0,0.0,,18.0,42.0,-24.0,2.3333,1.0,-40.9886,,100.0,-100.0,5,6,0.0,0.0,0.0,0.0,0.0,0.0,0,0,0,1,0,0,Ministry of Road Transport & Highways,Roads & Highways,MoRTH,Uttar Pradesh
618111,Improvement and upgradation to two lane with paved shoulder configuration from existing km 90.00 to 130.00 Design length 39.15 of NH-227A near Sikriganj to Barhalganj in the State of UP on EPC Mode.,2026-07,403.36,28.0,142.17,35.2464,142.17,,96.0,0.0,0.0,18.0,31.0,-13.0,1.7222,1.0,60.7536,0.3672,100.0,-4.0,7,8,0.0,2.0,142.17,142.17,1.7143,20.31,0,0,0,1,0,0,Ministry of Road Transport & Highways,Roads & Highways,MoRTH,Uttar Pradesh
618112,"Improvement and up-gradation of NH-227B 84 Kosi Parikrama Marg Package I, from km 228.920 Jagarnathpur to Km 235.960/0.000 MakhaudaDham to Km 29.000 Sarpur in the State of Uttar Pradesh on EPC basis",2026-07,912.5,38.0,8.72,0.9556,6.82,358.9474,8.0,1.0,14.2857,18.0,14.0,4.0,0.7778,0.0,7.0444,0.1195,77.7778,-69.7778,6,7,1.0,4.0,6.82,6.82,1.0,1.4533,0,0,0,0,0,0,Ministry of Road Transport & Highways,Roads & Highways,MoRTH,Uttar Pradesh
618113,"Improvement and up-gradation of NH-227B 84 Kosi Parikrama Marg Package III, from Km.47.800 Gosaiganj to Km.73.300 Bikapur in the State of Uttar Pradesh on EPC basis.",2026-07,587.97,38.0,80.16,13.6333,18.97,31.0018,50.72,7.26,16.705,18.0,14.0,4.0,0.7778,0.0,37.0867,0.2688,77.7778,-27.0578,6,7,7.26,11.72,18.97,32.71,5.9533,11.23,0,0,0,0,0,0,Ministry of Road Transport & Highways,Roads & Highways,MoRTH,Uttar Pradesh
618114,"Improvement and up-gradation of NH-227B 84 Kosi Parikrama Marg PackageV, from Design Km.140.960 Patranga to Km.160.200 Bahuvan Madar Majha on EPC mode in the State of Uttar Pradesh",2026-07,1192.33,35.0,0.0,0.0,0.0,,4.0,0.0,0.0,30.0,5.0,25.0,0.1667,0.0,4.0,0.0,16.6667,-12.6667,3,4,0.0,2.0,0.0,0.0,1.3333,0.0,0,0,0,0,0,0,Ministry of Road Transport & Highways,Roads & Highways,MoRTH,Uttar Pradesh
618116,lmprovement and Up-gradation from Km. 73.300 Bikapur to Km.140.960 Patranga of NH-227B 84 Kosi Parikrama Marg to 2LPS along with Parikrama Path,2026-07,1679.75,38.0,172.89,10.2926,30.36,21.3008,40.45,0.0,0.0,24.0,6.0,18.0,0.25,0.0,30.1574,0.2545,25.0,15.45,6,7,0.0,5.95,30.36,75.22,6.7417,28.815,0,0,0,0,0,0,Ministry of Road Transport & Highways,Roads & Highways,MoRTH,Uttar Pradesh
618117,Upgradation to 2-Lane with Paved Shoulder from Design Km 36300 to Design Chainage 47918 and from Design Ch 69900 to Design Ch 83940 of NH-248A Natni Ka Bara in the State of Rajasthan on EPC Mode.,2026-07,154.89,9.0,15.13,9.7682,0.0,0.0,23.0,0.0,0.0,18.0,20.0,-2.0,1.1111,1.0,13.2318,0.4247,100.0,-77.0,5,6,0.0,0.0,0.0,0.33,2.2,2.436,0,0,0,1,0,0,Ministry of Road Transport & Highways,Roads & Highways,MoRTH,Rajasthan
618118,Upgradation of two lane paved shoulder from Shahpura existing km. 0.00 Design Ch. 000 to Thanagazi existing Km.37352 Design Ch. 36810 of NH-248A on EPC mode in the State of Rajasthan.,2026-05,174.34,11.0,63.55,36.4518,0.0,0.0,100.0,0.0,0.0,17.0,39.0,-22.0,2.2941,1.0,63.5482,0.3645,100.0,0.0,5,6,0.0,0.0,0.0,0.0,2.0,0.008,0,0,0,1,0,0,Ministry of Road Transport & Highways,Roads & Highways,MoRTH,Rajasthan
618119,Rehabilitation and up-gradation to 2-lane configuration of Bageshwar to Kangarchina road from km 129.600 to Km 161.600 Existing Chainage 136.00 to Km 169.00 of NH- 309Ain the State of Uttarakhand Package-IV under NHO Annual Plan 2021-22,2026-07,472.23,29.0,0.0,0.0,0.0,,67.0,2.0,3.0769,30.0,23.0,7.0,0.7667,0.0,67.0,0.0,76.6667,-9.6667,5,6,2.0,7.0,0.0,0.0,3.0,0.0,0,0,0,0,0,0,Ministry of Road Transport & Highways,Roads & Highways,MoRTH,Uttarakhand
618120,construction of Four-Lane of chausa-Buxar Bypass from Km 45.000 to Km 65.915 Package - 2 in the State of Bihar on EPC Mode.,2026-07,1060.16,40.0,0.22,0.0208,0.22,,4.0,0.0,0.0,24.0,6.0,18.0,0.25,0.0,3.9792,0.0052,25.0,-21.0,6,7,0.0,4.0,0.22,0.22,0.6667,0.0367,0,0,0,0,0,0,Ministry of Road Transport & Highways,Roads & Highways,MoRTH,Bihar
618121,Improvement to two lane with paved shoulders of NH-319A from km 0 to km 45 in state of Bihar under EPC mode,2026-07,427.29,16.0,198.23,46.3924,0.08,0.0404,93.0,0.0,0.0,18.0,37.0,-19.0,2.0556,1.0,46.6076,0.4988,100.0,-7.0,7,8,0.0,0.0,0.08,19.8,13.2857,3.13,0,0,0,1,0,0,Ministry of Road Transport & Highways,Roads & Highways,MoRTH,Bihar
618122,Widening to 2 lane with paved shoulded of Jareikela Jharkhand/Odisha Border - Dhabaleswar section from 0/0 to 36/0 of NH-320D in the State of Odisha under Annual Plan 2021-22.,2026-07,172.09,31.0,7.42,4.3117,7.42,,34.0,2.0,6.25,24.0,21.0,3.0,0.875,0.0,29.6883,0.1268,87.5,-53.5,5,6,2.0,2.0,7.42,7.42,3.2,1.484,0,0,0,0,0,0,Ministry of Road Transport & Highways,Roads & Highways,MoRTH,Odisha
618123,Widening and Strengthening/Reconstruction to Two Lane with Paved Shoulder/ Two Lane with paved shoulders with service road from km 0000 to km 42250 excluding design Ch. 03220 to 04200 & 28350 to 29060 of NH-320G in the state of Jharkhand under EPC mode,2026-06,423.18,17.0,5.46,1.2902,1.35,32.8467,0.01,0.01,,24.0,34.0,-10.0,1.4167,1.0,-1.2802,129.0231,100.0,-99.99,6,7,0.01,0.01,1.35,1.35,0.0017,0.225,0,0,0,1,0,0,Ministry of Road Transport & Highways,Roads & Highways,MoRTH,Jharkhand
618124,Rehabilitation and upgradation from km 51.600 to km 75.700 of NH-321G Nuhkhas to Etah section to two lane with paved shoulder configuration under EPC mode in the State of Uttar Pradesh,2026-07,343.54,25.0,88.97,25.898,4.54,5.3772,73.0,8.0,12.3077,18.0,29.0,-11.0,1.6111,1.0,47.102,0.3548,100.0,-27.0,7,8,8.0,8.0,4.54,5.7,3.7143,5.1029,0,0,0,1,0,0,Ministry of Road Transport & Highways,Roads & Highways,MoRTH,Uttar Pradesh
618125,Rehabilitation and upgradation of NH 326A from km 0/0 to 41/979 excluding km 2/255 to 3/372 and km 36/820 to 38/275 Odisha border to Narasamapeta to two lane with paved Shoulders in the State of Andhra Pradesh under NHO on EPC Mode,2026-07,228.32,6.0,44.94,19.6829,44.94,,100.0,0.0,0.0,18.0,94.0,-76.0,5.2222,1.0,80.3171,0.1968,100.0,0.0,6,7,0.0,0.0,44.94,0.49,0.0,-4.2767,0,0,0,1,0,0,Ministry of Road Transport & Highways,Roads & Highways,MoRTH,Andhra Pradesh
618126,"Pre-Construction activities from Km 134.000 to Km 190.233 of NH-333A and Construction of 4 no. of Bypasses at Katoria, Lakhpura, Banka & Panjwara total length-14.359 Km to two lane with paved shoulders standard in State of Bihar.",2026-07,479.37,25.0,67.37,14.0539,0.0,0.0,58.75,0.65,1.1188,24.0,19.0,5.0,0.7917,0.0,44.6961,0.2392,79.1667,-20.4167,5,6,0.65,0.75,0.0,55.62,7.35,13.474,0,0,0,0,0,0,Ministry of Road Transport & Highways,Roads & Highways,MoRTH,Bihar
618127,Construction of 2- Lane with paved shoulder from km 56.45 Dharampur More to 93.050 Pakur of NH-333A in the State of Jharkhand on EPC mode,2026-07,255.73,32.0,10.06,3.9338,0.0,0.0,15.0,4.6,44.2308,18.0,8.0,10.0,0.4444,0.0,11.0662,0.2623,44.4444,-29.4444,6,7,4.6,4.6,0.0,0.0,2.1667,1.6767,0,0,0,0,0,0,Ministry of Road Transport & Highways,Roads & Highways,MoRTH,Jharkhand
618129,"Construction of Kasrawad bypass, Selani bypass, Khargone bypass & Bistan bypass Total length. 31.950 km Section of NH-347 C to Two lane with paved shoulder configuration in the State of Madhya Pradesh on EPC mode.",2026-07,467.93,21.0,167.65,35.828,167.65,,99.15,13.12,15.2505,24.0,19.0,5.0,0.7917,0.0,63.322,0.3614,79.1667,19.9833,5,6,13.12,13.12,167.65,167.65,2.63,33.53,0,0,0,0,0,0,Ministry of Road Transport & Highways,Roads & Highways,MoRTH,Madhya Pradesh
618130,Widening to 2 lane with paved shoulders from 0.00 to 32.970 ofAdilabadto Bela section of NH 353B in the State of Telangana,2026-07,490.92,19.0,149.79,30.5121,149.79,,79.07,1.28,1.6455,24.0,26.0,-2.0,1.0833,1.0,48.5579,0.3859,100.0,-20.93,5,6,1.28,3.05,149.79,149.79,1.414,29.958,0,0,0,1,0,0,Ministry of Road Transport & Highways,Roads & Highways,MoRTH,Telangana
618132,Widening & strengthening of existing carriageway in 2 lane with paved shoulders from km 25/0 to 59/2 design Ch km 25.467 to 59.200 of NH - 353C on EPC mode in the state of Telangana,2026-05,206.13,4.0,152.77,74.1134,0.0,0.0,98.57,0.0,0.0,24.0,95.0,-71.0,3.9583,1.0,24.4566,0.7519,100.0,-1.43,5,6,0.0,0.0,0.0,0.0,0.114,0.0,0,0,0,1,0,0,Ministry of Road Transport & Highways,Roads & Highways,MoRTH,Telangana
618133,Strengthening and Widening of road Sakoli- Wadsa-Armori-Gadchiroli-Ashti- Allapalli - Sironcha National highway NH 353C in Km 262/00 to 321/00 including 16 minor Bridges and 2 Major Bridge Total length 59 Km section from repanpalli to sironcha in Gadchiroli Dist in the State of Maharashtra.,2026-07,280.57,15.0,144.61,51.5415,144.61,,67.39,2.39,3.6769,23.0,49.0,-26.0,2.1304,1.0,15.8485,0.7648,100.0,-32.61,7,8,2.39,2.39,144.61,144.61,9.6271,20.6586,0,0,0,1,0,0,Ministry of Road Transport & Highways,Roads & Highways,MoRTH,Maharashtra
618134,Rehabilitation /Upgradation from Lagam to Alapalli section Desing Km. 199/400 to km 227/400 Length 28.0 Km to 2 lane with Paved Shoulders/ 4 lane configuration section of NH-353 C Sakoli-Wadsa-Armori-Gadchiroli-Ashti-Alapalli Sironcha in Gadchiroli District on EPC mode in the state of Maharashtra.,2026-07,459.39,19.0,132.28,28.7947,132.28,,81.42,0.0,0.0,24.0,22.0,2.0,0.9167,0.0,52.6253,0.3537,91.6667,-10.2467,6,7,0.0,1.55,132.28,132.28,4.4033,22.0467,0,0,0,0,0,0,Ministry of Road Transport & Highways,Roads & Highways,MoRTH,Maharashtra
618136,Upgradatiobn and Rehabilitation of Section of NH 361 F from Parli 00/000 to Gangakhed 30/400 to Two Lanes with paved shoulder / Four lane configurations on EPC mode in the State of Maharashtra.,2026-05,224.44,11.0,0.0,0.0,0.0,,91.0,0.0,0.0,19.0,51.0,-32.0,2.6842,1.0,91.0,0.0,100.0,-9.0,5,6,0.0,0.0,0.0,0.0,0.8,0.0,0,0,0,1,0,0,Ministry of Road Transport & Highways,Roads & Highways,MoRTH,Maharashtra
618137,Rehabilitation and Up-gradation of Jarud - Sirsala section of NH-361F km 59500 to km11500 to Two lane with paved shoulder/ Four Lane in the state of Maharashtra on EPC mode Length 55.5 Km.,2026-07,540.35,14.0,158.38,29.3106,19.27,13.8523,68.23,4.56,7.1619,24.0,14.0,10.0,0.5833,0.0,38.9194,0.4296,58.3333,9.8967,5,6,4.56,11.68,19.27,19.26,6.646,12.562,0,0,0,0,0,0,Ministry of Road Transport & Highways,Roads & Highways,MoRTH,Maharashtra
618138,"Widening, Reconstruction & Up-gradation to 2 lane with Paved Shoulder/Four Lane configuration for the work of Sautada to Shirapur Section of NH-561 from Design km 86300 to km 125589 in the state of Maharashtra on EPC mode. Design length 39.289 km",2026-07,349.57,14.0,0.0,0.0,0.0,,54.04,0.0,0.0,18.0,14.0,4.0,0.7778,0.0,54.04,0.0,77.7778,-23.7378,5,6,0.0,4.29,0.0,0.0,4.608,0.0,0,0,0,0,0,0,Ministry of Road Transport & Highways,Roads & Highways,MoRTH,Maharashtra
618139,Rehabilitation and Up-gradation of Gangakhed Loha section of NH-361F from Km 169/00 to 210/00 to two lane with paved shoulder/ four lane configuration in the state of Maharashtra on EPC mode Length - 41.00 Km.,2026-07,355.12,13.0,0.0,0.0,0.0,,43.46,0.0,0.0,17.0,15.0,2.0,0.8824,0.0,43.46,0.0,88.2353,-44.7753,5,6,0.0,0.0,0.0,0.0,1.492,0.0,0,0,0,0,0,0,Ministry of Road Transport & Highways,Roads & Highways,MoRTH,Maharashtra
618140,Widening to two/four lane with paved shoulders from Km.34.250 to Km.71.830 of NH- 365A on Kodad-Khammam-Kurvi road.,2026-07,445.76,28.0,18.32,4.1098,0.0,0.0,13.33,3.94,41.9595,23.0,17.0,6.0,0.7391,0.0,9.2202,0.3083,73.913,-60.583,5,6,3.94,4.11,0.0,0.0,1.466,3.642,0,0,0,0,0,0,Ministry of Road Transport & Highways,Roads & Highways,MoRTH,Telangana
618141,Widening and Improvement of existing carriage way to 2 lane with paved shoulders from Km. 86/160 to 131/730 of Jangaon-Duddeda section of NH-365B in the State of Telangana on EPC Mode,2026-07,423.48,11.0,184.83,43.6455,0.0,0.0,77.85,0.08,0.1029,24.0,43.0,-19.0,1.7917,1.0,34.2045,0.5606,100.0,-22.15,7,8,0.08,0.51,0.0,24.63,11.1214,3.5557,0,0,0,1,0,0,Ministry of Road Transport & Highways,Roads & Highways,MoRTH,Telangana
618142,Widening to Two lane with Paved shoulders from km.40/410 to 84/037 of Thirumanlagiri-- Suryapet Section of NH-365B earstwhile section of SH-16,2026-05,244.54,4.0,0.0,0.0,0.0,,99.96,0.0,0.0,24.0,108.0,-84.0,4.5,1.0,99.96,0.0,100.0,-0.04,5,6,0.0,0.0,0.0,0.0,0.192,0.0,0,0,0,1,0,0,Ministry of Road Transport & Highways,Roads & Highways,MoRTH,Telangana
618143,widening to two lane with Paved shoulders from Km.0/970 to Km.40/410 of Jangaon - Thirumal giriof NH- 365B in the state of Telanganaon EPC mode under NHO Annual Plan 2016-17,2026-05,197.0,8.0,0.0,0.0,0.0,,92.74,0.0,0.0,23.0,102.0,-79.0,4.4348,1.0,92.74,0.0,100.0,-7.26,5,6,0.0,0.0,0.0,0.0,0.148,0.0,0,0,0,1,0,0,Ministry of Road Transport & Highways,Roads & Highways,MoRTH,Telangana
618144,Construction of Major Bridge Across Sharavathi Backwaters and approches between Ambargodu and Kalasavalli Near Sigandhur in Sagar Taluk on NH 369E in the State of Karnataka on EPC mode.Job No. NH-369E-KNT-2018-19-895 dated 06.03.2019.,2026-05,423.15,9.0,0.0,0.0,0.0,,0.0,0.0,,36.0,77.0,-41.0,2.1389,1.0,0.0,,100.0,-100.0,5,6,0.0,0.0,0.0,0.0,0.0,0.0,0,0,0,1,0,0,Ministry of Road Transport & Highways,Roads & Highways,MoRTH,Karnataka
618145,Widening to two lane with paved shoulder of Rampachodavaram - Koyyuru section of NH 516E from Km 43700 to Km 113820 in the State of Andhra Pradesh on EPC mode Job No. 737,2026-05,568.12,10.0,303.13,53.3567,0.0,0.0,98.63,0.0,0.0,24.0,40.0,-16.0,1.6667,1.0,45.2733,0.541,100.0,-1.37,5,6,0.0,0.0,0.0,4.31,1.326,2.732,0,0,0,1,0,0,Ministry of Road Transport & Highways,Roads & Highways,MoRTH,Andhra Pradesh
618146,Estimate for Improvement to two lane with paved shoulder from Ramnagar to Roseda from km 3.500 to 43.000 of NH 527 E on EPC mode in State of Bihar,2026-07,495.16,33.0,0.38,0.0767,0.38,,39.0,2.0,5.4054,18.0,21.0,-3.0,1.1667,1.0,38.9233,0.002,100.0,-61.0,7,8,2.0,3.0,0.38,0.38,5.5714,0.0543,0,0,0,1,0,0,Ministry of Road Transport & Highways,Roads & Highways,MoRTH,Bihar
618147,Widening to 2 Lane with Paved Shoulders from design Km 103.200 Existing Km 103.200 to design Km 116.700 Existing Km 118.470 on AP/KNT Border to Sira Section of NH-544E in the State of Karnatakaon EPC mode under Annual plan 2022- 23,2026-07,166.58,14.0,46.69,28.0286,4.21,9.9105,65.0,0.0,0.0,18.0,28.0,-10.0,1.5556,1.0,36.9714,0.4312,100.0,-35.0,5,6,0.0,0.0,4.21,11.36,8.2,3.668,0,0,0,1,0,0,Ministry of Road Transport & Highways,Roads & Highways,MoRTH,Karnataka
618148,Widening to 4LPS of NH-548B from Km 80.000 Near Murgundi to Km 140.200 Near Chikkodi excluding length from Km 118.450 to Km 128.450 in the State of Karnataka under NH O on EPC Mode under Annual Plan 2022-23 - Package 1 NH-548B-KNT- 2022-23-979 dated 09.03.2023,2026-07,785.79,37.0,6.15,0.7827,0.0,0.0,0.0,0.0,,24.0,3.0,21.0,0.125,0.0,-0.7827,,12.5,-12.5,2,3,0.0,0.0,0.0,6.15,0.0,3.075,0,0,0,0,0,0,Ministry of Road Transport & Highways,Roads & Highways,MoRTH,Karnataka
618149,Widening to two lane with paved shoulders from Km 0.00 to 102.310 Design Chainage of NH-548B Murrum-Maharashtra Border in the State of Karnataka,2026-07,957.09,23.0,288.23,30.1152,0.08,0.0278,60.21,0.0,0.0,24.0,18.0,6.0,0.75,0.0,30.0948,0.5002,75.0,-14.79,5,6,0.0,0.0,0.08,39.42,8.842,22.358,0,0,0,0,0,0,Ministry of Road Transport & Highways,Roads & Highways,MoRTH,Karnataka
618150,Rehabilitation and Up-gradation of i. Deogaon phata to Digras phata Ch. 0/000 to 15/000 & Selu to Borgavhan Ch 20/900 to 35/800 [Length 29.9km] ii. Injegaon Dhamoni to Pohner Phata Ch.58/200 to Ch. 83/700 [Length25.5 km] and iii. Pohner phata to Pathri Design Ch. 42/700 to 58/200 [Length 15.5 km] sections of NH-548B to Two lane with paved shoulder configuartion in the state of Maharashtra on EPC mode Total project length 70.9 Km.,2026-07,761.83,14.0,0.0,0.0,0.0,,15.0,0.0,0.0,24.0,14.0,10.0,0.5833,0.0,15.0,0.0,58.3333,-43.3333,5,6,0.0,0.0,0.0,0.0,1.8,0.0,0,0,0,0,0,0,Ministry of Road Transport & Highways,Roads & Highways,MoRTH,Maharashtra
618151,Widening to 4LPS of NH-548B from Km 118.450 Near Shirguppi to Km 128.450 Near Ankali in the State of Karnataka under NH O on EPC Mode Under Annual Plan 2022- 23 NH-548B-KNT-2022-23-982,2026-07,1084.29,38.0,1.71,0.1577,1.71,,0.0,0.0,,36.0,2.0,34.0,0.0556,0.0,-0.1577,,5.5556,-5.5556,2,3,0.0,0.0,1.71,1.71,0.0,0.855,0,0,0,0,0,0,Ministry of Road Transport & Highways,Roads & Highways,MoRTH,Karnataka
618152,Mhaswad to Tembhurni section of NH-548C - 2L PS,2026-07,488.6,7.0,0.0,0.0,0.0,,96.19,0.0,0.0,23.0,107.0,-84.0,4.6522,1.0,96.19,0.0,100.0,-3.81,7,8,0.0,0.0,0.0,0.0,0.0271,0.0,0,0,0,1,0,0,Ministry of Road Transport & Highways,Roads & Highways,MoRTH,Maharashtra
618153,Satara to Mhaswad,2026-07,653.46,7.0,7.34,1.1233,0.0,0.0,98.08,0.0,0.0,24.0,107.0,-83.0,4.4583,1.0,96.9567,0.0115,100.0,-1.92,7,8,0.0,0.0,0.0,0.01,0.0114,1.0486,0,0,0,1,0,0,Ministry of Road Transport & Highways,Roads & Highways,MoRTH,Maharashtra
618154,"Rehabilitation & upgradation of Jamkhed to Sautada Section of NH548 D from km 195.375 to km 208.774, Length 13.399 Km to 2L PS /4L configuration with rigid pavement in the state of Maharashtra on EPC mode.",2026-07,157.62,10.0,0.0,0.0,0.0,,68.93,0.0,0.0,18.0,42.0,-24.0,2.3333,1.0,68.93,0.0,100.0,-31.07,7,8,0.0,0.0,0.0,0.0,0.99,0.0,0,0,0,1,0,0,Ministry of Road Transport & Highways,Roads & Highways,MoRTH,Maharashtra
618155,Development/Widening of Talegaon Chakan Shikrapur Nhavara Section of NH-548D from existing chainage km. 54/000 to 82/300 and Design chainage Km. 54/000 to 82/120 Shikrapur to Nhavara Section to 2LPS/4L Configuration on EPC Mode in the State of Maharashtra.,2026-07,396.17,10.0,99.7,25.166,4.5,4.7269,76.2,0.0,0.0,18.0,18.0,0.0,1.0,0.0,51.034,0.3303,100.0,-23.8,5,6,0.0,3.15,4.5,14.13,5.64,8.548,0,0,0,0,0,0,Ministry of Road Transport & Highways,Roads & Highways,MoRTH,Maharashtra
618156,"Construction of Morena bypass, Ambah bypass & Porsa bypass Totat length 27.16 km Section of NH-552 Ext. to TWo lane with paved shoulder configuration in the state of Madhya Pradesh on EPC mode",2026-07,492.66,20.0,0.0,0.0,0.0,,73.5,0.0,0.0,24.0,21.0,3.0,0.875,0.0,73.5,0.0,87.5,-14.0,6,7,0.0,1.4,0.0,0.0,3.75,0.0,0,0,0,0,0,0,Ministry of Road Transport & Highways,Roads & Highways,MoRTH,Madhya Pradesh
618157,Construction of Ater realignment & Bhind bypass Total length. 21.50 km Section of NH-552Extn. to Two lane with paved shoulder configuration in the State of Madhya Pradesh on EPC mode.,2026-07,348.06,21.0,79.84,22.9386,79.84,,79.0,0.0,0.0,18.0,19.0,-1.0,1.0556,1.0,56.0614,0.2904,100.0,-21.0,5,6,0.0,10.3,79.84,79.84,2.4,15.968,0,0,0,1,0,0,Ministry of Road Transport & Highways,Roads & Highways,MoRTH,Madhya Pradesh
618158,"Upgradation of Goras to Shyampur Road section of NH-552 Ext., from Design Chainge 48.400 to 111.800 Km Total length 63.40 km to two lane with paved shoulder configuration along with One time improvement of 8.91 km in the state of Madhya Pradesh on EPC mode",2026-07,416.96,21.0,0.0,0.0,0.0,,16.52,1.03,6.6495,24.0,19.0,5.0,0.7917,0.0,16.52,0.0,79.1667,-62.6467,5,6,1.03,3.41,0.0,0.0,0.704,0.0,0,0,0,0,0,0,Ministry of Road Transport & Highways,Roads & Highways,MoRTH,Madhya Pradesh
618159,"Construction of new 2 Lane with paved shoulders of NH Standards from km 0.080 to km 11.690 L11.610 km in Majuli and from km 19.715 to km 27.484 L 7.769 km in Jorhat on the newly declared NH 715K and construction of 1.10 km flyover on NH-715 with its approaches and service roads L1.10 km, Total Length 20.479 km in the State of Assam Job No. 715K/AS/2023-24/256",2026-07,382.1,19.0,28.96,7.5792,2.91,11.1708,6.7,0.4,6.3492,18.0,10.0,8.0,0.5556,0.0,-0.8792,1.1312,55.5556,-48.8556,6,7,0.4,1.46,2.91,3.38,1.1167,1.585,0,0,0,0,0,0,Ministry of Road Transport & Highways,Roads & Highways,MoRTH,Assam
618160,"Construction of 2 lane Major Bridge including approaches over Brahmaputra between Majuli on North Bank and Jorhat on South Bank from km. 11.690 to km. 19.715 length of bridge 6,812.5m Package - II on NH-715K in the state of Assam Job no. 715/AS/2020-21/213",2026-07,1019.17,9.0,0.0,0.0,0.0,,3.25,0.0,0.0,24.0,7.0,17.0,0.2917,0.0,3.25,0.0,29.1667,-25.9167,6,7,0.0,0.84,0.0,0.0,0.5417,0.0,0,0,0,0,0,0,Ministry of Road Transport & Highways,Roads & Highways,MoRTH,Assam
618161,Widening and Reconstruction of existing road to four lane from Km.56400 to Km 120300 i.e. from B.Kothapalli Junction to Gorantla excluding Kadiri Bypass from Km 70200 to Km 77105 of NH 716G in the State of Andhra Pradesh on EPC mode Job no. 742,2026-05,839.98,18.0,355.56,42.3296,0.0,0.0,99.45,0.0,0.0,27.0,32.0,-5.0,1.1852,1.0,57.1204,0.4256,100.0,-0.55,5,6,0.0,0.0,0.0,0.0,0.09,-0.978,0,0,0,1,0,0,Ministry of Road Transport & Highways,Roads & Highways,MoRTH,Andhra Pradesh
618162,"Improvement and up-gradation to 2LPS of NH-227B 84-Kosi Parikrama Marg PackageVI, Design Km 160200 Bahuvan Madar Majha to Km 224040 Jagarnathpur under HAM",2026-07,2008.7,32.0,0.0,0.0,0.0,,20.0,2.0,11.1111,24.0,6.0,18.0,0.25,0.0,20.0,0.0,25.0,-5.0,6,7,2.0,8.0,0.0,0.0,3.3333,0.0,0,0,0,0,0,0,Ministry of Road Transport & Highways,Roads & Highways,MoRTH,Uttar Pradesh
618163,"Rehabilitation and Up-gradation from km. 0000 to km.40390 of NH-730S MaharajganjNichloulThuthibari to two lane with paved shoulders in the State of U.P. on Engineering, Procurement & Construction EPC Basis.",2026-07,809.25,15.0,167.84,20.7402,167.84,,59.5,0.5,0.8475,18.0,25.0,-7.0,1.3889,1.0,38.7598,0.3486,100.0,-40.5,7,8,0.5,0.5,167.84,167.84,1.0714,23.9771,0,0,0,1,0,0,Ministry of Road Transport & Highways,Roads & Highways,MoRTH,Uttar Pradesh
618164,Construction of four lane highway with paved shoulder from Km.74.700 to Km.112.950 of NH-731A i/c Yamuna Bridge on HAM in the state of Uttar Pradesh.,2026-07,1141.67,27.0,0.0,0.0,0.0,,100.0,9.0,9.8901,24.0,25.0,-1.0,1.0417,1.0,100.0,0.0,100.0,0.0,7,8,9.0,14.0,0.0,0.0,4.8571,0.0,0,0,0,1,0,0,Ministry of Road Transport & Highways,Roads & Highways,MoRTH,Uttar Pradesh
618165,Construction of 4-lane highway with paved shoulders from Km 49.155 to Km 74.700 of NH-731A on Hybrid Annuity Mode in the state of Uttar Pradesh,2026-06,1156.72,25.0,0.0,0.0,0.0,,100.0,0.0,0.0,23.0,28.0,-5.0,1.2174,1.0,100.0,0.0,100.0,0.0,6,7,0.0,2.0,0.0,0.0,1.6667,0.0,0,0,0,1,0,0,Ministry of Road Transport & Highways,Roads & Highways,MoRTH,Uttar Pradesh
618166,Construction of 4-lane green field highway from Km. 35.000 to Km. 49.155 of NH- 731A with paved shoulders on Hybrid Annuity Mode in the state of Uttar Pradesh,2026-07,697.66,21.0,0.04,0.0057,0.0,0.0,100.0,0.0,0.0,24.0,33.0,-9.0,1.375,1.0,99.9943,0.0001,100.0,0.0,7,8,0.0,0.0,0.0,0.0,0.2857,0.0,0,0,0,1,0,0,Ministry of Road Transport & Highways,Roads & Highways,MoRTH,Uttar Pradesh
618167,Rehabilitation & Upgradation of NH-731A from Km.0.00 to Km.35.00 to 2-lane with paved shoulder under EPC mode,2026-05,264.86,17.0,0.0,0.0,0.0,,93.0,0.0,0.0,12.0,45.0,-33.0,3.75,1.0,93.0,0.0,100.0,-7.0,5,6,0.0,3.0,0.0,0.0,8.6,0.0,0,0,0,1,0,0,Ministry of Road Transport & Highways,Roads & Highways,MoRTH,Uttar Pradesh
618168,Widening to four lane with paved shoulder from Design Km.49.200 to Km.89.285 of NH-731B on EPC mode in the state of Uttar Pradesh,2026-07,917.91,22.0,134.41,14.643,0.0,0.0,56.0,0.0,0.0,24.0,30.0,-6.0,1.25,1.0,41.357,0.2615,100.0,-44.0,7,8,0.0,0.0,0.0,6.41,0.8571,2.5,0,0,0,1,0,0,Ministry of Road Transport & Highways,Roads & Highways,MoRTH,Uttar Pradesh
618169,Construction of Two Lane with paved shoulder highway from Design Ch.0.000 to Ch.49.2OO of NH-731B on EPC Mode,2026-07,640.18,20.0,270.82,42.3037,5.57,2.0999,98.0,0.32,0.3276,24.0,32.0,-8.0,1.3333,1.0,55.6963,0.4317,100.0,-2.0,7,8,0.32,1.21,5.57,28.5,0.7143,6.2429,0,0,0,1,0,0,Ministry of Road Transport & Highways,Roads & Highways,MoRTH,Uttar Pradesh
618170,Construction of Two lane with paved shoulder configuration of Shujalpur Bypass section of NH-752C from km 33100 Design to km. 42570 Design total design length 10.470 km in the State of Madhya Pradesh on EPC mode.,2026-07,214.07,12.0,38.07,17.7839,38.07,,46.33,4.74,11.397,18.0,28.0,-10.0,1.5556,1.0,28.5461,0.3839,100.0,-53.67,5,6,4.74,6.03,38.07,38.07,2.266,7.614,0,0,0,1,0,0,Ministry of Road Transport & Highways,Roads & Highways,MoRTH,Madhya Pradesh
618171,"Work of Upgradation of Jirapur-Pachore Road including Pachore, Jirapur, Chhapiheda & Khujner Bypasses from 0000 to 58790 Design Length 58.79 Km section of NH-752C to 2LPS in the State of Madhya Pradesh under EPC mode",2026-07,352.69,22.0,98.96,28.0586,98.96,,57.26,0.0,0.0,24.0,30.0,-6.0,1.25,1.0,29.2014,0.49,100.0,-42.74,5,6,0.0,9.97,98.96,98.96,2.052,19.792,0,0,0,1,0,0,Ministry of Road Transport & Highways,Roads & Highways,MoRTH,Madhya Pradesh
618172,Paithan - Shirur section 2LPS Km 0.0 to 55.00,2026-07,341.8,3.0,208.25,60.9274,208.25,,82.0,0.0,0.0,24.0,109.0,-85.0,4.5417,1.0,21.0726,0.743,100.0,-18.0,7,8,0.0,0.0,208.25,208.25,0.2857,29.75,0,0,0,1,0,0,Ministry of Road Transport & Highways,Roads & Highways,MoRTH,Maharashtra
618173,Shirur-Kharda section from 55937 km to 114486 km to 2LPS/4L,2026-07,381.77,4.0,0.0,0.0,0.0,,83.93,0.0,0.0,24.0,109.0,-85.0,4.5417,1.0,83.93,0.0,100.0,-16.07,7,8,0.0,0.0,0.0,0.0,0.1329,0.0,0,0,0,1,0,0,Ministry of Road Transport & Highways,Roads & Highways,MoRTH,Maharashtra
618174,Rehabilitation and Upgradation to two lane with paved shoulder configuration of NH- 752G from Sakri to Pimpalner Section Design Ch km 0000 to Ch km 21411 in the state of Maharashtra on EPC Mode. Length 21.411 km.,2026-07,226.58,13.0,0.0,0.0,0.0,,100.0,0.0,0.0,18.0,15.0,3.0,0.8333,0.0,100.0,0.0,83.3333,16.6667,5,6,0.0,0.0,0.0,0.0,12.8,0.0,0,0,0,0,0,0,Ministry of Road Transport & Highways,Roads & Highways,MoRTH,Maharashtra
618175,Rehabilitation and Upgradation of Satana to Mangrul Chandwad Section of NH752 G Design Ch Km 64.000 to Ch Km 101.140 two lane with paved shoulder/four lane configuration in the state of Maharashtra on EPC mode.,2026-06,428.8,14.0,0.0,0.0,0.0,,93.46,0.0,0.0,24.0,37.0,-13.0,1.5417,1.0,93.46,0.0,100.0,-6.54,6,7,0.0,0.0,0.0,0.0,5.2433,0.0,0,0,0,1,0,0,Ministry of Road Transport & Highways,Roads & Highways,MoRTH,Maharashtra
618176,Rehabilitation and upgradation from ch km 50/200 to 56/800 and km 62/600 to 100/403 of Kolde to Visarwadi Near Junction with NH-6 section of NH 752G total length 44.40 to two-lane with paved shoulder / four lanes in the State of Maharashtra on EPC mode.,2026-07,349.08,10.0,39.95,11.4444,14.35,56.0547,35.45,0.0,0.0,24.0,6.0,18.0,0.25,0.0,24.0056,0.3228,25.0,10.45,6,7,0.0,13.85,14.35,39.95,5.9083,6.6583,0,0,0,0,0,0,Ministry of Road Transport & Highways,Roads & Highways,MoRTH,Maharashtra
618177,Pal Phata Phulambri - Khultabad 2LPS,2026-07,227.19,3.0,5.78,2.5441,5.78,,95.29,0.0,0.0,18.0,97.0,-79.0,5.3889,1.0,92.7459,0.0267,100.0,-4.71,7,8,0.0,0.0,5.78,5.78,-0.53,0.8257,0,0,0,1,0,0,Ministry of Road Transport & Highways,Roads & Highways,MoRTH,Maharashtra
618178,Widening and strengthening of Gangakhed to Kingaon section of NH-752K in Km 38/750 to 72/304 Flexible Pavement Length33.554 km to 2-lane configuration on EPC mode in the State of Maharashtra.,2026-07,162.67,10.0,0.0,0.0,0.0,,72.0,0.0,0.0,18.0,19.0,-1.0,1.0556,1.0,72.0,0.0,100.0,-28.0,5,6,0.0,0.0,0.0,0.0,9.8,0.0,0,0,0,1,0,0,Ministry of Road Transport & Highways,Roads & Highways,MoRTH,Maharashtra
618179,Rehabilitation and Upgradation of Shewali phata to Kalambhir section i.e. Km 0443 to Km 4500 & Nizampur to Chadwel section i.e. Km 13485 to Km 26265 Length16.317 Km excluding 2 Major Bridges with approaches Km 13735 to Km 14095 & Km 19660 to Km 20030 of NH 753B to 2LPS Configuration in the State of Maharashtra on EPC Mode.,2026-06,181.58,5.0,0.0,0.0,0.0,,97.0,3.99,4.2899,18.0,22.0,-4.0,1.2222,1.0,97.0,0.0,100.0,-3.0,4,5,3.99,3.99,0.0,0.0,1.0,0.0,0,0,0,1,0,0,Ministry of Road Transport & Highways,Roads & Highways,MoRTH,Maharashtra
618180,Pune raigarh District Border To Mangaon Ch 69000 to 103775 NH-753F,2026-07,223.46,3.0,0.0,0.0,0.0,,89.08,0.0,0.0,18.0,97.0,-79.0,5.3889,1.0,89.08,0.0,100.0,-10.92,7,8,0.0,0.0,0.0,0.0,0.0114,0.0,0,0,0,1,0,0,Ministry of Road Transport & Highways,Roads & Highways,MoRTH,Maharashtra
618181,Rehabilitation / Upgradation to 4 Lane with Paved shoulder of Existing Section in Sillod Town with Design Ch. Km54500 to Km 60679 [Length6.179 km] section of NH 753F Aurangabad-Jalgaon road on EPC Mode in the State of Maharashtra,2026-05,153.79,10.0,0.0,0.0,0.0,,98.0,0.0,0.0,18.0,28.0,-10.0,1.5556,1.0,98.0,0.0,100.0,-2.0,5,6,0.0,0.0,0.0,0.0,1.0,0.0,0,0,0,1,0,0,Ministry of Road Transport & Highways,Roads & Highways,MoRTH,Maharashtra
618182,Widening to Two lane with paved shoulders from 106/830 to 158/496 of Yellareddy- Rudrur Section of NH-765D in the state of Telangana on EPC mode under NHO under Annual plan 2022-23,2026-07,499.88,21.0,207.08,41.4259,9.83,4.9835,68.9,2.22,3.3293,24.0,24.0,0.0,1.0,0.0,27.4741,0.6012,100.0,-31.1,5,6,2.22,4.79,9.83,19.73,1.78,9.338,0,0,0,0,0,0,Ministry of Road Transport & Highways,Roads & Highways,MoRTH,Telangana
618183,Widening to 2 lane with paved shoulders from Km 62/920 to km 106/830 of Medak - Yellareddy section in the State of Telangana under Annual Plan 2022-23 on EPC mode under NHO,2026-07,399.01,22.0,146.04,36.6006,146.04,,70.6,1.0,1.4368,24.0,23.0,1.0,0.9583,0.0,33.9994,0.5184,95.8333,-25.2333,5,6,1.0,4.56,146.04,146.04,1.52,29.208,0,0,0,0,0,0,Ministry of Road Transport & Highways,Roads & Highways,MoRTH,Telangana
618184,Construction of 2 Lane with paved shoulder from km 55.6 to km 90.7 existing chainages of NH-766C complete Realignment of 13.76 km with 2 major Bridges across Sharavathi Backwaters on EPC mode under Annual Plan 2022-23 in the state of Karnataka NH-766C-KNT-2022-23 dated 14.10.2022,2026-07,313.56,13.0,160.08,51.0524,9.04,5.9852,65.0,0.0,0.0,24.0,29.0,-5.0,1.2083,1.0,13.9476,0.7854,100.0,-35.0,6,7,0.0,0.0,9.04,160.08,3.8333,26.68,0,0,0,1,0,0,Ministry of Road Transport & Highways,Roads & Highways,MoRTH,Karnataka
618185,Widening to 2LPS from Km 0.000 to 37.850 Except Ex. Km 24.45 to 27.20 of NH-766c Byndoor-Ranebennur Section in the state of Karnataka on EPC Mode under Annual Plan 2022-23 NH-766C-KNT-2022-23-969 dated 30.12.2022,2026-07,394.95,32.0,15.68,3.9701,15.68,,12.0,0.0,0.0,24.0,11.0,13.0,0.4583,0.0,8.0299,0.3308,45.8333,-33.8333,6,7,0.0,12.0,15.68,15.68,2.0,2.6133,0,0,0,0,0,0,Ministry of Road Transport & Highways,Roads & Highways,MoRTH,Karnataka
618186,"Rehabilitation and Up-gradation of Valigonda to Thorrur Section to Two Lane with Paved Shoulders from Km 39.180 to Km 108.300 of NH-930P in the State of Telangana on Engineering, Procurement and Construction EPC Basis",2026-07,549.28,11.0,325.77,59.3085,0.0,0.0,94.97,0.29,0.3063,24.0,43.0,-19.0,1.7917,1.0,35.6615,0.6245,100.0,-5.03,7,8,0.29,0.96,0.0,28.88,1.8529,6.5357,0,0,0,1,0,0,Ministry of Road Transport & Highways,Roads & Highways,MoRTH,Telangana
618187,"Rehabilitation and upgradation of Salon - Jais - Jagdishpur Road section of NH-931A, from design Chainage km 0.000 to km 5.740 to four lane divided carriageway and from design Chainage km 5.740 to km 53.500 to two lane with paved Total length km 53.500 along with One time improvement in 04 no's of realigned/bypassed built-up areas in a total length of 9.732 km in the state of Uttar Pradesh on EPC mode",2026-07,947.15,29.0,26.64,2.8126,26.64,,9.06,1.06,13.25,24.0,9.0,15.0,0.375,0.0,6.2474,0.3104,37.5,-28.44,6,7,1.06,3.06,26.64,26.64,0.01,4.44,0,0,0,0,0,0,Ministry of Road Transport & Highways,Roads & Highways,MoRTH,Uttar Pradesh
618188,Rehabilitation and Up-gradation to 2 lane with paved shoulder configuration of Mahud Sangola road NH 965 G 159400 to 161900and 162400 to 183960 Design Chainage from km. 32/300 to km. 34/800 and km. 35/800 to km. 56/860 Rigid Pavement on EPC mode in the State of Maharashtra.,2026-07,253.78,9.0,98.95,38.9905,98.95,,100.0,0.25,0.2506,18.0,32.0,-14.0,1.7778,1.0,61.0095,0.3899,100.0,0.0,7,8,0.25,0.25,98.95,98.95,0.1429,14.1357,0,0,0,1,0,0,Ministry of Road Transport & Highways,Roads & Highways,MoRTH,Maharashtra
618189,Widening to two lane with paved shoulder of NH-73New spur road Ujire - Dharmasthala - Periyashanthi in the State of Karnataka under NHO on HAM Mode Job No. NH-73Spur-KNT-2023-24-996,2026-07,613.65,22.0,66.04,10.7618,66.04,,25.18,2.02,8.7219,24.0,8.0,16.0,0.3333,0.0,14.4182,0.4274,33.3333,-8.1533,5,6,2.02,25.18,66.04,66.04,5.036,13.208,0,0,0,0,0,0,Ministry of Road Transport & Highways,Roads & Highways,MoRTH,Karnataka
618190,Widening to two lane with paved shoulders of 'Bodhan Basar Bhainsa ' section from Km 38/900 to 95/300 of NH-161BB in the state of Telangana under Annual Plan 2021- 22 on EPC Mode under NH O.,2026-07,644.45,12.0,403.48,62.6084,0.18,0.0446,98.6,0.0,0.0,24.0,40.0,-16.0,1.6667,1.0,35.9916,0.635,100.0,-1.4,7,8,0.0,0.0,0.18,53.28,14.0857,7.7929,0,0,0,1,0,0,Ministry of Road Transport & Highways,Roads & Highways,MoRTH,Telangana
618191,"Rehabilitation and upgradation of NH-167AD from Macherla to Dachepalli via Paluvai Junction, Rentachinthala, Gurazala from Km.0.000 to 43.659 to two lane with paved shoulders in the state of Andhra Pradesh job-729",2026-05,403.22,12.0,227.13,56.3291,0.0,0.0,99.06,0.0,0.0,24.0,40.0,-16.0,1.6667,1.0,42.7309,0.5686,100.0,-0.94,5,6,0.0,0.0,0.0,0.0,0.412,1.228,0,0,0,1,0,0,Ministry of Road Transport & Highways,Roads & Highways,MoRTH,Andhra Pradesh
618192,Duttalur at NH-565 Junction to Kavali Joining on NH-16 Chainage Km. 36/400 to Km. 107/224 excluding the stretch from Km 101.880 to 105.300 67.404 Km of NH-167BG from in the State of Andhra Pradesh on EPC mode,2026-05,423.67,16.0,0.0,0.0,0.0,,94.65,0.0,0.0,24.0,46.0,-22.0,1.9167,1.0,94.65,0.0,100.0,-5.35,5,6,0.0,0.0,0.0,0.0,2.73,0.0,0,0,0,1,0,0,Ministry of Road Transport & Highways,Roads & Highways,MoRTH,Andhra Pradesh
618193,Widening of Existing Road to Two Lane with Paved Shoulder Configuration from Km 0.00 to 26.000 & Km 45.200 To 59.622 Of NH 365BB in the State of Andhra Pradesh Under Annual Plan 2023-24 through EPC Mode,2026-07,368.63,15.0,76.12,20.6494,13.69,21.9286,45.62,23.07,102.306,20.0,15.0,5.0,0.75,0.0,24.9706,0.4526,75.0,-29.38,5,6,23.07,23.07,13.69,38.53,7.124,11.05,0,0,0,0,0,0,Ministry of Road Transport & Highways,Roads & Highways,MoRTH,Andhra Pradesh
618194,Rehabilitation and upgradation of New NH 544DD from design Chainage Km. 56/000 to 102/20 of Kalyandrg - Molakalmuru Section,2026-07,294.13,5.0,312.4,106.2115,0.0,0.0,98.52,0.0,0.0,18.0,95.0,-77.0,5.2778,1.0,-7.6915,1.0781,100.0,-1.48,7,8,0.0,0.0,0.0,0.01,0.0743,3.4943,0,0,0,1,0,0,Ministry of Road Transport & Highways,Roads & Highways,MoRTH,Andhra Pradesh
618196,Widening to 2 lane with Paved Shoulders of Siddipet-Elkathurthy section from Km 69/978 to km 133/619 of NH-765DG in the State of Telangana under Annual plan 2021-22 on EPC mode,2026-07,578.85,11.0,0.0,0.0,0.0,,85.0,0.0,0.0,21.0,43.0,-22.0,2.0476,1.0,85.0,0.0,100.0,-15.0,7,8,0.0,0.0,0.0,0.0,1.2857,0.0,0,0,0,1,0,0,Ministry of Road Transport & Highways,Roads & Highways,MoRTH,Telangana
618197,Widening to 2 lane with Paved Shoulders of Medak - Siddipet section from Km 0/0 to km 69/978 of NH-765DG in the State of Telangana under Annual plan 2021-22 on EPC mode,2026-07,882.18,12.0,383.75,43.5002,0.0,0.0,74.06,0.0,0.0,24.0,42.0,-18.0,1.75,1.0,30.5598,0.5874,100.0,-25.94,7,8,0.0,0.0,0.0,36.02,0.1514,5.19,0,0,0,1,0,0,Ministry of Road Transport & Highways,Roads & Highways,MoRTH,Telangana
618198,Balance work of Rehabilitation and Up-gradation to 2-lane road with paved shoulders configuration for NH- 965DD from Pacharal-Mandangad-Mhapral-Rajewadi Upto Junction of NH-66 Ch-22700 to 75100 Km and Ambadave connector Birth place of Dr. Babasaheb Ambedkar Ch-0000 to 7325 Km length Km 59.725 in the state of Maharashtra on EPC mode. Balance Work,2026-07,388.93,46.0,170.26,43.7765,170.26,,93.07,0.0,0.0,24.0,54.0,-30.0,2.25,1.0,49.2935,0.4704,100.0,-6.93,7,8,0.0,0.0,170.26,170.26,1.7243,24.3229,0,0,0,1,0,0,Ministry of Road Transport & Highways,Roads & Highways,MoRTH,Maharashtra
618199,"Rehabilitation, Upgradation & Widening of existing Highway to Rigid Pavement 2 Lane with Paved Shoulder of NH 965DD from Lonand Shirval-Bhor Mandangad-Pchral Section ShindewadiPhata to Varandah Ghat Dist Border from Km 33/550 to 92/550 in the state of Maharashtra on EPC mode.",2026-07,723.13,17.0,168.06,23.2406,168.06,,53.5,0.0,0.0,24.0,24.0,0.0,1.0,0.0,30.2594,0.4344,100.0,-46.5,7,8,0.0,1.0,168.06,168.06,2.7857,24.0086,0,0,0,0,0,0,Ministry of Road Transport & Highways,Roads & Highways,MoRTH,Maharashtra
618200,Construction of 2 lane with Paved Shoulder for Northern Bypass Phase-II of Kota city in the State of Rajasthan.,2026-07,317.74,19.0,6.14,1.9324,0.0,0.0,50.33,1.43,2.9243,18.0,33.0,-15.0,1.8333,1.0,48.3976,0.0384,100.0,-49.67,7,8,1.43,2.13,0.0,0.06,7.19,0.0243,0,0,0,1,0,0,Ministry of Road Transport & Highways,Roads & Highways,MoRTH,Rajasthan
618201,"Widening and strengthening to 2 lane with paved shoulder from existing Ch. Km 56720 to Km 100820 and Design Ch. From Km 62600 to Km 106360 Total Length43.760 Km on SRINAGAR -BARAMULA URINH-01 in the UT of Jammu & Kashmir under project BEACON, Border Roads Organization BRO on EPC mode.",2026-07,702.1,14.0,0.0,0.0,0.0,,51.0,0.0,0.0,24.0,20.0,4.0,0.8333,0.0,51.0,0.0,83.3333,-32.3333,5,6,0.0,1.78,0.0,0.0,1.6,0.0,0,0,0,0,0,0,Ministry of Road Transport & Highways,Roads & Highways,MoRTH,"Jammu and
Kashmir"
618202,Construction of 2 lane with paved shoulders Baramulla Bypass Greenfield bypass from existing Ch. Km 47020 to Km 56720 and Design Ch. From 48500 to 62600 Total length 14.100 km on road Srinagar Baramulla Uri NH-01 in the UT of Jammu & Kashmir under Project.Package-III,2026-07,992.43,18.0,112.16,11.3016,13.17,13.3044,46.8,0.0,0.0,24.0,22.0,2.0,0.9167,0.0,35.4984,0.2415,91.6667,-44.8667,6,7,0.0,2.7,13.17,77.9,1.4667,18.6933,0,0,0,0,0,0,Ministry of Road Transport & Highways,Roads & Highways,MoRTH,"Jammu and
Kashmir"
618203,"Construction of 4 lane with paved shoulder Pattan bypass Greenfield bypass from existing Ch. Km 24320 to Km 33760 and Design Ch. from Km 24400 to Km 35300, total length 10.900 km on road SrinagarBaramulla Uri NH-01 in the UT of Jammu & Kashmir under Project BEACON, Border Roads Organization BRO on EPC mode. Package-II",2026-07,980.21,17.0,132.03,13.4696,0.12,0.091,57.0,0.0,0.0,23.0,23.0,0.0,1.0,0.0,43.5304,0.2363,100.0,-43.0,6,7,0.0,3.33,0.12,115.59,1.5,22.005,0,0,0,0,0,0,Ministry of Road Transport & Highways,Roads & Highways,MoRTH,"Jammu and
Kashmir"
618204,Construction of realignment between Pandrass- Pashkyun Total length 27.10 km on road Zozila-Kargil -Leh NH-1 to 2 lane specifications i.e. Drass alignment 9.30 km Kharboo realignment 6.30 km & Kargil alignment 11.50 km under project Vijayak BRO in the UT of Ladakh on EPC Mode,2026-07,426.15,19.0,112.2,26.3288,0.0,0.0,54.89,0.0,0.0,24.0,37.0,-13.0,1.5417,1.0,28.5612,0.4797,100.0,-45.11,6,7,0.0,0.0,0.0,14.29,0.815,6.2933,0,0,0,1,0,0,Ministry of Road Transport & Highways,Roads & Highways,MoRTH,"Jammu and
Kashmir"
618205,"Construction of 4 lane with paved shoulder from Existing Ch. 14200 to 24320 Design Ch. 14200 to 24400, Ch. 33760 to 42780 Design Ch. 35300 to 44294 & Ch. 43440 to 47020 Design Ch. 44958 to 48500 Delina Flyover including construction of flyover length 1.704 km of total length 22.736 kms in AOR of 760 BRTF on road SRINAGAR BARAMULA URI NH-01 in the UT of Jammu & Kashmir under project BEACON, Border Roads Organization BRO Package-IJob No NH-1-J&K-2022-23-110",2026-07,823.46,14.0,298.96,36.3053,6.48,2.2155,85.5,0.0,0.0,24.0,35.0,-11.0,1.4583,1.0,49.1947,0.4246,100.0,-14.5,6,7,0.0,1.83,6.48,21.2,1.25,9.4817,0,0,0,1,0,0,Ministry of Road Transport & Highways,Roads & Highways,MoRTH,"Jammu and
Kashmir"
618206,Widening and Strengthening of Rafiabad-Kupwara-Chowkibal-Tangdhar-Chamkot NH- 701 road from design Ch. From 0000 to 51000 to two lanes with paved shoulders under Project Beacon in the UT of Jammu & Kashmir on EPC mode Package-I.,2026-07,1404.94,8.0,160.59,11.4304,16.6,11.5286,41.7,0.0,0.0,30.0,20.0,10.0,0.6667,0.0,30.2696,0.2741,66.6667,-24.9667,5,6,0.0,1.7,16.6,42.11,1.54,10.998,0,0,0,0,0,0,Ministry of Road Transport & Highways,Roads & Highways,MoRTH,"Jammu and
Kashmir"
618207,Widening to 2-lane with Hard Shoulder configuration of Mana Ch. 0.00 to Mana Pass Ch. 50.987 road on NH-07 under Bharatmala Pariyojna in the state of Uttarakhand under Annual Plan 2022-23 length 50.987,2026-07,573.96,12.0,0.0,0.0,0.0,,21.03,0.0,0.0,48.0,33.0,15.0,0.6875,0.0,21.03,0.0,68.75,-47.72,5,6,0.0,0.25,0.0,0.0,0.206,0.0,0,0,0,0,0,0,Ministry of Road Transport & Highways,Roads & Highways,MoRTH,Uttarakhand
618208,Construction and upgradation of existing road to 2-lane with paved shoulder from existing chainage Km 509.725 to Km 528.000 design chainage Km 490.550 to Km 507.850 of NH-58 new NH-07 Benakuli bend to Mana Village in EPC mode under Chardham Programme in the State of Uttarakhand.,2026-05,180.1,9.0,0.0,0.0,0.0,,95.0,0.0,0.0,23.0,78.0,-55.0,3.3913,1.0,95.0,0.0,100.0,-5.0,3,4,0.0,0.0,0.0,0.0,0.0,0.0,0,0,0,1,0,0,Ministry of Road Transport & Highways,Roads & Highways,MoRTH,Uttarakhand
618209,Construction & up gradation of existing road to 2-Lane with paved shoulder from existing chainage km 468000 to km 489350 Design Chainage km 465150 to km 471500 of NH-07 Old NH-58 including Joshimath bypass on EPC mode in the state of Uttarakhand Length 6.35 km,2026-07,258.85,6.0,0.0,0.0,0.0,,37.23,0.0,0.0,36.0,46.0,-10.0,1.2778,1.0,37.23,0.0,100.0,-62.77,5,6,0.0,1.63,0.0,0.0,0.846,0.0,0,0,0,1,0,0,Ministry of Road Transport & Highways,Roads & Highways,MoRTH,Uttarakhand
618210,Rehabilitation and upgradation of Askot-Lipulekh on EPC Basis for Phase-I Existing Km 72.00 to 107.620 Design Chainage Km 21330 to Km 56935 under Project Hirak of BRO in the state of Uttarakhand under Bharatmala Pariyojna Phase-I on EPC Mode Length-35.605 Km CA No EPC/MORT&H/HRK/01/2021-22,2026-07,603.92,15.0,0.0,0.0,0.0,,81.17,0.0,0.0,24.0,55.0,-31.0,2.2917,1.0,81.17,0.0,100.0,-18.83,5,6,0.0,0.0,0.0,0.0,1.234,0.0,0,0,0,1,0,0,Ministry of Road Transport & Highways,Roads & Highways,MoRTH,Uttarakhand
618211,Improvement/construction of 2-lane with paved shoulder of Askote Llipulekh road from Tawaghat village to Budhi village design km. 56935 to km 95748 and from end of Tunnel portal to Kali Mandir design km 113828 to km. 133078 [total design length 58.063 km] under project Hirak of BRO in the state of Uttarakhand under Bharatmala Pariyojna on EPC Mode,2026-07,649.6,30.0,0.0,0.0,0.0,,37.19,6.43,20.9038,24.0,20.0,4.0,0.8333,0.0,37.19,0.0,83.3333,-46.1433,5,6,6.43,7.47,0.0,0.0,2.638,0.0,0,0,0,0,0,0,Ministry of Road Transport & Highways,Roads & Highways,MoRTH,Uttarakhand
618212,"STABILIZATION OF LAND SLIDE AND SLOPE PROTECTION AT KM 11.00 TO KM 11.08, 29,730 KM TO 30,060 KM, 30,400 KM TO 31,060 KM, 34,750 KM TO 35,300 KM, 38,950 KM TO 39,030 KM & 39,460 KM TO 39,540 KM TWO LOC CLUBBED, KM 40,400 TO KM 40,650, KM 43,500 KM 43,680, 52,460 RISHIKESH - DHARASU ROAD NH-94 ON EPC MODE IN THE STATE OF UTTARAKHAND. NOSE OF LAND SLIDE - 12 NOS",2026-07,197.26,21.0,0.0,0.0,0.0,,22.0,0.0,0.0,18.0,9.0,9.0,0.5,0.0,22.0,0.0,50.0,-28.0,6,7,0.0,0.0,0.0,0.0,3.6667,0.0,0,0,0,0,0,0,Ministry of Road Transport & Highways,Roads & Highways,MoRTH,Uttarakhand
618213,Rehabilitation and Upgradation of road Rishikesh Dharasu Old NH-94 with 2-lane with paved shoulder from km 76.000 to km 110.000 Design Chainage from km 74.733 to km 107.347 32.614 km including construction of Kamand re-alignment from existing Chainage Km 105.200 to Km 108.600 design chainage Km 103.436 to Km 105.949 - total length 2513 mtrs and land slide treatment work between design chainage Km 73.800 to Km 74.00 200m on EPC mode under improvement to NH connectivity to Chardham in,2026-07,273.76,10.0,0.0,0.0,0.0,,96.46,0.0,0.0,24.0,90.0,-66.0,3.75,1.0,96.46,0.0,100.0,-3.54,5,6,0.0,0.0,0.0,0.0,0.092,0.0,0,0,0,1,0,0,Ministry of Road Transport & Highways,Roads & Highways,MoRTH,Uttarakhand
618214,Rehabilitation and upgradation to 2 lane / 2 lane with paved shoulder configuration for design chainage km 107.347 to km 129.208 & km 133.878 to km 138.570 existing chainage km 110.000 to km 133.020 & km 137.330 to km 142.028 and land slide treatment at existing km 138.500 Design chainage km 134.970 of NH -94 on EPC mode under improvement to NH connectivity to Chardham in the state of Uttarakhand.,2026-07,346.5,10.0,0.0,0.0,0.0,,100.0,0.0,0.0,30.0,90.0,-60.0,3.0,1.0,100.0,0.0,100.0,0.0,5,6,0.0,0.0,0.0,0.0,0.0,0.0,0,0,0,1,0,0,Ministry of Road Transport & Highways,Roads & Highways,MoRTH,Uttarakhand
618215,"Improvement/construction of existing CL-5 Road to NH Intermediate lane specification with hard shoulder from Km 166.000 to 203.77 net Length 37.770 kms of NH-505 Sumdo-Kaza-Gramphoo road in the state of Himachal Pradesh on EPC mode under project Deepak, BRO",2026-07,274.36,36.0,0.0,0.0,0.0,,22.26,0.0,0.0,36.0,25.0,11.0,0.6944,0.0,22.26,0.0,69.4444,-47.1844,5,6,0.0,0.0,0.0,0.0,0.452,0.0,0,0,0,0,0,0,Ministry of Road Transport & Highways,Roads & Highways,MoRTH,Himachal Pradesh
618216,"Improvement/construction of existing CL-5 Road to NH Intermediate lane specification with hard shoulder from Km 133.000 to 166.000 net Length 33.000 kms of NH-505 Sumdo-Kaza-Gramphoo road in the state of Himachal Pradesh on EPC mode under project Deepak, BRO",2026-07,230.55,28.0,31.4,13.6196,0.0,0.0,23.24,0.0,0.0,35.0,36.0,-1.0,1.0286,1.0,9.6204,0.586,100.0,-76.76,7,8,0.0,0.0,0.0,16.24,3.32,-1.5714,0,0,0,1,0,0,Ministry of Road Transport & Highways,Roads & Highways,MoRTH,Himachal Pradesh
618217,Improvement/construction of existing Class-5 Road to NH Intermediate lane specification with hard shoulder from existing Km 76/340 to 134/940 Design chainage from Km 76/300 to 133/000 net Length 56.700 kms of NH-505 Sumdo-Kaza- Gramphoo road in the state of Himachal Pradesh Package I,2026-07,314.67,26.0,93.27,29.6406,0.0,0.0,62.28,2.26,3.7654,36.0,38.0,-2.0,1.0556,1.0,32.6394,0.4759,100.0,-37.72,7,8,2.26,2.26,0.0,16.3,8.8971,2.3286,0,0,0,1,0,0,Ministry of Road Transport & Highways,Roads & Highways,MoRTH,Himachal Pradesh
618218,Rehabilitation & upgradation of existing road to 2-lane with hard shoulder from Joshimath km 0.00 to Saraithota km 29.725 road on NH-107B under Bharatmala Pariyojna on EPC mode in the state of Uttarakhand,2026-07,338.38,7.0,0.0,0.0,0.0,,80.0,0.0,0.0,24.0,38.0,-14.0,1.5833,1.0,80.0,0.0,100.0,-20.0,5,6,0.0,1.8,0.0,0.0,0.8,0.0,0,0,0,1,0,0,Ministry of Road Transport & Highways,Roads & Highways,MoRTH,Uttarakhand
618219,Upgradation to 2-lane with Hard shoulder configuration of Suraithota Ch. 29.725 km to Malari Ch. 60.550 km road on NH- 107B under in the state of Uttarakhand.,2026-07,292.76,19.0,0.0,0.0,0.0,,76.67,0.0,0.0,24.0,26.0,-2.0,1.0833,1.0,76.67,0.0,100.0,-23.33,5,6,0.0,4.17,0.0,0.0,2.334,0.0,0,0,0,1,0,0,Ministry of Road Transport & Highways,Roads & Highways,MoRTH,Uttarakhand
618220,Reconstruction and widening to 2 lane with paved shoulder from existing chainage km 102000 to km 134950 Design chainage km 90150 to km 116980 including construction of Naushera Tunnel Total length of tunnel 0.700 km under 31 TF on Akhnoor-Poonch road NH-144A in the UT of Jammu & Kashmir under Project Sampark BRO on EPC mode Package-V Job no NH-144A-J&K-2020-21-104,2026-05,642.24,16.0,0.0,0.0,0.0,,100.0,0.0,0.0,24.0,46.0,-22.0,1.9167,1.0,100.0,0.0,100.0,0.0,4,5,0.0,0.0,0.0,0.0,0.5,0.0,0,0,0,1,0,0,Ministry of Road Transport & Highways,Roads & Highways,MoRTH,"Jammu and
Kashmir"
618221,Rehabilitation and upgradation to 2 lane with paved shoulder from existing chainage Km 166.100 to Km 192.98 design chainage Km 146.700 to Km 162.800 including construction of Bhimber Gali Tunnel Total Length of Tunnel 1.100 Km under 31 BRTF on Akhnoor-Poonch Roads on EPC mode NH-144A Package-VII,2026-07,734.64,34.0,0.0,0.0,0.0,,60.0,9.97,19.928,24.0,24.0,0.0,1.0,0.0,60.0,0.0,100.0,-40.0,6,7,9.97,13.61,0.0,0.0,5.0,0.0,0,0,0,0,0,0,Ministry of Road Transport & Highways,Roads & Highways,MoRTH,"Jammu and
Kashmir"
618222,Widening and Strengthening up gradation to 2 lane with paved shoulder from existing chainage Km 192.98 to Km 229.820 design chainage Km 162.800 to Km 198.18 under 31 BRTF on Akhnoor-Poonch Road NH-144A in the UT of Jammu and Kashmir under Project Sampark Border Roads Organisation BRO on EPC Mode Package-VIII Job No NH-144A-J&K-2022-2023-111,2026-07,562.45,15.0,158.68,28.2123,0.16,0.1009,71.27,0.0,0.0,24.0,30.0,-6.0,1.25,1.0,43.0577,0.3959,100.0,-28.73,6,7,0.0,0.92,0.16,21.49,1.045,5.2083,0,0,0,1,0,0,Ministry of Road Transport & Highways,Roads & Highways,MoRTH,"Jammu and
Kashmir"
618223,Rehabilitation and up-gradation to 2 lane with paved shoulder from existing chainage km 64535 to km 85385 Design chainage km 55800 to km 74350 under 13 TF on Akhnoor-Poonch road NH-144A under Project Sampark BRO in the UT of Jammu & Kashmir on EPC mode Package-III Job no NH-144A-J&K-2019-20-79,2026-07,152.93,18.0,77.62,50.7552,0.0,0.0,90.06,0.0,0.0,24.0,58.0,-34.0,2.4167,1.0,39.3048,0.5636,100.0,-9.94,6,7,0.0,0.55,0.0,1.98,0.8433,1.8217,0,0,0,1,0,0,Ministry of Road Transport & Highways,Roads & Highways,MoRTH,"Jammu and
Kashmir"
618224,Rehabilitation and up-gradation to 2 lane with paved shoulder from existing chainage km 49150 to km 64535 Design chainage km 46.450 to km 55.800 including construction of Sungal Tunnel Total length of Tunnel 2.79 km under 13 TF on Akhnoor-Poonch road NH-144A under Project Sampark BRO in the UT of Jammu & Kashmir on EPC mode Package-II Job no NH-144A-J&K-2019-20-78,2026-07,796.97,17.0,440.97,55.3308,0.0,0.0,92.1,0.0,0.0,36.0,59.0,-23.0,1.6389,1.0,36.7692,0.6008,100.0,-7.9,6,7,0.0,0.08,0.0,8.52,0.35,3.595,0,0,0,1,0,0,Ministry of Road Transport & Highways,Roads & Highways,MoRTH,"Jammu and
Kashmir"
618225,Rehabilitation and up-gradation to 2 lane with paved shoulder from existing chainage km 134950 to km 166100 Design chainage km 116980 to km 146700 under 31 TF on Akhnoor-Poonch road NH-144A in the UT of Jammu & Kashmir under Project Sampark BRO on EPC mode Package-VI Job no NH-144A-J&K-2021-22-106,2026-07,395.25,12.0,162.0,40.9867,5.42,3.4615,89.2,0.0,0.0,24.0,48.0,-24.0,2.0,1.0,48.2133,0.4595,100.0,-10.8,6,7,0.0,0.04,5.42,17.96,0.8667,4.1833,0,0,0,1,0,0,Ministry of Road Transport & Highways,Roads & Highways,MoRTH,"Jammu and
Kashmir"
618226,Rehabilitation and upgradation to 2 lane with paved shoulder from existing chainage Km 30.053 to Km 49.150 design chainage Km 30.000 to Km 46.450 including Kandi Tunnel under 31 BRTF on Akhnoor-Poonch Road NH-144A Under Project Sampark in the UT of Jammu & Kashmir EPC modePackage-I Job no NH-144A-J&K-2020-21-83.,2026-07,272.49,28.0,160.08,58.7471,0.0,0.0,95.27,0.0,0.0,24.0,44.0,-20.0,1.8333,1.0,36.5229,0.6166,100.0,-4.73,6,7,0.0,1.27,0.0,2.34,0.3783,0.62,0,0,0,1,0,0,Ministry of Road Transport & Highways,Roads & Highways,MoRTH,"Jammu and
Kashmir"
618227,Development to 4/6-lanning of NH-31 New NH-10 with both side service roads from km 569.258 to km 581.030 end of AH-02 project on NH- 31 near Shivmandir to Sevoke Army Cantonment in districts of Darjeeling and Jalpaiguri in the state of West Bengal on EPC Mode Job No. 010/WB/2021-22/490,2026-07,995.04,12.0,590.78,59.3725,12.23,2.1139,74.98,1.48,2.0136,30.0,40.0,-10.0,1.3333,1.0,15.6075,0.7918,100.0,-25.02,7,8,1.48,3.37,12.23,96.1,1.9971,22.2029,0,0,0,1,0,0,Ministry of Road Transport & Highways,Roads & Highways,MoRTH,West Bengal
618228,construction of a new 4 lane Parallel to existing MG Setu with its approaces from km 0.00 to km 14.500 across river Ganga on NH-19 at Patna in the state of Bihar.,2026-07,2926.42,25.0,622.65,21.2769,622.65,,75.33,0.4,0.5338,42.0,64.0,-22.0,1.5238,1.0,54.0531,0.2824,100.0,-24.67,7,8,0.4,1.64,622.65,622.65,1.3329,88.95,0,0,0,1,0,0,Ministry of Road Transport & Highways,Roads & Highways,MoRTH,Bihar
618229,Rehabilitation and upgradation to 2-lane with paved sholuders configuration of Near Karri village-Etawah section Km30.000 to Km 57.346 Pakage-II of NH-92 in state of Uttar Pradesh undergreen national Highway Corridor ProjectGNHCP with the loan assistance of world Bank on EPC mode.,2026-05,211.09,28.0,0.0,0.0,0.0,,100.0,0.0,0.0,18.0,45.0,-27.0,2.5,1.0,100.0,0.0,100.0,0.0,5,6,0.0,0.0,0.0,0.0,0.0,0.0,0,0,0,1,0,0,Ministry of Road Transport & Highways,Roads & Highways,MoRTH,Uttar Pradesh
618230,Rehabilitation and Upgradation to 2-lane configuration of Kalwahn-Mandi Section km 208.950 to 250.592 of NH-70 in the State of Himachal Pradesh under Green National Highways Corridor Project GNHCP with the loan assistance of World Bank on EPC mode.Package-3,2026-07,314.32,26.0,0.0,0.0,0.0,,70.58,0.19,0.2699,30.0,45.0,-15.0,1.5,1.0,70.58,0.0,100.0,-29.42,7,8,0.19,0.55,0.0,0.0,10.0829,0.0,0,0,0,1,0,0,Ministry of Road Transport & Highways,Roads & Highways,MoRTH,Himachal Pradesh
618231,Rehabilitation and Upgradation to 2-lane configuration of Hamirpur-Karnohal Section km 141.00 to 181.00 of NH-70 in the State of Himachal Pradesh under Green National Highways Corridor Project GNHCP with the loan assistance of World Bank on EPC mode.Package-1,2026-07,371.93,22.0,198.34,53.3272,0.0,0.0,93.62,0.01,0.0107,30.0,49.0,-19.0,1.6333,1.0,40.2928,0.5696,100.0,-6.38,7,8,0.01,0.09,0.0,0.0,13.3743,1.8714,0,0,0,1,0,0,Ministry of Road Transport & Highways,Roads & Highways,MoRTH,Himachal Pradesh
618232,Rehabilitation and Upgradation to 2-lane configuration of Karnohal- Kalwahn Section km 181.00 to 208.950 of NH-70 in the State of Himachal Pradesh under Green National Highways Corridor Project GNHCP with the loan assistance of World Bank on EPC mode.Package-2,2026-07,251.62,39.0,77.84,30.9355,1.95,2.5695,58.0,0.0,0.0,30.0,32.0,-2.0,1.0667,1.0,27.0645,0.5334,100.0,-42.0,5,6,0.0,0.37,1.95,1.96,1.4,1.33,0,0,0,1,0,0,Ministry of Road Transport & Highways,Roads & Highways,MoRTH,Himachal Pradesh
618233,Construction of 6-lane bridge on Ganga on NH-96 and its approaches in Phaphamau Allahabad on EPC mode,2026-07,1948.25,31.0,0.43,0.0221,0.43,,91.0,0.8,0.8869,36.0,65.0,-29.0,1.8056,1.0,90.9779,0.0002,100.0,-9.0,7,8,0.8,2.1,0.43,0.43,4.4286,0.0614,0,0,0,1,0,0,Ministry of Road Transport & Highways,Roads & Highways,MoRTH,Uttar Pradesh
618234,Construction of a new 4-lane major bridge across river Kosi at Phulaut including Rehabilitation and upgradation of existing Birpur and Bihpur section of NH-106 from km 106.000 to km 136.000 to 2-lane with paved shoulders in the State of Bihar on EPC mode,2026-07,1478.4,33.0,901.52,60.9794,0.2,0.0222,98.6,1.1,1.1282,36.0,61.0,-25.0,1.6944,1.0,37.6206,0.6185,100.0,-1.4,7,8,1.1,2.5,0.2,77.23,1.8,21.1871,0,0,0,1,0,0,Ministry of Road Transport & Highways,Roads & Highways,MoRTH,Bihar
618235,Balance work of Rehabilitation and Up-gradation to 4-Lane configuration of Ras- Beawar Section Km 00.000 to km 30.050 of NH-158 in the State of Rajasthan under Green National Highway Corridor Project GNHCP.,2026-07,278.1,5.0,99.13,35.6455,16.63,20.1576,56.2,2.75,5.145,18.0,13.0,5.0,0.7222,0.0,20.5545,0.6343,72.2222,-16.0222,5,6,2.75,12.17,16.63,58.93,6.84,14.198,0,0,0,0,0,0,Ministry of Road Transport & Highways,Roads & Highways,MoRTH,Rajasthan
618236,Rehabilitation and Up-gradation of Dhindi - Digamarru section from Km 126/510 to Km 135/740 of NH -214 New NH -216 and digamarru -Losari section from Km 0/000 tp Km 34/230 of NH-214 A New Nh-216 to two lane with paved shoulder in the state of AP-NH,2026-07,316.06,3.0,222.43,70.3759,0.0,0.0,100.0,0.0,0.0,24.0,122.0,-98.0,5.0833,1.0,29.6241,0.7038,100.0,0.0,5,6,0.0,0.0,0.0,1.68,0.0,41.622,0,0,0,1,0,0,Ministry of Road Transport & Highways,Roads & Highways,MoRTH,Andhra Pradesh
618237,Rehabilitation and Up-gradation of Pasarlapudi to Dhindi section from Km 105/170 to Km 126/510 of NH -214 New NH -216 to two lane with paved shoulder in the state of Andhra Pradesh under NHDP-IV,2026-05,263.45,6.0,151.56,57.5289,0.0,0.0,98.4,0.0,0.0,24.0,104.0,-80.0,4.3333,1.0,40.8711,0.5846,100.0,-1.6,5,6,0.0,0.0,0.0,0.0,0.08,0.0,0,0,0,1,0,0,Ministry of Road Transport & Highways,Roads & Highways,MoRTH,Andhra Pradesh
618238,Rehabilitation and Up-gradation of Thimmapuram to Gurajanapalli section from Km 26/150 to Km 41/161 of NH - 214 New NH - 216 to two lane with paved shoulder in the state of Andhra Pradesh under NHDP-IV,2026-07,350.61,5.0,233.93,66.7209,0.0,0.0,98.2,0.0,0.0,18.0,114.0,-96.0,6.3333,1.0,31.4791,0.6794,100.0,-1.8,7,8,0.0,0.0,0.0,0.01,14.0286,33.4186,0,0,0,1,0,0,Ministry of Road Transport & Highways,Roads & Highways,MoRTH,Andhra Pradesh
618239,"Rehabilitation & Upgradation of NH214 New NH-216 from Km 34/230 to Km 84/550 Losari to Machavaram Section to two lane with paved shoulder in the state of Andhrapradesh under NHDP-IV through Engineering, Procurement& Construction EPC mode.",2026-07,445.22,6.0,512.79,115.1768,512.79,,98.6,0.0,0.0,24.0,118.0,-94.0,4.9167,1.0,-16.5768,1.1681,100.0,-1.4,5,6,0.0,0.0,512.79,512.79,0.12,102.558,0,0,0,1,0,0,Ministry of Road Transport & Highways,Roads & Highways,MoRTH,Andhra Pradesh
618240,Rehabilitation and upgradation to 2-lane with paved sholuders configuration of Bewar- naer Karri village section Km0.00 to Km30.00 Pakage-I of NH-92 in state of Uttar Pradesh undergreen national Highway Corridor Project GNHCP with the loan assistance of world Bank on EPC mode.,2026-07,236.47,29.0,0.0,0.0,0.0,,100.0,0.0,0.0,18.0,46.0,-28.0,2.5556,1.0,100.0,0.0,100.0,0.0,7,8,0.0,0.0,0.0,0.0,1.4286,0.0,0,0,0,1,0,0,Ministry of Road Transport & Highways,Roads & Highways,MoRTH,Uttar Pradesh
618242,Widening and Reconstruction to 4-lane/4-lane with service road including structures from Pokharia More at Km 47.600 Ex. Km 50.230 to Govindpur at km 62.949 Ex. Km 65.325 of Nh-419 in the State of Jharkhand on EPC mode.,2026-07,300.46,20.0,94.18,31.3453,8.11,9.4226,54.54,2.4,4.603,24.0,30.0,-6.0,1.25,1.0,23.1947,0.5747,100.0,-45.46,5,6,2.4,5.81,8.11,8.7,2.508,3.494,0,0,0,1,0,0,Ministry of Road Transport & Highways,Roads & Highways,MoRTH,Jharkhand
618243,Construction of Basti Ring Road Phase-I with 4L configuration for Basti City in the state of Uttar Pradesh on HAM mode,2026-07,1138.72,30.0,0.07,0.0061,0.0,0.0,36.67,1.67,4.7714,24.0,13.0,11.0,0.5417,0.0,36.6639,0.0002,54.1667,-17.4967,6,7,1.67,6.67,0.0,0.07,2.945,0.0117,0,0,0,0,0,0,Ministry of Road Transport & Highways,Roads & Highways,MoRTH,Uttar Pradesh
618244,Construction of Raebareli Ring Road Phase-2 with four Lane configuration for Raebareli City in the state of Uttar Pradesh on Hybrid Annuity Model HAM basis,2026-07,1273.72,38.0,0.0,0.0,0.0,,55.0,1.0,1.8519,24.0,14.0,10.0,0.5833,0.0,55.0,0.0,58.3333,-3.3333,6,7,1.0,4.0,0.0,0.0,4.6667,0.0,0,0,0,0,0,0,Ministry of Road Transport & Highways,Roads & Highways,MoRTH,Uttar Pradesh
618246,Construction of New 4-Lane Bridge Parallel to existing Vikramashila Setufrom km 8920 to Km 13375including approach road 35m Naugachhia side &53 m Bhagalpur sideacross River Ganga on newly declared NH-131B at Bhagalpur in the State of Bihar,2026-07,1110.23,34.0,522.58,47.0695,522.58,,52.6,0.69,1.3292,48.0,38.0,10.0,0.7917,0.0,5.5305,0.8949,79.1667,-26.5667,7,8,0.69,1.82,522.58,522.58,1.2286,74.6543,0,0,0,0,0,0,Ministry of Road Transport & Highways,Roads & Highways,MoRTH,Bihar
618247,Construction of 4 lane Mirzapur bypass including bridge over river Ganga from km 0.000 to km 15.000 of NH 135A in the State of Uttar Pradesh on HAM Mode.,2026-07,1708.62,22.0,0.0,0.0,0.0,,7.0,1.5,27.2727,36.0,6.0,30.0,0.1667,0.0,7.0,0.0,16.6667,-9.6667,6,7,1.5,4.0,0.0,0.0,1.1667,0.0,0,0,0,0,0,0,Ministry of Road Transport & Highways,Roads & Highways,MoRTH,Uttar Pradesh
618248,Widening to 4 lane from km. 139.00 to km 179.20 of NH-135A Pkg-III Jaunpur Akbarpur section and Akbarpur bypass on Hybrid Annuity Mode in the state of Uttar Pradesh.,2026-07,1653.15,32.0,0.0,0.0,0.0,,22.0,0.94,4.4634,24.0,6.0,18.0,0.25,0.0,22.0,0.0,25.0,-3.0,6,7,0.94,8.0,0.0,0.0,3.6667,0.0,0,0,0,0,0,0,Ministry of Road Transport & Highways,Roads & Highways,MoRTH,Uttar Pradesh
618249,Widening to 4 lane from km. 108.50 to km 139.00 of NH-135A Pkg-II Jaunpur Akbarpur section on Hybrid Annuity Mode in the state of Uttar Pradesh,2026-07,1511.57,24.0,0.0,0.0,0.0,,40.0,3.98,11.0494,24.0,16.0,8.0,0.6667,0.0,40.0,0.0,66.6667,-26.6667,6,7,3.98,6.0,0.0,0.0,2.5,0.0,0,0,0,0,0,0,Ministry of Road Transport & Highways,Roads & Highways,MoRTH,Uttar Pradesh
618250,Construction of 6-Lane Elevated / Extra Dose Cable Bridge on River Ganga parallel to & Western side of Digha-Sonepur Rail cum-Road Bridge of NH 139W in the State of Bihar,2026-07,3064.45,4.0,0.0,0.0,0.0,,18.66,1.42,8.2367,42.0,26.0,16.0,0.619,0.0,18.66,0.0,61.9048,-43.2448,7,8,1.42,2.83,0.0,0.0,1.5229,0.0,0,0,0,0,0,0,Ministry of Road Transport & Highways,Roads & Highways,MoRTH,Bihar
618251,"Improvement and Up gradation to four lane with Paved shoulder configuration from Existing Km 0000 to Km 39500 design km 0500 to Km 40342, Design length km of NH 227A near Mehrauna GhatUP Bihar Border to Siwan on the state of Bihar on Hybrid Annuity Model HAM basis",2026-07,1661.25,30.0,0.83,0.05,0.0,0.0,9.07,1.18,14.9556,30.0,10.0,20.0,0.3333,0.0,9.02,0.0055,33.3333,-24.2633,6,7,1.18,3.02,0.0,0.83,1.345,0.1383,0,0,0,0,0,0,Ministry of Road Transport & Highways,Roads & Highways,MoRTH,Bihar
618252,"Improvement and Up-gradation to two Lane with Paved Shoulder/Four Lane configuration from existing Km 130.000 to Km 191.000 design km 131.500 to Km 188.735, Design length 57.235 Km of NH-227A near Barhalganj to Mehrauna Ghat in the state of Uttar Pradesh on Hybrid Annuity Model HAM basis",2026-07,974.19,34.0,1.2,0.1232,0.21,21.2121,58.0,0.0,0.0,30.0,20.0,10.0,0.6667,0.0,57.8768,0.0021,66.6667,-8.6667,6,7,0.0,2.0,0.21,0.35,3.5,0.1233,0,0,0,0,0,0,Ministry of Road Transport & Highways,Roads & Highways,MoRTH,Uttar Pradesh
618253,Construction of missing link from Birhu to Lathiani from Km 35/550 Design chainage Km 0.000 to Km 42/800 Design Chainage Km 8.153on NH-503A including Lathiani Bridge on back water of Govindsagar and its approaches in Himachal Pradesh.,2026-07,870.95,33.0,0.0,0.0,0.0,,0.0,0.0,,36.0,4.0,32.0,0.1111,0.0,0.0,,11.1111,-11.1111,3,4,0.0,0.0,0.0,0.0,0.0,0.0,0,0,0,0,0,0,Ministry of Road Transport & Highways,Roads & Highways,MoRTH,Himachal Pradesh
618254,Construction of Paderu bypass Km 0000 to Km 13000 of 2- lane with paved shoulder on NH-516E,2026-07,244.43,22.0,21.96,8.9842,0.0,0.0,13.0,0.0,0.0,18.0,18.0,0.0,1.0,0.0,4.0158,0.6911,100.0,-87.0,7,8,0.0,0.0,0.0,6.58,1.4286,2.8314,0,0,0,0,0,0,Ministry of Road Transport & Highways,Roads & Highways,MoRTH,Andhra Pradesh
618255,Two laning with paved shoulders of Lambasingi to Paderusection of NH 516E,2026-07,361.24,43.0,145.94,40.3997,0.0,0.0,56.69,13.47,31.1661,24.0,32.0,-8.0,1.3333,1.0,16.2903,0.7126,100.0,-43.31,7,8,13.47,13.47,0.0,31.21,4.8129,9.7514,0,0,0,1,0,0,Ministry of Road Transport & Highways,Roads & Highways,MoRTH,Andhra Pradesh
618256,"Rehabilitation and Upgradation to 2-lane with paved should ders Sir, configuration of Chaprathipalem to Lambasingi section Km 165500 to Km 205000 of NH-516E in the State of Andhra Pradesh under Green National Highways Corridor Project GNHCP with the loan assistance of World Bank on EPC mode",2026-07,311.22,26.0,211.05,67.8138,0.0,0.0,93.01,1.76,1.9288,24.0,45.0,-21.0,1.875,1.0,25.1962,0.7291,100.0,-6.99,7,8,1.76,1.76,0.0,15.92,2.43,5.5771,0,0,0,1,0,0,Ministry of Road Transport & Highways,Roads & Highways,MoRTH,Andhra Pradesh
618257,Rehabilitation and Upgradation to 2-lane with paved shoulders configuration of Koyyuru to Chaprathipalem section Km 120000 to Km 165500 of NH-516E in the State of Andhra Pradesh under Green National Highways Corridor Project GNHCP with the loan assistance of World Bank on EPC mode,2026-07,349.29,23.0,264.86,75.8281,0.05,0.0189,98.09,-1.91,-1.91,24.0,48.0,-24.0,2.0,1.0,22.2619,0.773,100.0,-1.91,7,8,-1.91,-1.91,0.05,22.78,1.7271,6.1914,0,0,0,1,0,0,Ministry of Road Transport & Highways,Roads & Highways,MoRTH,Andhra Pradesh
618258,Two laning with paved shoulders of Gondiguda to Araku uptoBhallaguda section of NH 516E,2026-05,296.66,13.0,237.52,80.0647,0.0,0.0,91.5,0.0,0.0,24.0,56.0,-32.0,2.3333,1.0,11.4353,0.875,100.0,-8.5,5,6,0.0,0.0,0.0,0.0,0.1,0.0,0,0,0,1,0,0,Ministry of Road Transport & Highways,Roads & Highways,MoRTH,Andhra Pradesh
618259,Two laning with paved shoulders of Paderu to GundigudaSection of NH 516E,2026-05,222.61,7.0,122.52,55.038,0.0,0.0,100.0,0.0,0.0,24.0,62.0,-38.0,2.5833,1.0,44.962,0.5504,100.0,0.0,5,6,0.0,0.0,0.0,0.0,0.0,0.0,0,0,0,1,0,0,Ministry of Road Transport & Highways,Roads & Highways,MoRTH,Andhra Pradesh
618260,"Construction of Salempur bypass to 4LPS from km 64.000 of NH-727A Km 171.00 of Sonauli Balia Marg, old SH-01, near Mahadahan Chauraha to km 61.500 of NH-727B Km 178.500 of Sonauli Balia Marg, old SH-01, near near Ahirauli Village under Hybrid Annuity Mode HAM in the State of Uttar Pradesh",2026-07,1348.06,44.0,0.0,0.0,0.0,,35.0,0.0,0.0,24.0,8.0,16.0,0.3333,0.0,35.0,0.0,33.3333,1.6667,6,7,0.0,4.96,0.0,0.0,3.8333,0.0,0,0,0,0,0,0,Ministry of Road Transport & Highways,Roads & Highways,MoRTH,Uttar Pradesh
618262,Construction of Deoria Bypass from existing Km. 27.140 to existing Km. 46.780 Design Km. 49.109 on NH727A Design length 21.969 Km. to four lane with paved shoulder configuration under Hybrid Annuity Mode HAM in the State of Uttar Pradesh,2026-07,1734.7,29.0,0.0,0.0,0.0,,10.0,0.0,0.0,23.0,11.0,12.0,0.4783,0.0,10.0,0.0,47.8261,-37.8261,6,7,0.0,0.0,0.0,0.0,0.8333,0.0,0,0,0,0,0,0,Ministry of Road Transport & Highways,Roads & Highways,MoRTH,Uttar Pradesh
618263,"Rehabilitation and Up-gradation to 2LPS from Km. 0.000 to Km. 7.800 and Km. 35.400 to Km. 52.345 Design length 24.745 Km., except Bihar portion of NH-727B Tamkuhiraj to Bihar Border and Bihar Border to Majhauli on EPC mode in the State of Uttar Pradesh",2026-07,701.02,22.0,156.4,22.3103,156.4,,81.18,0.0,0.0,18.0,18.0,0.0,1.0,0.0,58.8697,0.2748,100.0,-18.82,6,7,0.0,0.0,156.4,156.4,0.1967,26.0667,0,0,0,0,0,0,Ministry of Road Transport & Highways,Roads & Highways,MoRTH,Uttar Pradesh
618264,"Widening and Strengthening to two Lane with Paved Shoulder/Four Lane with paved shoulder configuration from km. 61.500 of NH-727B near Nawalpur km 178.500 of Sonauli Balia Marg, Old SH-01 i.e. end point of Salempur Bypass to km. 106.495 of NH-727B near Sikanderpur under EPC mode",2026-07,2061.86,31.0,222.2,10.7767,222.2,,41.0,4.0,10.8108,29.0,7.0,22.0,0.2414,0.0,30.2233,0.2628,24.1379,16.8621,6,7,4.0,11.0,222.2,222.2,4.5,37.0333,0,0,0,0,0,0,Ministry of Road Transport & Highways,Roads & Highways,MoRTH,Uttar Pradesh
618265,Rehabilitation and upgradation to 2-lane with paved sholuders configuration of Miranpur Katra to radhaita section of NH-730CKm.114.000 to Km 137.250pakage-III in state of Uttar Pradesh undergreen national Highway Corridor ProjectGNHCP with the loan assistance of world Bank on EPC mode.,2026-07,172.5,27.0,0.13,0.0754,0.13,,92.0,1.0,1.0989,24.0,48.0,-24.0,2.0,1.0,91.9246,0.0008,100.0,-8.0,7,8,1.0,1.0,0.13,0.13,3.0,0.0186,0,0,0,1,0,0,Ministry of Road Transport & Highways,Roads & Highways,MoRTH,Uttar Pradesh
618266,Rehabilitation and upgradation to 2-lane with paved sholuders configuration of Bewar- Allahaganj- section of NH-730C Km.0.000 to Km 52.770 pakage-I in state of Uttar Pradesh undergreen national Highway Corridor Project GNHCP with the loan assistance of world Bank on EPC mode.,2026-07,325.24,31.0,0.0,0.0,0.0,,99.0,0.0,0.0,24.0,44.0,-20.0,1.8333,1.0,99.0,0.0,100.0,-1.0,7,8,0.0,0.0,0.0,0.0,0.1429,0.0,0,0,0,1,0,0,Ministry of Road Transport & Highways,Roads & Highways,MoRTH,Uttar Pradesh
618267,Widening/Upgradation to four lane configuration of Shahjahanpur-Bisalpur section from km 0.00 to km 47.026 of NH-731K on Hybrid Annuity Mode in the state of Uttar Pradesh.,2026-07,1590.2,38.0,0.0,0.0,0.0,,0.0,0.0,,24.0,2.0,22.0,0.0833,0.0,0.0,,8.3333,-8.3333,2,3,0.0,0.0,0.0,0.0,0.0,0.0,0,0,0,0,0,0,Ministry of Road Transport & Highways,Roads & Highways,MoRTH,Uttar Pradesh
618282,4-L Bilasipara-Guwahati Package-10,2026-07,1264.9,9.0,632.99,50.0427,29.66,4.916,64.48,0.0,0.0,30.0,31.0,-1.0,1.0333,1.0,14.4373,0.7761,100.0,-35.52,7,8,0.0,2.32,29.66,162.39,3.64,90.4271,0,0,0,1,0,0,Ministry of Road Transport & Highways,Roads & Highways,NHIDCL,Assam
618283,4-L Bilasipara-Guwahati Package-9,2026-07,1000.27,9.0,505.47,50.5334,14.83,3.0226,59.78,0.0,0.0,30.0,31.0,-1.0,1.0333,1.0,9.2466,0.8453,100.0,-40.22,7,8,0.0,5.1,14.83,88.41,2.8257,72.21,0,0,0,1,0,0,Ministry of Road Transport & Highways,Roads & Highways,NHIDCL,Assam
618284,Widening/Improvement to 4-Lane with paved shoulder from Km 99930 to Km 143680 Design Chainage 96000 to 139750 of Paikan to Dhupdhara Sahar of Bilasipura- Guwahati Road on NH-17 in the state of Assam on EPC mode under Bharatmala Pariyojana in Economic Corridors Project Length 43.750km under NHO-NE Package- 8,2026-07,1457.59,9.0,962.73,66.0494,35.77,3.8589,85.87,0.0,0.0,36.0,31.0,5.0,0.8611,0.0,19.8206,0.7692,86.1111,-0.2411,7,8,0.0,5.96,35.77,115.65,4.2671,137.5329,0,0,0,0,0,0,Ministry of Road Transport & Highways,Roads & Highways,NHIDCL,Assam
618285,Widening/Improvement to 4 -Lane with Paved Shoulder from Ch. 88.000km to Ch.99.930 km Design Ch.84.100km to Ch.96.000 km of Sagunbashi forest near Nichinta to starting of Krishnai Bypass Section of Bilasipura Guwahati road NH 17 on EPC Package-7,2026-05,286.72,31.0,186.64,65.0949,0.0,0.0,100.0,0.0,0.0,24.0,31.0,-7.0,1.2917,1.0,34.9051,0.6509,100.0,0.0,5,6,0.0,0.0,0.0,0.0,0.0,37.328,0,0,0,1,0,0,Ministry of Road Transport & Highways,Roads & Highways,NHIDCL,Assam
618286,Construction of New 2-Lane Bridge with its approaches from km 0000 to Km 4385 across River Brahmaputra on NH-17 at Jogighopa in Assam on EPC mode,2026-07,746.76,2.0,435.79,58.3574,8.88,2.0801,81.07,0.0,0.0,36.0,56.0,-20.0,1.5556,1.0,22.7126,0.7198,100.0,-18.93,7,8,0.0,1.84,8.88,18.77,11.5814,62.2557,0,0,0,1,0,0,Ministry of Road Transport & Highways,Roads & Highways,NHIDCL,Assam
618287,"Widening/Improvement to 4-Lane with paved Shoulder from Ch. 25.633 Km to Ch. 52.470 Km Design Ch. 21.850 Km to Ch.48.670 Km for Package-2 of Bilasipura- Guwahati road NH-17 Section Near Mowatari, before Chapar Bypass to Tulungia junction with NH-17 in the state of Assam on HAM mode under NHO-NE Package-2",2026-07,1338.61,13.0,199.15,14.8774,199.15,,12.45,0.0,0.0,30.0,19.0,11.0,0.6333,0.0,-2.4274,1.195,63.3333,-50.8833,6,7,0.0,0.0,199.15,199.15,0.7417,33.1917,0,0,0,0,0,0,Ministry of Road Transport & Highways,Roads & Highways,NHIDCL,Assam
618288,"Widening/lmprovement to 4-Lane with Paved Shoulder from Ch.5.580 Km to Ch.25.633 Km Design Ch.0.000 Km to Ch.17.737km Km 901.100 to Km 921.145 of old NH-31 of Bilasipara- Guwahati road NH-17 Section Near Chirakuta to near Mowatari, before Chapar Bypass in the state ol Assam on HAM mode Package-1",2026-07,1081.15,12.0,163.12,15.0876,163.12,,35.0,2.41,7.3949,30.0,17.0,13.0,0.5667,0.0,19.9124,0.4311,56.6667,-21.6667,6,7,2.41,4.2,163.12,163.12,4.0,27.1867,0,0,0,0,0,0,Ministry of Road Transport & Highways,Roads & Highways,NHIDCL,Assam
618289,Construction and up gradation to 4-Lane of existing two lane with paved shoulder from Hapachara to Tulungia road of NH-117 of existing Km 0.00 to km 14.050 and Design Km 0.000 to km 14.660 under BMP on EPC mode,2026-07,224.85,3.0,209.95,93.3734,0.01,0.0048,97.76,0.0,0.0,30.0,73.0,-43.0,2.4333,1.0,4.3866,0.9551,100.0,-2.24,7,8,0.0,0.0,0.01,5.64,13.9657,0.8229,0,0,0,1,0,0,Ministry of Road Transport & Highways,Roads & Highways,NHIDCL,Assam
618290,"Construction of 2-lane with Paved shoulder of Kohima- Bypass Road Connecting NH- 39New NH-02, NH-150New NH-02, NH-61New NH-29, NH-39New NH-02 from Design Km 32.00 to Design Km 43.454Design Length-11.454 Km in the State of Nagaland under SARDP-NE on EPC Mode Package-IV",2026-07,202.36,3.0,102.32,50.5634,0.2,0.1958,46.77,0.0,0.0,18.0,69.0,-51.0,3.8333,1.0,-3.7934,1.0811,100.0,-53.23,7,8,0.0,1.22,0.2,8.12,6.6814,14.6171,0,0,0,1,0,0,Ministry of Road Transport & Highways,Roads & Highways,NHIDCL,Nagaland
618291,"Construction of 2-lane with Paved shoulder of Kohima-Bypass Road connecting NH- 39 New NH-02, NH150New NH-02, NH7-61 New NH-29 and NH-39 New NH-02 from Design km 21.000 to km 32.268 [Design length11.268 km] in the state of Nagaland Under SARDP-NE on EPC Mode Package- 3",2026-07,159.85,35.0,128.32,80.2753,4.9,3.9702,39.54,0.0,0.0,24.0,37.0,-13.0,1.5417,1.0,-40.7353,2.0302,100.0,-60.46,7,8,0.0,2.16,4.9,43.66,5.6486,18.3314,0,0,0,1,0,0,Ministry of Road Transport & Highways,Roads & Highways,NHIDCL,Nagaland
618292,Construction of 2-Lane with paved shoulder of Kohima-Bypass Road connecting New NH-02 and New NH-29 from Design Km 10.500 to design Km 21.000 [Design Length- 10.500 km] including TUNNEL of 500m at Ch. 11.000 in the state of Nagaland Under SARDP-NE on EPC Mode Package-2,2026-07,277.44,3.0,201.99,72.8049,3.02,1.5178,69.76,0.0,0.0,24.0,69.0,-45.0,2.875,1.0,-3.0449,1.0436,100.0,-30.24,7,8,0.0,-0.06,3.02,9.16,9.9657,28.8557,0,0,0,1,0,0,Ministry of Road Transport & Highways,Roads & Highways,NHIDCL,Nagaland
618293,"Construction of 2-Lane with paved shoulder of Kohima-Bypass Road connecting NH- 39New NH-02, NH-150New NH-02, NH-61New NH-29 and NH-39New NH-02 from design Km 0.00 to Km 10.500 in the State of Nagaland under SARDP-NE on EPC Mode Package-1 -Balance work",2026-07,232.29,40.0,120.92,52.0556,4.16,3.5629,27.24,0.0,0.0,36.0,32.0,4.0,0.8889,0.0,-24.8156,1.911,88.8889,-61.6489,7,8,0.0,1.63,4.16,104.7,1.0343,17.2743,0,0,0,0,0,0,Ministry of Road Transport & Highways,Roads & Highways,NHIDCL,Nagaland
618294,Improvement and Widening of National Highway No. 127B Darugiri - Songsak - Williamnagar Junction Section to two lane with paved shoulder from design Km 0000 to Km 36635 Design length 36.635 Km existing Km 112000 to Km 151060 of NH-1278 under Bharatmala Pariyojana Lot-1 Pkg-1B Meghalaya portion,2026-07,801.07,30.0,176.55,22.0393,0.43,0.2442,26.8,0.72,2.7607,24.0,10.0,14.0,0.4167,0.0,4.7607,0.8224,41.6667,-14.8667,6,7,0.72,2.06,0.43,112.02,2.8,25.9333,0,0,0,0,0,0,Ministry of Road Transport & Highways,Roads & Highways,NHIDCL,Meghalaya
618295,Improvement/Widening of New NH-217 Dainadubi-Darugiri section to Two lane with paved shoulder in Meghalaya from design Km 0000 to Km 40840 existing Km 8600 to Km 53000 of Old NH-62 under BMP Lot-1 Pkg-1B Meghalaya portion,2026-07,705.83,24.0,0.0,0.0,0.0,,46.38,0.86,1.8893,24.0,16.0,8.0,0.6667,0.0,46.38,0.0,66.6667,-20.2867,6,7,0.86,4.29,0.0,0.0,5.5633,0.0,0,0,0,0,0,0,Ministry of Road Transport & Highways,Roads & Highways,NHIDCL,Meghalaya
618296,Balance work of Construction of 2-lane with hard shoulder of Kohima - Jessami road on NH-29 old NH-150 from existing km 98.380 near Chizami vill. to km120.367 Nagaland/Manipur Border [Design km 95.700 to design km 117.200] [Design Length 21.500 km] in the state of Nagaland Under Bharatmala Pariyojna on EPC Mode Package-V under NHO,2026-07,330.8,44.0,268.18,81.0701,268.18,,98.39,0.0,0.0,24.0,32.0,-8.0,1.3333,1.0,17.3199,0.824,100.0,-1.61,7,8,0.0,5.35,268.18,268.18,1.0557,38.3114,0,0,0,1,0,0,Ministry of Road Transport & Highways,Roads & Highways,NHIDCL,Nagaland
618297,Construction of 2-lane with hard shoulder of Kohima - Jessami road on NH-29 Old NH- 150 from existing Km 30.474 Near Kidwema road Chakahabama to existing Km 53.220 Near Kikruma Village Design Km 29.60 to Km 51.50 Design length-21.90 Km in the state of Nagaland Under Bharatmala Pariyojna on EPC Mode under NHO Package-II -Balance work,2026-07,355.79,46.0,0.0,0.0,0.0,,43.13,0.0,0.0,24.0,30.0,-6.0,1.25,1.0,43.13,0.0,100.0,-56.87,7,8,0.0,0.0,0.0,0.0,2.0186,0.0,0,0,0,1,0,0,Ministry of Road Transport & Highways,Roads & Highways,NHIDCL,Nagaland
618298,Widening/Improvement of existing 2-Lane road to 4-Lane Divided Highway from Sekmai to Nilakuthi section of Imphal-Kohima Road Design Chainage from Km 297700 to Km 308729 of NH-39 New NH-02 in state of Manipur on EPC mode Pkg-5B,2026-07,211.7,4.0,272.3,128.6254,18.08,7.112,94.71,1.17,1.2508,18.0,60.0,-42.0,3.3333,1.0,-33.9154,1.3581,100.0,-5.29,7,8,1.17,2.95,18.08,34.87,2.3871,8.9743,0,0,0,1,0,0,Ministry of Road Transport & Highways,Roads & Highways,NHIDCL,Manipur
618299,Improvement/Up-gradation of existing 2-Lane Road to 4-Lane Divided Highway from Daili to Kuraopokpi section of Imphal-Kohima road NH-02 Design Chainage from Km 274610 to Km 287000 in the state of Manipur on EPC mode Pkg-4B,2026-07,268.98,51.0,206.28,76.6897,206.28,,76.63,20.47,36.4494,18.0,19.0,-1.0,1.0556,1.0,-0.0597,1.0008,100.0,-23.37,5,6,20.47,20.47,206.28,206.28,5.926,41.256,0,0,0,1,0,0,Ministry of Road Transport & Highways,Roads & Highways,NHIDCL,Manipur
618300,Improvement/Up-gradation of existing 2-Lane Road to 4-Lane Divided Highway from Taphukuki to Daili section of Imphal-Kohima road NH-02 Design Chainage from Km 262175 to Km 274610 in the state of Manipur on EPC mode Pkg-4A,2026-07,379.39,1.0,314.73,82.9569,2.15,0.6878,91.39,0.0,0.0,18.0,69.0,-51.0,3.8333,1.0,8.4331,0.9077,100.0,-8.61,7,8,0.0,0.08,2.15,12.6,1.9129,44.9614,0,0,0,1,0,0,Ministry of Road Transport & Highways,Roads & Highways,NHIDCL,Manipur
618301,Widening/Improvement of existing 2-lane to 4-Lane Divided Highway from Kuraopokpi to Sekmai section of Imphal-Kohima Road Design Ch. km 287.00 to 297.700 of NH-39 New NH-02 in state of Manipur on EPC mode Pkg-5A,2026-07,228.97,53.0,143.26,62.5671,28.64,24.9869,48.35,0.04,0.0828,18.0,17.0,1.0,0.9444,0.0,-14.2171,1.294,94.4444,-46.0944,5,6,0.04,0.19,28.64,109.49,1.67,23.376,0,0,0,0,0,0,Ministry of Road Transport & Highways,Roads & Highways,NHIDCL,Manipur
618302,Widening/Improvement to 2-lane with earthen shoulder of Yaingangpokpi - Finch corner road section of NH-202 from Km 16.900 to Km 30.970 of NH-202 in the state of Manipur on EPC mode Package-2,2026-07,256.04,4.0,195.0,76.16,195.0,,98.12,0.0,0.0,23.0,72.0,-49.0,3.1304,1.0,21.96,0.7762,100.0,-1.88,7,8,0.0,1.0,195.0,195.0,9.0171,27.8571,0,0,0,1,0,0,Ministry of Road Transport & Highways,Roads & Highways,NHIDCL,Manipur
618303,Widening/Improvement to 2-lane with earthen shoulder of Yaingangpokpi - Finch corner road section of NH-202 from Km 0.000 to Km 16.900 of NH-202 in the state of Manipur on EPC mode Package-1,2026-07,222.77,4.0,140.9,63.2491,140.9,,88.96,0.0,0.0,23.0,72.0,-49.0,3.1304,1.0,25.7109,0.711,100.0,-11.04,7,8,0.0,0.11,140.9,140.9,7.4229,20.1286,0,0,0,1,0,0,Ministry of Road Transport & Highways,Roads & Highways,NHIDCL,Manipur
618304,"Widening/Improvement to 2 Lane with earthen shoulder of Jessami to Laynen bridge Nagaland border section of NH-29 of Imphal -Ukhrul - Jessami Economic Corridor from km 0.000 to km 11.009 in the State of Manipur on EPC mode under Bharatmala Pariyojana, under NHO-NE Package-7",2026-07,164.89,21.0,128.92,78.1855,1.33,1.0424,28.12,1.45,5.4368,18.0,19.0,-1.0,1.0556,1.0,-50.0655,2.7804,100.0,-71.88,6,7,1.45,4.56,1.33,3.16,1.8533,1.625,0,0,0,1,0,0,Ministry of Road Transport & Highways,Roads & Highways,NHIDCL,Manipur
618305,Widening/Improvement to 2 lane with earthen shoulder of Marrem Khullen to Jessami section of NH-202 of Imphal - Ukhrul - Jessami Economic Corridor from Design Chainage km 95.700 to km 140.180 in the State of Manipur on EPC mode under Bharatmala Pariyojana under NHO-NE Package-6,2026-07,554.66,21.0,225.73,40.697,4.71,2.131,26.22,1.79,7.3271,24.0,19.0,5.0,0.7917,0.0,-14.477,1.5521,79.1667,-52.9467,6,7,1.79,3.67,4.71,24.21,1.2033,6.4233,0,0,0,0,0,0,Ministry of Road Transport & Highways,Roads & Highways,NHIDCL,Manipur
618306,"Widening/Improvement to 2 lane with earthen shoulder of Choithar to Marrem Khullen section of NH-202 of Imphal Ukhrul Jessami Economic Corridor from Design Chainage km 53.110 to km 95.700 in the State of Manipur on EPC mode under Bharatmala Pariyojana, under NHO-NE Package-5",2026-07,564.05,26.0,173.58,30.7739,0.6,0.3469,14.5,0.0,0.0,22.0,14.0,8.0,0.6364,0.0,-16.2739,2.1223,63.6364,-49.1364,6,7,0.0,0.42,0.6,101.0,1.75,28.93,0,0,0,0,0,0,Ministry of Road Transport & Highways,Roads & Highways,NHIDCL,Manipur
618307,Rehabilitation and up-gradation of road from km 16.077 to km 43.935 total length 27.858 km of Lalchara-Kanchanpur section via Shivbari on NH-44A to 2 lane with paved shoulder in the state of Tripura on EPC Mode Pkg-2 under BharatMala Pariyojana Manu-Simlung -2,2026-07,456.88,11.0,205.69,45.0206,205.69,,54.56,0.0,0.0,24.0,42.0,-18.0,1.75,1.0,9.5394,0.8252,100.0,-45.44,7,4,0.0,,205.69,,7.7943,29.3843,0,0,0,1,0,0,Ministry of Road Transport & Highways,Roads & Highways,NHIDCL,Tripura
618308,Construction of 4-Lane Panchgram Bypass from Design Chainage km 15500 on NH- 37 Old NH-53 at Kalinagar Pt.-I Village to Design Chainage km 27300 at crossing with NH-6 Old NH-44 Near Siddeswar Pt.-I Village on Silchar - Churaibari stretch in the State of Assam on EPC Mode under Bharatmala Pariyojana in Economic Corridors Silchar- Churaibari Package-2,2026-07,676.18,17.0,339.78,50.2499,339.78,,57.17,0.0,0.0,30.0,23.0,7.0,0.7667,0.0,6.9201,0.879,76.6667,-19.4967,7,8,0.0,0.0,339.78,339.78,1.5957,48.54,0,0,0,0,0,0,Ministry of Road Transport & Highways,Roads & Highways,NHIDCL,Assam
618309,Widening/lmprovement to 4-Laning and Greenfield alignment with Paved shoulder of Silchar-Badarpur Churaibari section of NH-37 & NH-8 from Design chainage 38.600 End point of proposed Badarpur Bypass to Km. 62.800 Start point of proposed Nilambazar/Cheragi Bypass in the state of Assam on HAM Mode Package-4,2026-07,1319.55,18.0,185.17,14.0328,185.17,,23.07,-2.09,-8.3068,24.0,11.0,13.0,0.4583,0.0,9.0372,0.6083,45.8333,-22.7633,6,7,-2.09,8.47,185.17,185.17,3.845,30.8617,0,0,0,0,0,0,Ministry of Road Transport & Highways,Roads & Highways,NHIDCL,Assam
618310,Widening/lmprovement to 4-L of Karimgani - sutarkandi section of NH 37 from design Ch 0020 Start of proposed Karimganj Bypass from NH -8 to design Chainage Km 14380 near Sutarkandi Spur Connectivity to Indo/Bangladesh Border on Silchar- Churaibari in the State of Assam on HAM Mode Package-7,2026-07,791.79,12.0,135.54,17.1182,135.48,225800.0,41.88,0.0,0.0,24.0,17.0,7.0,0.7083,0.0,24.7618,0.4087,70.8333,-28.9533,5,6,0.0,1.48,135.48,135.48,4.176,27.096,0,0,0,0,0,0,Ministry of Road Transport & Highways,Roads & Highways,NHIDCL,Assam
618311,Widening/lmprovement to 4-Lane with Paved shoulder for existing as well as Greenfield alignment of Badarpur Churaibari section of NH-8 from Design chainage 87.700 Chandkhira to Km. 106.500 Churaibari section Assam-Tripura border in the state of Assam on HAM Mode Package-6,2026-07,870.0,12.0,158.08,18.1701,158.08,,40.99,0.0,0.0,24.0,16.0,8.0,0.6667,0.0,22.8199,0.4433,66.6667,-25.6767,5,6,0.0,9.16,158.08,158.08,2.198,31.616,0,0,0,0,0,0,Ministry of Road Transport & Highways,Roads & Highways,NHIDCL,Assam
618312,Widening/lmprovement to 4-Lane with Paved Shoulder from existing road and Greenfield alignment form Design Ch. 62.800 start of proposed Nilambazar/Cheragi Bypass to Design Ch. 87.700 near Chandkhira Village of NH-8 on Silchar-Churaibari in the state of Assam on HAM Mode Package-5,2026-07,1258.13,14.0,186.86,14.8522,186.86,,14.04,0.0,0.0,30.0,15.0,15.0,0.5,0.0,-0.8122,1.0578,50.0,-35.96,6,7,0.0,3.04,186.86,186.86,1.34,31.1433,0,0,0,0,0,0,Ministry of Road Transport & Highways,Roads & Highways,NHIDCL,Assam
618313,Widening/lmprovement of Existing 2 lane to 4-Laning of Karimganj-Silchar section of NH-37 from Design Ch 0.000 near Silchar ISBT to Design Ch 15.970 near Kalinagar Pt I on NH-37 in Assam on HAM Mode Pkg-1,2026-07,1181.55,18.0,178.62,15.1174,178.62,,41.26,0.0,0.0,24.0,10.0,14.0,0.4167,0.0,26.1426,0.3664,41.6667,-0.4067,6,7,0.0,41.26,178.62,178.62,6.8767,29.77,0,0,0,0,0,0,Ministry of Road Transport & Highways,Roads & Highways,NHIDCL,Assam
618314,4-Laning of Dhanehari Lailapur / Vairengte section from Existing Chainage km 12920 to km 43000 of NH 306 Design Chainage km 20000 to km 49360 on Silchar - Vairengte Sairang road in the State of Assam under Bharatmala Pariyojna on EPC mode. Project Length 29.360 km under NHO-NE Package-2,2026-07,1716.21,11.0,1057.72,61.6312,87.35,9.0017,81.65,0.0,0.0,30.0,29.0,1.0,0.9667,0.0,20.0188,0.7548,96.6667,-15.0167,7,8,0.0,2.31,87.35,120.39,2.5214,29.9271,0,0,0,0,0,0,Ministry of Road Transport & Highways,Roads & Highways,NHIDCL,Assam
618315,4-Laning of Silchar - Dhanehari section from Existing Chainage km 263800 of NH 37 to km 12920 of NH 306 Design Chainage km 0000 to km 20000 on Silchar - Vairengte - Sairang road in the State of Assam under Bharatmala Pariyojna on EPC mode Package-1,2026-07,1256.9,11.0,632.2,50.2984,57.17,9.9421,59.65,0.0,0.0,30.0,30.0,0.0,1.0,0.0,9.3516,0.8432,100.0,-40.35,7,8,0.0,4.19,57.17,80.59,8.5214,90.3143,0,0,0,0,0,0,Ministry of Road Transport & Highways,Roads & Highways,NHIDCL,Assam
618316,4-Laning of Vairengte - Chhimluang section Package-3 of NH-306 from Existing Chainage km 43000 to Km 59700 Design Chainage km 46000 to km 60850 on Silchar - Vairengte- Sairang road in the State of Mizoram under Bharatmala Pariyojna under NHO-NE. Package-1&2 in Assam state,2026-07,491.39,43.0,238.01,48.4361,0.16,0.0673,17.86,0.0,0.0,18.0,12.0,6.0,0.6667,0.0,-30.5761,2.712,66.6667,-48.8067,6,7,0.0,0.0,0.16,203.5,2.9767,39.6683,0,0,0,0,0,0,Ministry of Road Transport & Highways,Roads & Highways,NHIDCL,Mizoram
618317,4-Laning of chhimluang-Kolasib from section pkg-4 of NH-306 & NH-6 existing chainage km 59700 to km 86000 design chainage km 61000 to km 77500 on Silchar- vairengte-sairang road in the state of Mizoram under Bharatmala Pariyojna on EPC mode Vairengte - Sairang Pkg-4,2026-07,561.91,43.0,223.99,39.8623,223.99,,17.12,0.0,0.0,18.0,12.0,6.0,0.6667,0.0,-22.7423,2.3284,66.6667,-49.5467,6,7,0.0,0.0,223.99,223.99,2.8533,37.3317,0,0,0,0,0,0,Ministry of Road Transport & Highways,Roads & Highways,NHIDCL,Mizoram
618318,4-Laning of Kolasib - Sethawn section Package-5 of NH-6 from Existing Chainage km 86000 to km 107850 Design Chainage km 77500 to km 95500 on silchar - vairengte - sairang road under Bharatmala Pariyojna on EPC mode under NHO-NE Vairengte - Sairang Pkg-5,2026-07,720.4,44.0,259.85,36.0702,12.71,5.1428,11.86,0.0,0.0,24.0,12.0,12.0,0.5,0.0,-24.2102,3.0413,50.0,-38.14,6,7,0.0,0.0,12.71,219.28,1.9767,43.3083,0,0,0,0,0,0,Ministry of Road Transport & Highways,Roads & Highways,NHIDCL,Mizoram
618319,"4-Laning of Sethawn - N. Kawnpui section Package-6 of NH-6 from Existing Chainage km 107850 to km 126315 Design Chainage km 95500 to km 111850 on Silchar- Vairengte- Sairang road, Vairengte - Sairang Pkg-6",2026-07,595.65,43.0,189.39,31.7955,16.25,9.3855,6.72,0.0,0.0,18.0,12.0,6.0,0.6667,0.0,-25.0755,4.7315,66.6667,-59.9467,6,7,0.0,0.0,16.25,168.37,1.12,31.565,0,0,0,0,0,0,Ministry of Road Transport & Highways,Roads & Highways,NHIDCL,Mizoram
618320,Construction of 4-Laning of N. Kawnpui N. Mualvum Mualkhang via Khamrang Village section Package-7 of NH-6 from Existing Chainage km 127200 to km 142000 Design Chainage km 111850 to km 123400 on Silchar - Vairengte - Sairang road in the State of Mizoram on EPC mode,2026-07,866.32,20.0,190.01,21.933,190.01,,18.9,0.0,0.0,36.0,9.0,27.0,0.25,0.0,-3.033,1.1605,25.0,-6.1,6,7,0.0,0.0,190.01,190.01,3.15,31.6683,0,0,0,0,0,0,Ministry of Road Transport & Highways,Roads & Highways,NHIDCL,Mizoram
618321,Construction of 4-Laning of West Serawlg-Sairang section of NH-6 from Existing Chainage km 142000 to km 158900 Design Chainage km 123400 to km 136260 on Silchar - Vairengte - Sairang road in the State of Mizoram under Bharatmala Pariyojna on EPC mode under NHO-NE Package-8,2026-07,875.79,21.0,288.34,32.9234,288.34,,13.95,0.0,0.0,36.0,8.0,28.0,0.2222,0.0,-18.9734,2.3601,22.2222,-8.2722,6,7,0.0,0.0,288.34,288.34,2.325,48.0567,0,0,0,0,0,0,Ministry of Road Transport & Highways,Roads & Highways,NHIDCL,Mizoram
618323,Construction of Twin Tube Uni-directional Aizawl Bypass Tunnel of 2.5 km and its approaches of 2.1 km from km 10.600 to km 15.200 on Sarrang - Phaibawk section of NH-6 in the State of Mizoram on EPC Mode under NHO-NE Package-2,2026-07,1313.28,23.0,0.11,0.0084,0.11,,0.0,0.0,,36.0,7.0,29.0,0.1944,0.0,-0.0084,,19.4444,-19.4444,6,7,0.0,0.0,0.11,0.11,0.0,0.0183,0,0,0,0,0,0,Ministry of Road Transport & Highways,Roads & Highways,NHIDCL,Mizoram
618324,Construction of 2-lane Aizawl Bypass from km 15.200 to km 34.500 Package-3 on Sairang - Phaibawk section of NH-6 in the State of Mizoram under Bharatmala Pariyojna on EPC Mode under NHO-NE,2026-07,720.72,32.0,102.62,14.2385,102.62,,15.1,0.0,0.0,37.0,9.0,28.0,0.2432,0.0,0.8615,0.9429,24.3243,-9.2243,6,7,0.0,0.0,102.62,102.62,2.5167,17.1033,0,0,0,0,0,0,Ministry of Road Transport & Highways,Roads & Highways,NHIDCL,Mizoram
618325,Dillai to Lahorijan Package-7,2026-06,204.1,14.0,142.21,69.6766,142.21,,0.0,0.0,,18.0,41.0,-23.0,2.2778,1.0,-69.6766,,100.0,-100.0,6,7,0.0,0.0,142.21,142.21,0.0,23.7017,0,0,0,1,0,0,Ministry of Road Transport & Highways,Roads & Highways,NHIDCL,Assam
618326,Widening/Improvement to 4-Lane with Paved Shoulder from KM 38500 to Km 51246 Design Chainage 38500 to 50959 with proposed Daboka Bypass of Daboka- Parokhaowa of NH 29 on EPC under NHO-NE Package-1,2026-07,516.88,10.0,322.98,62.4865,322.98,,99.7,0.0,0.0,24.0,32.0,-8.0,1.3333,1.0,37.2135,0.6267,100.0,-0.3,7,8,0.0,1.29,322.98,322.98,14.2429,46.14,0,0,0,1,0,0,Ministry of Road Transport & Highways,Roads & Highways,NHIDCL,Assam
618327,Widening/Improvement to 4-Lane with Paved Shoulder from KM 113300 to Km 146230 Design Chainage 113830 to 145712 of Kwaram Taro Village - Dillai Section in Assam on EPC Package-6,2026-05,625.64,10.0,0.0,0.0,0.0,,0.0,0.0,,24.0,46.0,-22.0,1.9167,1.0,0.0,,100.0,-100.0,5,6,0.0,0.0,0.0,0.0,0.0,0.0,0,0,0,1,0,0,Ministry of Road Transport & Highways,Roads & Highways,NHIDCL,Assam
618328,4-Laning of Balance work of Dimapur-Kohima Road from design km 152.490 to km 166.700 Existing km 156.000 to km 172.900 Excluding Dimapur & Kohima Bypass under SARDP-NE Package-III,2026-07,562.98,90.0,542.85,96.4244,6.89,1.2855,84.32,0.0,0.0,24.0,34.0,-10.0,1.4167,1.0,-12.1044,1.1436,100.0,-15.68,7,8,0.0,1.73,6.89,423.14,12.0457,77.55,0,0,0,1,0,0,Ministry of Road Transport & Highways,Roads & Highways,NHIDCL,Nagaland
618329,Construction of 4/6 Laning from Km 132.375 to Km 153.058 Total New Alignment length of 20.683 Km of Daboka-Dimapur Section Dimapur Bypass Nagaland Portion of NH-36 & 39 in the State of Nagaland on EPC basis under PhaseA of SARDP-NE,2026-05,819.39,7.0,0.0,0.0,0.0,,0.0,0.0,,36.0,104.0,-68.0,2.8889,1.0,0.0,,100.0,-100.0,5,6,0.0,0.0,0.0,0.0,0.0,0.0,0,0,0,1,0,0,Ministry of Road Transport & Highways,Roads & Highways,NHIDCL,Nagaland
618330,Construction of 4/6 Laning from existing Km 159.400 of NH-36 to existing Km 102.500 of NH-39 and upto end point of Assam portion [Design Km 118.050 to design Km 132.375] Total New Alignment length of 14.325 Km of Daboka -Dimapur Section Dimapur Bypass in the state of Assam under SARDP-NE 'Phase-A' on EPC mode Assam Portion,2026-05,511.02,20.0,647.21,126.6506,0.0,0.0,100.0,0.0,0.0,36.0,78.0,-42.0,2.1667,1.0,-26.6506,1.2665,100.0,0.0,5,6,0.0,0.0,0.0,0.0,20.0,129.442,0,0,0,1,0,0,Ministry of Road Transport & Highways,Roads & Highways,NHIDCL,Assam
618331,lmprovement to 4-Lane with Paved Shoulder from existing km 260000 Design Ch.4560 km to existing km Ch.233000 D. Ch.24560 of Silchar near Nutan Dayapur village - Budha Nagar Section Length-20.00 Km of NH-37 under Package Silchar- Jiribam Pkg-1 in the state of Assam on HAM Mode,2026-07,957.95,12.0,214.64,22.4062,49.41,29.9038,47.27,0.0,0.0,36.0,18.0,18.0,0.5,0.0,24.8638,0.474,50.0,-2.73,6,7,0.0,10.71,49.41,65.1,1.8783,14.7383,0,0,0,0,0,0,Ministry of Road Transport & Highways,Roads & Highways,NHIDCL,Assam
618333,Widening to 2 lane with Paved shoulder of lmphal to Jiribam section of NH-37 from Design Ch. from km 169570 Near Nungkao vlllage under Tamenglong District to km 205974 near Jiribam Bridge under Jiribam district under NHO-NE PKG-7,2026-07,760.16,11.0,428.13,56.321,3.83,0.9027,92.52,0.0,0.0,24.0,31.0,-7.0,1.2917,1.0,36.199,0.6087,100.0,-7.48,7,8,0.0,1.2,3.83,8.52,2.5029,8.97,0,0,0,1,0,0,Ministry of Road Transport & Highways,Roads & Highways,NHIDCL,Manipur
618334,Widening to 2 Lane with Paved shoulder of lmphal to Jiribam section of NH-37 from Design Ch. from km 131.280 to km 169.570 on EPC mode in Manipur under NHO- TSP PKG-6,2026-07,504.76,14.0,325.89,64.5634,0.0,0.0,95.2,0.0,0.0,24.0,41.0,-17.0,1.7083,1.0,30.6366,0.6782,100.0,-4.8,7,8,0.0,0.0,0.0,17.81,13.6,8.0,0,0,0,1,0,0,Ministry of Road Transport & Highways,Roads & Highways,NHIDCL,Manipur
618335,Widening to 2 Lane with Paved shoulder of lmphal to Jiribam section of NH-37 from Design Ch. from Km 101280 Near Khongsang Village to Km 131280 near Puilon Kambiron Village on EPC Mode in Manipur PKG-5,2026-07,410.68,11.0,382.67,93.1796,37.01,10.7071,91.02,0.41,0.4525,18.0,44.0,-26.0,2.4444,1.0,-2.1596,1.0237,100.0,-8.98,7,8,0.41,1.07,37.01,40.68,1.5743,10.3914,0,0,0,1,0,0,Ministry of Road Transport & Highways,Roads & Highways,NHIDCL,Manipur
618336,Widening to 2 -Lane with Paved shoulder of Imphal to Jiribam section of NH-37 from Design Chainage 66.110 km to 101.280 Km Existing Chainage km 67.496 to km 103.557 on EPC Mode in Manipur PKG-4,2026-07,579.63,9.0,408.21,70.426,3.41,0.8424,86.05,0.07,0.0814,18.0,49.0,-31.0,2.7222,1.0,15.624,0.8184,100.0,-13.95,7,8,0.07,0.16,3.41,27.1,1.0071,7.4671,0,0,0,1,0,0,Ministry of Road Transport & Highways,Roads & Highways,NHIDCL,Manipur
618337,Widening to 2 -Lane with Paved shoulder of Imphal to Jiribam section of NH-37 from Design Chainage 33.000 km to 66.390 Km Existing Chainage from km 33.395 to km 67.496 on EPC Mode in Manipur PKG-3,2026-07,467.0,6.0,593.79,127.1499,0.35,0.059,86.33,0.0,0.0,18.0,58.0,-40.0,3.2222,1.0,-40.8199,1.4728,100.0,-13.67,7,8,0.0,0.0,0.35,22.54,0.6186,5.9414,0,0,0,1,0,0,Ministry of Road Transport & Highways,Roads & Highways,NHIDCL,Manipur
618338,Widening to 2-Lane with Paved shoulder of Imphal to Jiribam section of NH-37 from Design Chainage 15.940 km to 33.120 Km Existing Chainage Km 15.946 to Km 33.395 Total length17.180 Km in the State of Manipur on EPC mode PKG-2 - Balance Works & Rectification works,2026-07,195.14,48.0,162.71,83.3812,0.75,0.4631,93.1,0.11,0.1183,12.0,16.0,-4.0,1.3333,1.0,9.7188,0.8956,100.0,-6.9,6,7,0.11,2.38,0.75,162.71,6.35,27.1183,0,0,0,1,0,0,Ministry of Road Transport & Highways,Roads & Highways,NHIDCL,Manipur
618339,Widening/Improvement to 2-Lane Lane with Paved Shoulder from km 16900 Bogapani to km 27150 Golai Goan on existing Dibrugarh to Ledo section with proposed Digboi Bypass Green Field and Brownfield 2-LanePS of NH-315 OLD NH-38 in Tinsukia District under NHO- NE Package-4,2026-06,356.65,11.0,80.08,22.4534,80.08,,20.45,0.0,0.0,24.0,30.0,-6.0,1.25,1.0,-2.0034,1.098,100.0,-79.55,6,7,0.0,0.0,80.08,80.08,0.075,13.3467,0,0,0,1,0,0,Ministry of Road Transport & Highways,Roads & Highways,NHIDCL,Assam
618340,Widening/Improvement to 4-Lane with Paved Shoulder from km 626030 Nalani hulla Gaon to km 650450 Chotahapjan on existing Tinsukhia -Makum Bypass of NH-15 OLD NH-37 and Strengthening of existing NH-315 OLD NH-38 from Km 0000 Chotahapjan to Km 16900 Bogapani section 2-Lane PS in Assam on EPCMode under NHO-NE Package-3,2026-07,458.59,4.0,261.02,56.9179,11.18,4.4749,88.99,0.0,0.0,24.0,38.0,-14.0,1.5833,1.0,32.0721,0.6396,100.0,-11.01,7,8,0.0,3.84,11.18,24.17,2.9986,37.2886,0,0,0,1,0,0,Ministry of Road Transport & Highways,Roads & Highways,NHIDCL,Assam
618341,Up-gradation to 2-lane with paved shoulders of Ngopa - Pawlrang section of NH 102B of Aizawl - Imphal Economic Corridor from Existing Chainage km 32.796 to km 72.030 [Design Chainage km 31.280 to km 68.170] in the State of Mizoram under Bharatmala Pariyojna on EPC mode under NHO-NE Package-2 Keifang- Tuivai Pkg-2,2026-05,523.78,24.0,394.29,75.2778,0.0,0.0,95.31,0.0,0.0,17.0,32.0,-15.0,1.8824,1.0,20.0322,0.7898,100.0,-4.69,5,6,0.0,0.0,0.0,0.0,6.262,78.858,0,0,0,1,0,0,Ministry of Road Transport & Highways,Roads & Highways,NHIDCL,Mizoram
618342,Rehabilitation and upgradation to 2 Lane with Paved shoulder of Economic corridor of NH-6 from Design chaiange Km 0.000 to Km 13.510 Package-1 in the state of Mizoram under Bharatmala Pariyojana on EPC mode,2026-05,206.9,4.0,0.0,0.0,0.0,,0.0,0.0,,23.0,70.0,-47.0,3.0435,1.0,0.0,,100.0,-100.0,5,6,0.0,0.0,0.0,0.0,0.0,0.0,0,0,0,1,0,0,Ministry of Road Transport & Highways,Roads & Highways,NHIDCL,Mizoram
618343,"Rehabilitation and Up gradation to 2-lane with paved shoulder of Keifang Section Economic Corridor of NH-06 from Existing Chainage Km 30050 Keifang to Km 50360 Keifang, Design Chainage Km 27400 to Km 45040 PkgIII in the State of Mizoram under Bharatmala Pariyojna on EPC Mode Seling-Dulte - III",2026-05,292.23,4.0,0.0,0.0,0.0,,0.0,0.0,,23.0,70.0,-47.0,3.0435,1.0,0.0,,100.0,-100.0,5,6,0.0,0.0,0.0,0.0,0.0,0.0,0,0,0,1,0,0,Ministry of Road Transport & Highways,Roads & Highways,NHIDCL,Mizoram
618344,Widening to 2-lane with Hard shoulder of Churachandpur to Tuivai Section of NH- 102B from Design Chainage 69.875 Km to 121.769 Km in the State of Manipur on EPC mode Package-3,2026-07,673.27,5.0,563.39,83.6797,0.12,0.0213,85.84,1.12,1.322,24.0,59.0,-35.0,2.4583,1.0,2.1603,0.9748,100.0,-14.16,7,7,1.12,2.24,0.12,54.86,5.12,11.8286,0,0,0,1,0,0,Ministry of Road Transport & Highways,Roads & Highways,NHIDCL,Manipur
618345,Widening to 2-lane with Hard shoulder of Churachandpur to Tuivai Section from Km 48.587 to Km 69.875 in the State of Manipur on EPC mode under NHO Package-2B,2026-07,365.53,2.0,198.28,54.2445,2.55,1.3028,88.2,0.0,0.0,24.0,71.0,-47.0,2.9583,1.0,33.9555,0.615,100.0,-11.8,7,7,0.0,0.92,2.55,10.89,3.4571,4.2929,0,0,0,1,0,0,Ministry of Road Transport & Highways,Roads & Highways,NHIDCL,Manipur
618346,Widening to 2-lane with Hard shoulder of Churachandpur to Tuivai Section of NH- 102B from km 32.835 to km 48.587 in the State of Manipur on EPC mode under NHO Package-2A,2026-07,232.99,3.0,155.44,66.7153,0.0,0.0,100.0,0.0,0.0,23.0,72.0,-49.0,3.1304,1.0,33.2847,0.6672,100.0,0.0,7,8,0.0,0.0,0.0,4.54,2.7143,4.0414,0,0,0,1,0,0,Ministry of Road Transport & Highways,Roads & Highways,NHIDCL,Manipur
618347,Widening to 2-lane with Hard shoulder of Churachandpur to Tuivai Section of NH- 102B from km 13.747 to km 32.835 in the State of Manipur on EPC mode under NHO Package-1B,2026-07,241.52,3.0,164.85,68.2552,0.0,0.0,100.0,0.0,0.0,23.0,72.0,-49.0,3.1304,1.0,31.7448,0.6826,100.0,0.0,7,8,0.0,0.0,0.0,11.99,7.8571,23.55,0,0,0,1,0,0,Ministry of Road Transport & Highways,Roads & Highways,NHIDCL,Manipur
618348,Balance work of Widening to 2 Two lane with hard shoulder of Churachandpur to Tuivai section of NH-102B from km 130.000 to km 141.029 Package-4B in the State of Manipur on EPC Mode,2026-07,177.76,65.0,97.93,55.0911,0.0,0.0,9.17,1.72,23.0872,12.0,8.0,4.0,0.6667,0.0,-45.9211,6.0078,66.6667,-57.4967,6,7,1.72,4.72,0.0,95.31,1.5283,16.0867,0,0,0,0,0,0,Ministry of Road Transport & Highways,Roads & Highways,NHIDCL,Manipur
618349,Balance work of Widening to 2 Two lane with hard shoulder of Churachandpur to Tuivai section of NH-102B from Design Chainage km 118850 to km 130000 Package- 4A in the State of Manipur on EPC Mode,2026-07,204.12,64.0,112.41,55.0705,112.41,,25.93,1.27,5.15,12.0,11.0,1.0,0.9167,0.0,-29.1405,2.1238,91.6667,-65.7367,6,7,1.27,3.43,112.41,112.41,4.3217,18.735,0,0,0,0,0,0,Ministry of Road Transport & Highways,Roads & Highways,NHIDCL,Manipur
618350,Improvement & widening of existing NH-08 to 4-lane with Paved Shoulder from Champak Nagar to Khayerpur section design Km 242500 to Km 261610 in the state of Tripura on EPC basis under NHO-NE,2026-07,920.66,9.0,404.6,43.9467,404.6,,48.3,0.0,0.0,24.0,22.0,2.0,0.9167,0.0,4.3533,0.9099,91.6667,-43.3667,6,7,0.0,4.5,404.6,404.6,1.2167,67.4333,0,0,0,0,0,0,Ministry of Road Transport & Highways,Roads & Highways,NHIDCL,Tripura
618351,Widening & Upgradation to 2 lanes with paved shoulders road from Tamenglong to Mahur NH-137 in the State of Assam starting from km 156.489 near P. Leikul to km 176.410 near Borowapu on EPC mode under NHO-NE Assam portion Package-10,2026-07,890.33,5.0,605.43,68.0006,0.57,0.0942,90.5,0.0,0.0,24.0,35.0,-11.0,1.4583,1.0,22.4994,0.7514,100.0,-9.5,7,8,0.0,0.0,0.57,17.41,12.9286,86.49,0,0,0,1,0,0,Ministry of Road Transport & Highways,Roads & Highways,NHIDCL,Assam
618352,Widening & Upgradation to 2 lanes with paved shoulders road from Tamenglong to Mahur NH-137 in the State of Assam starting from km 136.500 near Hejaichak to km 156.489 near P. Leikul Package-9 on EPC mode under NHO-NE Package-9,2026-07,860.37,5.0,559.51,65.0313,-0.18,-0.0322,87.5,0.0,0.0,24.0,35.0,-11.0,1.4583,1.0,22.4687,0.7432,100.0,-12.5,7,8,0.0,0.0,-0.18,13.68,12.5,79.93,0,0,0,1,0,0,Ministry of Road Transport & Highways,Roads & Highways,NHIDCL,Assam
618353,Widening & Upgradation to 2-lanes with paved shoulders road from Tamenglong to Mahur NH-137 in the State of Assam starting from km 116.480 near Hangrum to km 136.500 near Hejaichak Package-8 on EPC mode under NHO-NE Package 8,2026-07,904.04,5.0,563.52,62.3335,6.15,1.1034,85.2,0.0,0.0,24.0,35.0,-11.0,1.4583,1.0,22.8665,0.7316,100.0,-14.8,7,7,0.0,0.0,6.15,25.19,12.1714,80.5029,0,0,0,1,0,0,Ministry of Road Transport & Highways,Roads & Highways,NHIDCL,Assam
618354,Wideinig & Upgradation to 2-lanes with paved shoulders road from Tamenglong to Mahur NH-137 in the State of Assam starting from km 96.870 near Jiri River to km 116.550 near Hangrum Package-7 on EPC mode Package7,2026-07,846.82,3.0,481.81,56.8964,481.81,,90.36,0.0,0.0,24.0,28.0,-4.0,1.1667,1.0,33.4636,0.6297,100.0,-9.64,7,8,0.0,5.07,481.81,481.81,2.7657,68.83,0,0,0,1,0,0,Ministry of Road Transport & Highways,Roads & Highways,NHIDCL,Assam
618355,"Construction of of 2 -Lane with paved shoulders road from Tamenglong-Tousem- Lisang-Mahur Road NH-137 starting near Dialong Village from km 10.000 at Dialong to km 31.430 near Old Tamenglong , near Barak River on EPC Mode Package-2",2026-07,483.87,2.0,375.87,77.68,3.77,1.0132,95.28,0.0,0.0,18.0,58.0,-40.0,3.2222,1.0,17.6,0.8153,100.0,-4.72,7,8,0.0,0.0,3.77,12.71,0.4686,3.4114,0,0,0,1,0,0,Ministry of Road Transport & Highways,Roads & Highways,NHIDCL,Manipur
618356,Construction of 2 -Lane with paved shoulders road from Tamenglong to Mahur in the state of Manipur from km 31.430 at Old Tamenglong to km 43.480 ending near Phelong on EPC Mode Package-3,2026-07,234.08,3.0,201.13,85.9236,0.0,0.0,98.5,0.0,0.0,18.0,61.0,-43.0,3.3889,1.0,12.5764,0.8723,100.0,-1.5,7,8,0.0,-1.5,0.0,3.22,0.6429,28.7329,0,0,0,1,0,0,Ministry of Road Transport & Highways,Roads & Highways,NHIDCL,Manipur
618357,Construction of 2 -Lane with paved shoulders road from Tamenglong to Mahur NH- 137 in Manipur starting from km 54.180 near Azuram to km 80.630 near Mandeu on EPC Mode Package 5,2026-07,477.86,2.0,330.13,69.0851,0.01,0.003,84.87,0.0,0.0,18.0,56.0,-38.0,3.1111,1.0,15.7849,0.814,100.0,-15.13,7,8,0.0,0.0,0.01,0.03,0.1243,0.0043,0,0,0,1,0,0,Ministry of Road Transport & Highways,Roads & Highways,NHIDCL,Manipur
618358,Construction of 2 -Lane with paved shoulders road from Tamenglong to Mahur NH- 137 starting from km 80.630 near Mandeu to km 96.870 near Jiri River on EPC Mode Package-6,2026-07,311.18,2.0,231.08,74.2593,0.0,0.0,86.87,-0.43,-0.4926,18.0,56.0,-38.0,3.1111,1.0,12.6107,0.8548,100.0,-13.13,7,8,-0.43,0.14,0.0,0.39,0.41,1.1371,0,0,0,1,0,0,Ministry of Road Transport & Highways,Roads & Highways,NHIDCL,Manipur
618359,Widening/Improvement to 4-Lane with Paved Shoulder from km 55000 Nagabang Gamsuk to km 82514 Oyan in the State of Assam and Arunachal Pradesh on EPC mode under Bharatmala Pariyojna of Length 27.514 Km Package-3,2026-07,665.47,18.0,380.59,57.1912,7.53,2.0184,96.7,0.0,0.0,30.0,22.0,8.0,0.7333,0.0,39.5088,0.5914,73.3333,23.3667,7,8,0.0,0.0,7.53,74.96,6.1,54.37,0,0,0,0,0,0,Ministry of Road Transport & Highways,Roads & Highways,NHIDCL,"Multi-States
(Arunachal
Pradesh, Assam)"
618362,Construction of 2-laning with hard shoulder of Lunglei to Chhumkhum from Design Chainage Km 0.000 to Km 37.420 of NH-302 [Lunglei-Tlabung] Package-A,2026-07,698.45,3.0,553.89,79.3027,1.0,0.1809,64.78,0.0,0.0,18.0,61.0,-43.0,3.3889,1.0,-14.5227,1.2242,100.0,-35.22,7,8,0.0,0.0,1.0,-4.09,9.2543,79.1271,0,0,0,1,0,0,Ministry of Road Transport & Highways,Roads & Highways,NHIDCL,Mizoram
618363,Construction of 2-laning with hard shoulder configuration of Chhumkhum to Tlabung from Design Chainage Km 37.420 to Km 74.950 of NH-302 in Mizoram under Bharatmala Pariyojana on EPC mode [Pkg-B],2026-07,740.58,1.0,494.49,66.7706,0.0,0.0,61.34,0.0,0.0,18.0,60.0,-42.0,3.3333,1.0,-5.4306,1.0885,100.0,-38.66,7,8,0.0,0.0,0.0,62.24,8.7629,70.6414,0,0,0,1,0,0,Ministry of Road Transport & Highways,Roads & Highways,NHIDCL,Mizoram
618364,"Widening to 2 Lane with Hard shoulder of Akegwo-Avangkhu section of NH-202K for Package-I Design Chainage 0000 Km to 34795 Km, in the State of Nagaland on EPC mode under NH O-NE",2026-07,430.24,8.0,0.0,0.0,0.0,,87.0,0.0,0.0,30.0,35.0,-5.0,1.1667,1.0,87.0,0.0,100.0,-13.0,7,8,0.0,0.0,0.0,0.0,1.2857,0.0,0,0,0,1,0,0,Ministry of Road Transport & Highways,Roads & Highways,NHIDCL,Nagaland
618365,Widening to 2 Lane with Hard shoulder of Akegwo-Avangkhu section of NH-202K for Package-III Design Chainage 69875 Km to 106816 Km in the State of Nagaland on EPC mode under NHO-NE,2026-07,497.18,8.0,0.0,0.0,0.0,,85.67,0.0,0.0,30.0,35.0,-5.0,1.1667,1.0,85.67,0.0,100.0,-14.33,7,8,0.0,0.0,0.0,0.0,0.81,0.0,0,0,0,1,0,0,Ministry of Road Transport & Highways,Roads & Highways,NHIDCL,Nagaland
618366,Widening to 2 Lane with Hard shoulder of Akegwo-Avangkhu section of NH-202K for Package-II Design Chainage 34795 Km to 69875 Km in the State of Nagaland on EPC mode under NHO-NE,2026-07,442.54,8.0,0.0,0.0,0.0,,58.5,0.0,0.0,30.0,35.0,-5.0,1.1667,1.0,58.5,0.0,100.0,-41.5,7,8,0.0,0.0,0.0,0.0,2.9286,0.0,0,0,0,1,0,0,Ministry of Road Transport & Highways,Roads & Highways,NHIDCL,Nagaland
618367,Improvement and Widening to 2-lane with paved shoulder of road from design Km 72.000 Pati Chhari to design Km 107.654 Harina Total length 35.654 Km on Teliamura to Harina section of NH 208 in the state of Tripura on EPC mode under JICA ODA Loan Phase VI Package-4,2026-07,726.9,11.0,100.25,13.7914,-159.11,-61.3472,9.5,0.17,1.8221,24.0,19.0,5.0,0.7917,0.0,-4.2914,1.4517,79.1667,-69.6667,6,7,0.17,0.55,-159.11,-113.25,0.5833,-11.565,0,0,0,0,0,0,Ministry of Road Transport & Highways,Roads & Highways,NHIDCL,Tripura
618368,Improvement and Widening to 2-lane with paved shoulder of road from design Km 36.000 Rangamati to design Km 72.000 Pati Chhari Total length 36.000 Km on Teliamura to Harina section of NH 208 in the state of Tripura on EPC mode under JICA ODA Loan Phase VI Package-3,2026-07,670.9,8.0,183.24,27.3126,183.24,,14.7,0.2,1.3793,24.0,22.0,2.0,0.9167,0.0,-12.6126,1.858,91.6667,-76.9667,7,8,0.2,0.6,183.24,183.24,1.2429,26.1771,0,0,0,0,0,0,Ministry of Road Transport & Highways,Roads & Highways,NHIDCL,Tripura
618369,Improvement and Widening to 2-lane with paved shoulder of road from existing Km 438.170 Khowai Chowmuhani to existing Km 439.410 South Pulinpur of NH-08 and from design Km 0.000 South Pulinpur to design Km 36.00 near Rangamati of NH 208 on Khowai Teliamura- Harina section Total length 37.24 in the state of Tripura on EPC mode under JICA ODA Loan Phase VI Package-2,2026-07,657.21,8.0,301.86,45.9305,301.86,,60.7,0.2,0.3306,24.0,22.0,2.0,0.9167,0.0,14.7695,0.7567,91.6667,-30.9667,7,8,0.2,0.65,301.86,301.86,2.6714,43.1229,0,0,0,0,0,0,Ministry of Road Transport & Highways,Roads & Highways,NHIDCL,Tripura
618370,Improvement and Widening to 2-lane with paved shoulder of road from Km 101.300 to km 127.319 Total Length 26.019 Km i.e. the Khowai Teliamura-Amarpur-Harina- Sabroom section of NH 208 in the state of Tripura on EPC under JICA ODA Loan Phase VI Package-1,2026-07,431.78,6.0,265.36,61.4572,265.36,,63.15,0.0,0.0,24.0,24.0,0.0,1.0,0.0,1.6928,0.9732,100.0,-36.85,7,8,0.0,5.03,265.36,265.36,9.0214,37.9086,0,0,0,0,0,0,Ministry of Road Transport & Highways,Roads & Highways,NHIDCL,Tripura
618371,"Widening/Improvement to 4-Lane with Paved Shoulder configuration of existing single lane road from Srirampur near Bhairiguri Village to Kachukhana Harichara Paglagaunj Package-I of Srirampur - Dhubri Section of NH-127B from existing Km 0.000 to Km 28.050 Design Km 0.000 to Km 27.650, Design Length27.650 Km under JICA ODA Loan assistance Phase-V -Balance work",2026-07,613.89,32.0,384.6,62.6497,0.36,0.0937,89.5,0.0,0.0,24.0,20.0,4.0,0.8333,0.0,26.8503,0.7,83.3333,6.1667,7,8,0.0,4.52,0.36,124.58,6.6429,54.9429,0,0,0,0,0,0,Ministry of Road Transport & Highways,Roads & Highways,NHIDCL,Assam
618372,"Widening / Improvement to 4-Lane with Paved Shoulder configuration of existing single lane road from Kachukhana Harichara Paglagaunj to Dhubri - Phulbari Bridge approach Package-II of Srirampur - Dhubri Section of NH-127B from existing Km 28.050 to Km 55.060 Design Km 27.650 to Km 54.154, Design Length26.504 Km under JICA ODA Loan assistance Phase-V [Srirampur - Dhubri Pkg-2]",2026-05,909.02,10.0,638.5,70.2405,0.0,0.0,100.0,0.0,0.0,24.0,40.0,-16.0,1.6667,1.0,29.7595,0.7024,100.0,0.0,5,6,0.0,0.0,0.0,0.0,0.0,127.7,0,0,0,1,0,0,Ministry of Road Transport & Highways,Roads & Highways,NHIDCL,Assam
618373,"Construction of 4-Lane Bridge including approaches over River Brahmaputra between Dhubri on North Bank,Assam and Phulbari on south Bank,Meghalaya on NH-127B under JICA ODA Loan assistance Phase-III",2026-07,4997.04,19.0,3081.08,61.6581,47.49,1.5655,77.14,0.0,0.0,93.0,67.0,26.0,0.7204,0.0,15.4819,0.7993,72.043,5.097,7,8,0.0,1.13,47.49,243.91,1.4486,440.1543,0,0,0,0,0,0,Ministry of Road Transport & Highways,Roads & Highways,NHIDCL,Assam
618374,Improvement/Widening to 2-L with Paved Shoulder/ 4-Laning of NH-40 section from Km 151330 to Km 163400 design Km 63.530 to Km 71.520 including Dawki Bridge of length 368 m between Shillong-Dawki under JICA ODA Loan assistance Phase-II Pkg- 5 -Balance work,2026-07,284.21,46.0,170.81,60.0999,0.0,0.0,42.91,0.99,2.3616,30.0,26.0,4.0,0.8667,0.0,-17.1899,1.4006,86.6667,-43.7567,7,8,0.99,1.49,0.0,170.81,1.5586,24.4014,0,0,0,0,0,0,Ministry of Road Transport & Highways,Roads & Highways,NHIDCL,Meghalaya
618375,Improvement/Widening to 2-Lane with Paved Shoulder from design Km 45.760 to Km 63.530 between Shillong-Dawki under JICA ODA Loan assistance Phase-II -Balance work Pkg-4,2026-07,445.51,45.0,42.39,9.5149,0.0,0.0,53.43,0.22,0.4135,24.0,27.0,-3.0,1.125,1.0,43.9151,0.1781,100.0,-46.57,7,8,0.22,2.63,0.0,0.03,2.3471,6.0557,0,0,0,1,0,0,Ministry of Road Transport & Highways,Roads & Highways,NHIDCL,Meghalaya
618376,Improvement/Widening to 2-Lane with Paved Shoulder between Shillong-Dawki road up to Bangladesh Border from design Km 10.670 to Km 37.550 under JICA ODA Loan assistance Phase-II -Balance Work-Pkg-2,2026-07,525.67,43.0,0.0,0.0,0.0,,53.21,2.19,4.2924,30.0,29.0,1.0,0.9667,0.0,53.21,0.0,96.6667,-43.4567,7,8,2.19,2.55,0.0,0.0,1.7443,0.0,0,0,0,0,0,0,Ministry of Road Transport & Highways,Roads & Highways,NHIDCL,Meghalaya
618377,Improvement/Widening to 2-L with Paved Shoulder/4-L from Km 81740 to Km 93490 design Km 0000 to Km 10670 of NH-40 New NH-106 & 206 section & 4-L from design Km 0.00 to Km 0.930 of NH-44 section between Shillong-Dawki under JICA ODA Loan assistance Phase-II -Balance Work Pkg-1,2026-07,351.12,39.0,243.15,69.2498,243.15,,100.0,0.0,0.0,24.0,33.0,-9.0,1.375,1.0,30.7502,0.6925,100.0,0.0,7,8,0.0,1.28,243.15,243.15,3.1429,34.7357,0,0,0,1,0,0,Ministry of Road Transport & Highways,Roads & Highways,NHIDCL,Meghalaya
618379,Widening and Up-gradation to 2- Lane with Paved Shoulder Configuration and geometric improvement from Km. 208. 000 to Km 250.000 Package-5 on Aizawl Tuipang Section of NH-54 in the State of Mizoram Package-5,2026-07,752.89,1.0,125.64,16.6877,0.0,0.0,95.35,0.0,0.0,42.0,81.0,-39.0,1.9286,1.0,78.6623,0.175,100.0,-4.65,7,8,0.0,0.0,0.0,0.02,0.05,0.0029,0,0,0,1,0,0,Ministry of Road Transport & Highways,Roads & Highways,NHIDCL,Mizoram
618380,Widening and Up-gradation to 2- Lane with Paved Shoulder Configuration and geometric improvement from Km. 125. 000 to Km 166 Package-3 on Aizawl Tuipang Section of NH-54 in the State of Mizoram Package-3,2026-07,867.09,1.0,525.13,60.5623,365.58,229.1319,97.51,0.0,0.0,42.0,81.0,-39.0,1.9286,1.0,36.9477,0.6211,100.0,-2.49,7,8,0.0,0.0,365.58,365.66,13.93,75.0186,0,0,0,1,0,0,Ministry of Road Transport & Highways,Roads & Highways,NHIDCL,Mizoram
618381,Widening and up-gradation to 2-lane with paved shoulder configuration and geometric improvements from km 250.00 Lunglei to km 298.00 on Aizawl-Tuipang section under JICA ODA Loan assistance Phase-I Package-6,2026-05,768.76,3.0,168.78,21.9548,0.0,0.0,98.73,0.0,0.0,42.0,77.0,-35.0,1.8333,1.0,76.7752,0.2224,100.0,-1.27,5,6,0.0,0.0,0.0,0.0,0.146,0.0,0,0,0,1,0,0,Ministry of Road Transport & Highways,Roads & Highways,NHIDCL,Mizoram
618382,Widening and up-gradation to 2-lane with paved shoulder configuration and geometric improvements from km 298.00 to km 339.00 on Aizawl-Tuipang section under JICA ODA Loan assistance Phase-I Package-7,2026-05,605.76,13.0,0.01,0.0017,0.0,0.0,100.0,0.0,0.0,42.0,67.0,-25.0,1.5952,1.0,99.9983,0.0,100.0,0.0,5,6,0.0,0.0,0.0,0.0,0.0,0.0,0,0,0,1,0,0,Ministry of Road Transport & Highways,Roads & Highways,NHIDCL,Mizoram
618383,Widening and up-gradation to 2-lane with paved shoulder configuration and geometric improvements from km 339.00 to km 380.00 Siaha on Aizawl-Tuipang section under JICA ODA Loan assistance Phase-I Package-8,2026-07,637.06,6.0,547.01,85.8648,445.12,436.8633,99.82,0.0,0.0,42.0,76.0,-34.0,1.8095,1.0,13.9552,0.8602,100.0,-0.18,7,8,0.0,0.0,445.12,445.12,0.1171,63.5886,0,0,0,1,0,0,Ministry of Road Transport & Highways,Roads & Highways,NHIDCL,Mizoram
618384,Widening and Up-gradation to 2- Lane with Paved Shoulder Configuration and geometric improvement from Km. 166. 000 to Km 208.000 Package-4 on Aizawl Tuipang Section of NH-54 in the State of Mizoram Package-4,2026-05,899.45,1.0,191.59,21.3008,0.0,0.0,99.88,0.0,0.0,42.0,79.0,-37.0,1.881,1.0,78.5792,0.2133,100.0,-0.12,5,6,0.0,0.0,0.0,0.0,0.176,0.0,0,0,0,1,0,0,Ministry of Road Transport & Highways,Roads & Highways,NHIDCL,Mizoram
618385,Rehabilitation and up-gradation of road from design km 25.250 to km 36.460 Total lengh 11.210 km of Kailashahar-Kurti Bridge section on NH-208A to 2-lane with paved shoulder on EPC basis under NHO Package-III- Balance Work,2026-07,174.43,55.0,67.1,38.4682,67.1,,53.14,11.24,26.8258,18.0,22.0,-4.0,1.2222,1.0,14.6718,0.7239,100.0,-46.86,7,8,11.24,11.24,67.1,67.1,7.5914,9.5857,0,0,0,1,0,0,Ministry of Road Transport & Highways,Roads & Highways,NHIDCL,Tripura
618386,Rehabilitation & Upgradation of Road from Km 0.00 to Km 18.600 Total length-18.600 km of Kumarghat-Kailashahar section on NH-208 to 2-lane with Paved shoulder on EPC bais under NHO,2026-05,277.5,5.0,0.0,0.0,0.0,,0.0,0.0,,18.0,70.0,-52.0,3.8889,1.0,0.0,,100.0,-100.0,5,6,0.0,0.0,0.0,0.0,0.0,0.0,0,0,0,1,0,0,Ministry of Road Transport & Highways,Roads & Highways,NHIDCL,Tripura
618387,Construction of 2-laning with Hard shoulder of Ukhrul Tolloi - Tadubi section of NH- 102A from Design Chainage km 9450 to km 50850 in the State of Manipur on EPC mode under NHO-NE Package-2,2026-07,578.98,12.0,278.6,48.1191,11.49,4.3016,80.04,0.02,0.025,24.0,28.0,-4.0,1.1667,1.0,31.9209,0.6012,100.0,-19.96,7,8,0.02,0.02,11.49,29.02,0.4343,6.3557,0,0,0,1,0,0,Ministry of Road Transport & Highways,Roads & Highways,NHIDCL,Manipur
618388,Construction of 2-laning with Hard shoulder road of Ukhrul - Tolloi - Tadubi section of NH-102A from Design Chainage 50.850 km to 81.870 km in the State of Manipur on EPC mode under NHO-TSP Package -3,2026-07,315.56,22.0,257.41,81.5724,5.95,2.3662,94.5,3.39,3.7208,18.0,36.0,-18.0,2.0,1.0,12.9276,0.8632,100.0,-5.5,7,8,3.39,3.39,5.95,29.39,0.6429,4.2057,0,0,0,1,0,0,Ministry of Road Transport & Highways,Roads & Highways,NHIDCL,Manipur
618389,Construction of 2-laning with Hard shoulder road of Ukhrul - Tolloi - Tadubi section of NH-102A from Design Chainage 81.870 km to 105.825 km in the State of Manipur on EPC mode under NHO-TSP Package -4,2026-07,310.76,11.0,287.73,92.5891,32.13,12.5704,97.0,0.0,0.0,18.0,47.0,-29.0,2.6111,1.0,4.4109,0.9545,100.0,-3.0,7,8,0.0,0.0,32.13,40.45,0.1429,5.8186,0,0,0,1,0,0,Ministry of Road Transport & Highways,Roads & Highways,NHIDCL,Manipur
618390,"Construction, Operation & Maintenance of 2-L Bi-directional Silkyara Bend- Barkot Tunnel with escape passage including approaches Tunnel-4.531 & Approach road- 0.328 on Dharasu-Yamunotri section b/w Chainage 25.400km and 51.00km falling along NH-134 Old NH-94 on EPC mode",2026-07,1383.78,4.0,842.44,60.8796,11.98,1.4426,76.03,2.53,3.4422,48.0,96.0,-48.0,2.0,1.0,15.1504,0.8007,100.0,-23.97,7,8,2.53,3.18,11.98,132.02,1.1471,120.3486,0,0,0,1,0,0,Ministry of Road Transport & Highways,Roads & Highways,NHIDCL,Uttarakhand
618391,"Construction for Mitigation Measures of 5 Nos. Landslides, 05 No. Sinking Zones and 01 No. Bridge from Ch. 450.00 to Ch. 468.00 18 Km. Length on NH-07 Package-III",2026-07,250.33,6.0,100.93,40.3188,100.93,,88.12,0.55,0.6281,18.0,25.0,-7.0,1.3889,1.0,47.8012,0.4575,100.0,-11.88,7,8,0.55,4.58,100.93,100.93,3.4457,14.4186,0,0,0,1,0,0,Ministry of Road Transport & Highways,Roads & Highways,NHIDCL,Uttarakhand
618392,"Construction for Mitigation Measures of 5 Nos. Landslides, 5 Nos. Sinking Zones in between Ch. 433.00 to 450.00 BANERPANI VILLAGE on NH-07 on EPC mode in the state of Uttarakhand Package-2",2026-07,259.64,12.0,0.0,0.0,0.0,,68.45,4.22,6.5701,18.0,19.0,-1.0,1.0556,1.0,68.45,0.0,100.0,-31.55,6,7,4.22,5.52,0.0,0.0,4.7417,0.0,0,0,0,1,0,0,Ministry of Road Transport & Highways,Roads & Highways,NHIDCL,Uttarakhand
618393,"Construction for Mitigation Measures of 10 Nos. Landslides, 01 No. Sinking Zones and 1 No. of Minor Bridge in between at Ch. Km 368.00 to Km 433.00 on NH-07 on EPC Mode in Uttarakhand Package-1",2026-07,216.68,6.0,117.83,54.3797,4.66,4.1177,99.97,1.36,1.3792,18.0,25.0,-7.0,1.3889,1.0,45.5903,0.544,100.0,-0.03,7,8,1.36,3.97,4.66,10.14,1.8529,16.8329,0,0,0,1,0,0,Ministry of Road Transport & Highways,Roads & Highways,NHIDCL,Uttarakhand
618394,Up-gradation to 2-lane with Paved Shoulder from Km 12.850 to Km20.300 of 7.450Km length on Goha-Khellani section and a link road to Goha village of 2.016 km on NH- 244 in UT of Jammu and Kashmir on EPC Mode Pkg-1,2026-07,228.39,3.0,182.21,79.7802,5.63,3.1884,94.26,0.0,0.0,18.0,69.0,-51.0,3.8333,1.0,14.4798,0.8464,100.0,-5.74,7,8,0.0,0.0,5.63,18.4,0.6086,3.2357,0,0,0,1,0,0,Ministry of Road Transport & Highways,Roads & Highways,NHIDCL,"Jammu and
Kashmir"
618395,"Construction & Upgradation to 2-lane with paved shoulder from Design Ch. Km 51700 at Premnagar km 66315 to Km 66535 New Thatri at Start of Km 83rd, Tunnel Km 82665 of 14.835 Km design length on Chenani-Sudhmahadev-Goha Khellani- Kishtwar-Vailoo Donipawa-Ashajipora section of NH-244 in the UT of J&K on EPC Mode under NHO-Gen Pkg - 2",2026-07,512.43,5.0,164.66,32.1332,0.0,0.0,53.49,0.0,0.0,18.0,59.0,-41.0,3.2778,1.0,21.3568,0.6007,100.0,-46.51,7,8,0.0,0.0,0.0,8.97,7.6414,23.5229,0,0,0,1,0,0,Ministry of Road Transport & Highways,Roads & Highways,NHIDCL,"Jammu and
Kashmir"
618396,Construction & Upgradation to 2 lane with paved shoulder from Design Km. 31.449 Khellani Ex. Km 44.946 to Km 51.700 Prem Nagar Ex. Km 68617 of 20.251 Km length on Khellani - Kishtwar - Chattroo section of NH-244 in the UT of J&K on EPC Mode under NHO-Gen PKG- 1,2026-05,486.45,1.0,0.0,0.0,0.0,,0.0,0.0,,17.0,62.0,-45.0,3.6471,1.0,0.0,,100.0,-100.0,5,6,0.0,0.0,0.0,0.0,0.0,0.0,0,0,0,1,0,0,Ministry of Road Transport & Highways,Roads & Highways,NHIDCL,"Jammu and
Kashmir"
618397,Widening and Up-gradation to 2-Lane with Paved Shoulder of configuration and geometric improvement from Km 0.000 to Km 16.990 on Chenani Sudhmahadev section of NH-244 in UT of Jammu and Kashmir to be executed on EPC basis,2026-07,255.9,8.0,239.96,93.771,-2.46,-1.0148,94.06,0.0,0.0,24.0,92.0,-68.0,3.8333,1.0,0.289,0.9969,100.0,-5.94,5,6,0.0,94.06,-2.46,239.96,18.812,47.992,0,0,0,1,0,0,Ministry of Road Transport & Highways,Roads & Highways,NHIDCL,"Jammu and
Kashmir"
618398,Up-gradation to 2-lane with Paved Shoulder from Km 20.300 to Km 29.030 of 8.730 Km length on Goha-Khellani section on NH-244 in UT of Jammu and Kashmir on EPC Mode Package II,2026-07,210.79,3.0,190.27,90.2652,0.01,0.0053,96.95,0.0,0.0,18.0,69.0,-51.0,3.8333,1.0,6.6848,0.931,100.0,-3.05,7,8,0.0,0.0,0.01,15.35,0.4214,2.5714,0,0,0,1,0,0,Ministry of Road Transport & Highways,Roads & Highways,NHIDCL,"Jammu and
Kashmir"
618399,Construction of Kishtwar bypass with 2 lane with paved shoulder from Design Km. 80.675 Dulhasti to km 95.550 Bandarkoot of 14.88 km & a link road to Kishtwar town from 0000 to 1.871 of length1.871 Km on Khellani - Kishtwar - Chattroo section in UT of Jammu and Kashmir on EPC Mode Pkg-4,2026-07,859.67,5.0,363.03,42.229,2.56,0.7102,50.64,0.0,0.0,24.0,59.0,-35.0,2.4583,1.0,8.411,0.8339,100.0,-49.36,7,8,0.0,0.59,2.56,53.87,7.2343,51.8614,0,0,0,1,0,0,Ministry of Road Transport & Highways,Roads & Highways,NHIDCL,"Jammu and
Kashmir"
618400,Construction & Upgradation to 2-lane with paved shoulder from Design Km 67.805 at the end of Km 83rd Tunnel near Dhrabshalla Ex. Km 83905 to Km 80.675 start of Kishtwar Bypass - Dulhasti Ex. Km 970751 of 12.870 Km length on chenani- Sudhmahadev-Goha Khellani-Kishtwar-vailoo-Donipawa-Ashajipora seition of NH-244 in the UT of J&K on EPC Mode under NHO-Gen Pkg-3,2026-07,398.51,4.0,120.09,30.1348,0.0,0.0,98.55,0.0,0.0,17.0,60.0,-43.0,3.5294,1.0,68.4152,0.3058,100.0,-1.45,7,8,0.0,0.0,0.0,20.74,14.0786,17.1557,0,0,0,1,0,0,Ministry of Road Transport & Highways,Roads & Highways,NHIDCL,"Jammu and
Kashmir"
618401,"Construction of Intermediate Lane with Hard Shoulder of Hunli to Hayuliang Package- III from design Km 60.000 to Km 121.500 Design Length 61.500 km, Greenfield Section of Frontier Highway NH-913 in the State of Arunachal Pradesh on EPC Mode Pkg-3",2026-07,1418.67,17.0,93.19,6.5688,93.19,,1.7,0.0,0.0,36.0,12.0,24.0,0.3333,0.0,-4.8688,3.864,33.3333,-31.6333,6,7,0.0,0.0,93.19,93.19,0.1167,15.5317,0,0,0,0,0,0,Ministry of Road Transport & Highways,Roads & Highways,NHIDCL,Arunachal Pradesh
618402,"Construction of Intermediate Lane with Hard Shoulder of Hunli to Hayuliang from Design Km 0.000 to Km 53.000 Design Length 53.000 km, Greenfield Section of Frontier Highway NH-913 in the State of Arunachal Pradesh on EPC Mode Package-I",2026-07,1262.43,13.0,255.45,20.2348,10.26,4.1845,19.13,1.03,5.6906,35.0,16.0,19.0,0.4571,0.0,-1.1048,1.0578,45.7143,-26.5843,6,7,1.03,1.98,10.26,21.51,1.5217,14.0317,0,0,0,0,0,0,Ministry of Road Transport & Highways,Roads & Highways,NHIDCL,Arunachal Pradesh
618403,Construction of Intermediate Lane Road with hard shoulder from design Km 0.000 to Km 17.387 Total length 17.387 km of Hunli to Ithun Bridge section on NH-913 Frontier Highway in State of Arunachal Pradesh on EPC mode under NHO-NE,2026-07,275.5,11.0,163.15,59.2196,163.15,,56.18,2.07,3.8255,24.0,18.0,6.0,0.75,0.0,-3.0396,1.0541,75.0,-18.82,6,7,2.07,6.35,163.15,163.15,5.6967,27.1917,0,0,0,0,0,0,Ministry of Road Transport & Highways,Roads & Highways,NHIDCL,Arunachal Pradesh
618404,Construction of lntermediate Lane Road with hard shoulder from design chainage Km 0.000 to Km 53.040 Existing Length68.500 Km & Total Design length 53.04 km of Tato to Monigong section of NH-913 Frontier Highway on Nafra Bomdila to Vijaynagar along China border in state of Arunachal pradesh on EPC mode,2026-07,625.61,17.0,269.64,43.1003,269.64,,22.81,0.84,3.8234,30.0,14.0,16.0,0.4667,0.0,-20.2903,1.8895,46.6667,-23.8567,5,6,0.84,1.14,269.64,269.64,1.162,53.928,0,0,0,0,0,0,Ministry of Road Transport & Highways,Roads & Highways,NHIDCL,Arunachal Pradesh
618405,"Construction of Intermediate Lane of Pango to Jorging Road from 0000 to Design Km Design Km 40000 Design Length 40.00 Km, Pkg-l, Greenfield Alignment in the State of Arunachal Pradesh on EPC mode Pkg-1",2026-07,898.19,12.0,255.52,28.4483,255.52,,39.86,0.06,0.1508,30.0,18.0,12.0,0.6,0.0,11.4117,0.7137,60.0,-20.14,6,7,0.06,0.36,255.52,255.52,2.1433,42.5867,0,0,0,0,0,0,Ministry of Road Transport & Highways,Roads & Highways,NHIDCL,Arunachal Pradesh
618406,Up-gradation to 4-lane with Paved Shoulder of Jammu-Akhnoor road section of NH- 144A from Ganesh Vihar Km 6.000 to Khati Chowk Km 26.350 in UT of Jammu and Kashmir on EPC basis Pkg-3A,2026-07,322.49,16.0,398.19,123.4736,9.55,2.4573,92.5,0.29,0.3145,24.0,84.0,-60.0,3.5,1.0,-30.9736,1.3348,100.0,-7.5,7,8,0.29,92.5,9.55,398.19,13.2143,56.8843,0,0,0,1,0,0,Ministry of Road Transport & Highways,Roads & Highways,NHIDCL,"Jammu and
Kashmir"
618407,Jammu-Akhnoor Road Pkg-I,2026-07,245.3,58.0,115.21,46.967,18.01,18.5288,75.29,0.0,0.0,24.0,42.0,-18.0,1.75,1.0,28.323,0.6238,100.0,-24.71,7,7,0.0,0.62,18.01,32.59,10.7557,16.4586,0,0,0,1,0,0,Ministry of Road Transport & Highways,Roads & Highways,NHIDCL,"Jammu and
Kashmir"
618408,Kargil Zanskar Road,2026-07,398.37,4.0,337.19,84.6424,11.24,3.4484,97.1,2.08,2.189,18.0,60.0,-42.0,3.3333,1.0,12.4576,0.8717,100.0,-2.9,7,7,2.08,6.51,11.24,50.92,13.8714,48.17,0,0,0,1,0,0,Ministry of Road Transport & Highways,Roads & Highways,NHIDCL,Ladakh
618409,Widening & Up-gradation to 2 lane with Paved shoulder of NH-301 Kargil- Zanskar Road from Design km 57.000 Ex. Km. 57.905 to Km 87.000 Ex. Km. 88.2491 of 30.000 Km length Pkg-lll,2026-07,381.01,4.0,313.34,82.2393,14.01,4.6805,91.01,1.71,1.9149,18.0,60.0,-42.0,3.3333,1.0,8.7707,0.9036,100.0,-8.99,7,8,1.71,8.27,14.01,83.72,13.0014,44.7629,0,0,0,1,0,0,Ministry of Road Transport & Highways,Roads & Highways,NHIDCL,Ladakh
618410,Widening & Up-gradation to 2 lane with paved shoulder of NH-301 Kargil- Zanskar Road from Design Km .30.040 Ex. Km. 30.000 to Design Km 57.000 Ex. Km. 57.905 of 26.960 Km length Pkg-II,2026-07,404.89,4.0,360.06,88.9279,0.07,0.0194,84.94,0.26,0.307,18.0,60.0,-42.0,3.3333,1.0,-3.9879,1.0469,100.0,-15.06,7,8,0.26,9.56,0.07,38.34,12.1343,51.4371,0,0,0,1,0,0,Ministry of Road Transport & Highways,Roads & Highways,NHIDCL,Ladakh
618411,Melaghar-Srimantapur section on NH-08 Spur from Km 23 to Km 34.500 11.5 Km and overlay from Km 20.30 to Km 22.00 1.7 Km Total Length 13.2 Km,2026-07,195.95,4.0,95.54,48.7573,2.93,3.1638,72.48,0.0,0.0,18.0,38.0,-20.0,2.1111,1.0,23.7227,0.6727,100.0,-27.52,7,8,0.0,2.35,2.93,9.21,10.3543,13.6486,0,0,0,1,0,0,Ministry of Road Transport & Highways,Roads & Highways,NHIDCL,Tripura
618412,Construction of i Connecting Road from Z-Morh Tunnel to Zojila Tunnel Road Length 18.475km and ii 14.150 Km long 2-L Bi-directional single tube Zoji-la Tunnel across Zojila Pass on Sonamarg - Kargil section from Km 82 to Km 118 of NH-01 under PMDP,2026-07,6808.69,33.0,3574.5,52.4991,25.43,0.7165,68.8,0.0,0.0,71.0,69.0,2.0,0.9718,0.0,16.3009,0.7631,97.1831,-28.3831,7,7,0.0,2.75,25.43,358.64,9.8286,510.6429,0,0,0,0,0,0,Ministry of Road Transport & Highways,Roads & Highways,NHIDCL,Andhra Pradesh
618413,Construction of 2 laning with Hard shoulder of Peren-Dimapur section on NH 129A from Design Km 146.208 to Km 163.592 Length- 17.384 km in the state of Nagaland on EPC mode under NHO-TSP Package-III,2026-07,177.77,28.0,111.71,62.8396,111.71,,95.62,0.0,0.0,24.0,37.0,-13.0,1.5417,1.0,32.7804,0.6572,100.0,-4.38,7,8,0.0,2.25,111.71,111.71,2.8029,15.9586,0,0,0,1,0,0,Ministry of Road Transport & Highways,Roads & Highways,NHIDCL,Nagaland
618414,Construction of Balance work for 2-lane with hard shoulder of Peren- Dimapur section on NH-129A from Design Km 126.775 to Km 146.208 Length 19.433 Km in the state of Nagaland on EPC mode under NHO-TSP Package-II,2026-07,258.52,32.0,136.09,52.642,0.23,0.1693,96.53,0.0,0.0,24.0,34.0,-10.0,1.4167,1.0,43.888,0.5453,100.0,-3.47,7,8,0.0,0.0,0.23,70.94,13.79,19.4414,0,0,0,1,0,0,Ministry of Road Transport & Highways,Roads & Highways,NHIDCL,Nagaland
618415,"Improvement of existing road to 2 laning with Hard Shoulders of Maram-Peren section Package-1B, length- 17.660 km from Design Chainage 22.340 km to 40.000 km on NH-129A in the State of Manipur on EPC mode",2026-07,188.36,4.0,0.0,0.0,0.0,,100.0,0.0,0.0,18.0,61.0,-43.0,3.3889,1.0,100.0,0.0,100.0,0.0,7,8,0.0,0.0,0.0,0.0,0.1429,0.0,0,0,0,1,0,0,Ministry of Road Transport & Highways,Roads & Highways,NHIDCL,Manipur
618416,"Improvement of existing road to 2 laning with Hard Shoulders of Maram -Peren section Package-1A, length- 22.340Km from Design Chainage 0.000 km to 22.340 km on NH-129A in the State of Manipur on EPC mode",2026-07,226.32,4.0,190.19,84.0359,0.93,0.4914,75.08,0.0,0.0,18.0,61.0,-43.0,3.3889,1.0,-8.9559,1.1193,100.0,-24.92,7,8,0.0,0.5,0.93,11.1,10.7257,27.17,0,0,0,1,0,0,Ministry of Road Transport & Highways,Roads & Highways,NHIDCL,Manipur
618417,"Construction of 4-Lane with paved shoulder Agartala bypass Western side, length 25.402 km connecting NH-8 near Amtali to NH-108B near Lembuchhera in the state of Tripura on EPC basis under NHO-NE",2026-07,2026.05,12.0,462.34,22.8198,-25.04,-5.1377,9.2,0.0,0.0,36.0,28.0,8.0,0.7778,0.0,-13.6198,2.4804,77.7778,-68.5778,7,8,0.0,0.0,-25.04,143.86,1.3143,66.0486,0,0,0,0,0,0,Ministry of Road Transport & Highways,Roads & Highways,NHIDCL,Tripura
618418,Rehabilitation and up gradation of Nongstoin-Rambrai-Kyrshai road up to Meghalaya- Assam border from Km 0.335 to km 34.039 to 2-Lane under NHO - NE in the State of Meghalaya Package-1,2026-07,359.86,8.0,310.07,86.1641,10.89,3.6399,83.05,0.03,0.0361,24.0,50.0,-26.0,2.0833,1.0,-3.1141,1.0375,100.0,-16.95,7,8,0.03,2.56,10.89,95.86,2.0071,44.2957,0,0,0,1,0,0,Ministry of Road Transport & Highways,Roads & Highways,NHIDCL,Meghalaya
618419,"Construction of 2-Lane with paved shoulders of Shillong Western Bypass starting from NH-06 near Ladumsaw existing Km 60.900 of old NH40 to NH106 old NH 44E Package-III, from km 24700 to km 38256 under SARDP-NE PHASE A in the state of Meghalaya on EPC Mode Greenfield alignment",2026-07,562.48,18.0,340.17,60.4768,85.63,33.6411,52.28,0.28,0.5385,24.0,22.0,2.0,0.9167,0.0,-8.1968,1.1568,91.6667,-39.3867,7,8,0.28,0.81,85.63,248.03,2.7543,48.5957,0,0,0,0,0,0,Ministry of Road Transport & Highways,Roads & Highways,NHIDCL,Meghalaya
618420,"Construction of 2 lane with paved shoulder of Shillong Western Bypass starting from NH-06 near Ladumsaw existing km 60.900 of old NH-40 to NH-106 old NH-44E, Package-II km 12800 to km 24700 under SARDP-NE Phase A in the State of Meghalaya on EPC Mode",2026-07,686.03,18.0,357.32,52.0852,-77.83,-17.8858,50.48,0.66,1.3248,24.0,22.0,2.0,0.9167,0.0,-1.6052,1.0318,91.6667,-41.1867,7,8,0.66,3.43,-77.83,120.66,7.2114,51.0457,0,0,0,0,0,0,Ministry of Road Transport & Highways,Roads & Highways,NHIDCL,Meghalaya
618421,"Construction of 2-Lane with paved shoulder of Shillong Western Bypass starting from NH-06 near Ladumsaw Existing km 60.900 of old NH-40 to NH106 old NH-44E, km 0000 to km 12800 Package-I under SARDP-NE PHASE A in the State of Meghalaya on EPC Mode Greenfield alignment",2026-07,620.3,18.0,332.95,53.6756,28.45,9.3432,74.85,1.72,2.352,24.0,22.0,2.0,0.9167,0.0,21.1744,0.7171,91.6667,-16.8167,7,8,1.72,4.03,28.45,116.69,4.1214,47.5643,0,0,0,0,0,0,Ministry of Road Transport & Highways,Roads & Highways,NHIDCL,Meghalaya
618422,"Construction of 2-lane with hard shoulders of Merangkong-Tamlu-Mon road Wakching Twon portion on EPC basis from existing Chainage Km 59000 to Km 73640 [Design Km. 59000 to Km, 72450] Design length - 13.450 Km under SARDP-NE package-V Balance work",2026-07,161.73,30.0,101.28,62.6229,0.07,0.0692,99.75,0.0,0.0,24.0,34.0,-10.0,1.4167,1.0,37.1271,0.6278,100.0,-0.25,7,8,0.0,0.25,0.07,87.16,14.25,14.4686,0,0,0,1,0,0,Ministry of Road Transport & Highways,Roads & Highways,NHIDCL,Nagaland
618423,Construction of 2-Lane with hard shoulders of Merangkong-Tamlu-Mon MTM Road from existing Km 20.456 to Km 41.065 Design Km. 20 to Km. 40.0 Design Length- 20.000 Km in the State of Nagaland under SARDP-NE Phase-A Pkg-2 Balance work,2026-07,215.79,65.0,173.12,80.2261,0.0,0.0,100.0,0.0,0.0,24.0,35.0,-11.0,1.4583,1.0,19.7739,0.8023,100.0,0.0,7,8,0.0,0.0,0.0,144.41,14.2857,24.7314,0,0,0,1,0,0,Ministry of Road Transport & Highways,Roads & Highways,NHIDCL,Nagaland
618424,Construction of 2-Laning with hard shoulders of Hayuliang Hawai bypass Road on EPC basis from design Km. 51.825 to Km. 63.131 Existing Km 45.050 of HayuliangHawai road to Hawai Town under SARDP-NE -Balance work Pkg - IV,2026-01,256.66,52.0,0.0,0.0,0.0,,93.0,0.0,0.0,24.0,56.0,-32.0,2.3333,1.0,93.0,0.0,100.0,-7.0,1,2,0.0,,0.0,,0.0,0.0,0,0,0,1,0,0,Ministry of Road Transport & Highways,Roads & Highways,NHIDCL,Arunachal Pradesh
618426,Construction/Up gradation of Existing road to 2 Lane with Paved Shoulder including Geometric Improvement from Ranipool to Pakyong Balance work from Km 2.000 to 16.167 of NH-717-A on EPC basis under SARDP-NE Phase A in the State of Sikkim,2026-07,264.84,58.0,127.34,48.0819,127.17,74805.8824,87.03,0.0,0.0,18.0,42.0,-24.0,2.3333,1.0,38.9481,0.5525,100.0,-12.97,5,6,0.0,0.99,127.17,127.34,1.006,25.468,0,0,0,1,0,0,Ministry of Road Transport & Highways,Roads & Highways,NHIDCL,Sikkim
618427,Construction & upgradation of existing road to 2-lane with paved shoulder including geometric improvement of Kafer- Lava More section from km 40.00 to km 61.100 of NH717-A on EPC under SARDP-NE A in state of West Bengal Pkg-VA,2026-07,311.02,4.0,268.2,86.2324,262.08,4282.3529,95.98,0.0,0.0,30.0,69.0,-39.0,2.3,1.0,9.7476,0.8984,100.0,-4.02,7,8,0.0,0.26,262.08,262.09,13.7114,37.4414,0,0,0,1,0,0,Ministry of Road Transport & Highways,Roads & Highways,NHIDCL,West Bengal
618428,Realignment of NH-717A from Design Ch.0.00 Km 77.800 of NH-10 to Design Ch.2.00 Km 3.100 of NH-717A with two lane paved shoulder including Major Bridge of 680 m in the State of Sikkim on EPC Mode-COS work,2026-07,264.84,3.0,70.71,26.6991,0.01,0.0141,100.0,0.0,0.0,24.0,63.0,-39.0,2.625,1.0,73.3009,0.267,100.0,0.0,5,6,0.0,0.0,0.01,9.44,1.0,3.248,0,0,0,1,0,0,Ministry of Road Transport & Highways,Roads & Highways,NHIDCL,Sikkim
618429,Construction & upgradation of existing road to 2-lane with paved shoulder including geometric improvement of sect. from Pedong bypass to Reshi Border km 79.700 to km 96.254 of NH-717A under SARDP-NE-A on EPC as part of Alternate connectivity to Gangtok Lava More-Reshi Border Pkg-VB,2026-07,345.38,4.0,418.73,121.2375,0.0,0.0,97.22,0.02,0.0206,18.0,69.0,-51.0,3.8333,1.0,-24.0175,1.247,100.0,-2.78,7,8,0.02,1.5,0.0,22.93,13.8886,59.8186,0,0,0,1,0,0,Ministry of Road Transport & Highways,Roads & Highways,NHIDCL,West Bengal
618430,Construction of alternative highway to Gangtok in Sikkim via Bagrakot -Chuikhim- Nimbong -Kafer-Bakhim-Algarah-Rhenock in the State of West Bengal and from Rhenok-Rorathang-Pakyong along with spur from Aritar-Rolep-Menla in the State of Sikkim from Km 0.00 to Km 13.00 of Bagrakot -Kafer section of NH 717A on EPC Mode under Phase-A of SARDP-NE in the State of West Bengal PKG- IVA,2026-07,402.94,19.0,261.9,64.9973,261.51,67053.8462,99.23,0.0,0.0,30.0,81.0,-51.0,2.7,1.0,34.2327,0.655,100.0,-0.77,7,8,0.0,0.69,261.51,261.9,14.1757,37.4143,0,0,0,1,0,0,Ministry of Road Transport & Highways,Roads & Highways,NHIDCL,West Bengal
618431,Construction of alternative highway to Gangtok in Sikkim via Bagrakot -Chuikhim- Nimbong -Kafer-Bakhim-Algarah-Rhenock in the State of West Bengal and from Rhenok-Rorathang-Pakyong along with spur from Aritar-Rolep-Menla in the State of Sikkim from Km 13.00 to Km 25.60 of Bagrakot -Kafer section of NH 717A on EPC Mode under Phase-A of SARDP-NE in the State of West Bengal PKG- IVB,2026-07,295.97,31.0,255.94,86.475,255.94,,97.73,0.0,0.0,30.0,69.0,-39.0,2.3,1.0,11.255,0.8848,100.0,-2.27,7,8,0.0,0.74,255.94,255.55,13.9614,36.5071,0,0,0,1,0,0,Ministry of Road Transport & Highways,Roads & Highways,NHIDCL,West Bengal
618432,Construction of Balance work of 2-Lane with PS of Joram-Koloriang Road NH-713 on EPC basis from Design Km 44.989 to Km 61.547 Existing Km 50.050 to Km 70.000 in the state of Arunachal Pradesh under SARDP-NE Pkg-3,2026-05,228.72,44.0,0.0,0.0,0.0,,99.52,0.0,0.0,18.0,67.0,-49.0,3.7222,1.0,99.52,0.0,100.0,-0.48,5,6,0.0,0.0,0.0,0.0,0.104,0.0,0,0,0,1,0,0,Ministry of Road Transport & Highways,Roads & Highways,NHIDCL,Arunachal Pradesh
618433,Construction of Balance work of 2-Lane with PS of Joram Koloriang Road from existing Km122.600 to km138.00 [Design Km108.724 to Km123.714] in Arunachal Pradesh on EPC Mode under SARDP-NE Pkg-7,2026-07,184.89,44.0,156.42,84.6017,156.42,,99.69,0.0,0.0,18.0,69.0,-51.0,3.8333,1.0,15.0883,0.8486,100.0,-0.31,7,8,0.0,0.0,156.42,156.42,0.2414,22.3457,0,0,0,1,0,0,Ministry of Road Transport & Highways,Roads & Highways,NHIDCL,Arunachal Pradesh
618434,Roing-Hunli Road Greenfield Alignment Project,2026-07,1718.59,13.0,1123.4,65.3675,934.16,493.6377,82.45,0.13,0.1579,48.0,100.0,-52.0,2.0833,1.0,17.0825,0.7928,100.0,-17.55,7,8,0.13,0.17,934.16,944.56,0.7786,160.4857,0,0,0,1,0,0,Ministry of Road Transport & Highways,Roads & Highways,NHIDCL,Arunachal Pradesh
618435,4-Laning from Rangagara to Kaliabor Tiniali from km 297.00 to km 315.315 of NH-37 on EPC basis under SARDP-NE in state of Assam,2026-06,386.51,21.0,360.25,93.2059,8.09,2.2973,97.13,0.0,0.0,30.0,104.0,-74.0,3.4667,1.0,3.9241,0.9596,100.0,-2.87,6,7,0.0,0.0,8.09,8.09,16.1883,60.0417,0,0,0,1,0,0,Ministry of Road Transport & Highways,Roads & Highways,NHIDCL,Assam
618436,4-Laning of Jamugurihat to end of Biswanath Chariali By-Pass from Km 182.000 to Km 208.000 of NH-52 on EPC mode in state of Assam under SARDP-NE,2026-07,599.0,21.0,432.62,72.2237,-2.27,-0.522,100.0,0.0,0.0,30.0,115.0,-85.0,3.8333,1.0,27.7763,0.7222,100.0,0.0,7,8,0.0,0.0,-2.27,27.52,14.2857,61.8029,0,0,0,1,0,0,Ministry of Road Transport & Highways,Roads & Highways,NHIDCL,Assam
618437,"Construction of Balance Work of 4-Laning of NH-37 Section between End of Moran Bypass to Bogibeel junction near Lapetketa Km. 561.700-Km. 580.875 under SARDP- NE, Phase 'A' in the State of Assam on EPC mode Pkg-I Road works & Toll Plaza",2026-07,274.34,104.0,116.66,42.5239,19.99,20.6786,100.0,0.0,0.0,6.0,22.0,-16.0,3.6667,1.0,57.4761,0.4252,100.0,0.0,7,8,0.0,0.0,19.99,23.23,0.0,16.6657,0,0,0,1,0,0,Ministry of Road Transport & Highways,Roads & Highways,NHIDCL,Assam
618438,"4-Laning of NH-37 Section between Demow to End of Moran Bypass From Km. 534.800 to Km. 561.700 including Emergency Landing Facility ELF under SARDP-NE, Phase 'A' in the State of Assam on EPC mode",2026-07,385.57,84.0,680.44,176.4764,-5.29,-0.7714,100.0,0.0,0.0,18.0,42.0,-24.0,2.3333,1.0,-76.4764,1.7648,100.0,0.0,7,8,0.0,0.0,-5.29,534.55,14.2857,97.2057,0,0,0,1,0,0,Ministry of Road Transport & Highways,Roads & Highways,NHIDCL,Assam
618439,"Construction of Balance Work of 4-Laning of the Section from Jorhat to Jhanji of NH- 37 Old from Km 453000 to Km 463000 10.000 Km, under SARDP- NE under EPC Mode in the state of Assam Pkg-I Road Works",2026-06,478.3,1.0,0.0,0.0,0.0,,96.79,0.0,0.0,6.0,28.0,-22.0,4.6667,1.0,96.79,0.0,100.0,-3.21,5,6,0.0,0.0,0.0,0.0,19.358,0.0,0,0,0,1,0,0,Ministry of Road Transport & Highways,Roads & Highways,NHIDCL,Assam
618440,"Construction of Balance Work of 4-Laning of the Section from Jhanji to Demow of NH- 37 Old from Km 490.800 to Km 534.800, under SARDP- NE on EPC Mode in the state of Assam Pkg- IV Structures & Toll Plaza",2026-07,187.09,105.0,16.71,8.9315,16.71,,58.19,0.0,0.0,12.0,21.0,-9.0,1.75,1.0,49.2585,0.1535,100.0,-41.81,6,7,0.0,58.19,16.71,16.71,9.6983,2.785,0,0,0,1,0,0,Ministry of Road Transport & Highways,Roads & Highways,NHIDCL,Assam
618441,"Construction of Balance Work of 4-Laning of the Section from Jhanji to Demow of NH- 37 Old from Km 490.800 to Km 501.800 11.000 Km, under SARDP- NE under EPC Mode in the state of Assam Pkg-I Road Works",2026-07,467.79,105.0,97.88,20.9239,97.88,,87.33,0.0,0.0,11.0,21.0,-10.0,1.9091,1.0,66.4061,0.2396,100.0,-12.67,7,8,0.0,87.33,97.88,25.75,12.4757,3.6786,0,0,0,1,0,0,Ministry of Road Transport & Highways,Roads & Highways,NHIDCL,Assam
618442,"Construction of Balance Work of the 4-Laning of the Section from Jorhat to Jhanji of NH-37 Old from Km 477.000 to Km 490800 13.800 Km, under SARDP- NE under EPC Mode in the state of Assam Pkg-III Road Works",2026-07,358.72,1.0,100.4,27.9884,-297.88,-74.7916,100.0,0.0,0.0,6.0,29.0,-23.0,4.8333,1.0,72.0116,0.2799,100.0,0.0,6,7,0.0,0.95,-297.88,100.33,0.3333,16.7333,0,0,0,1,0,0,Ministry of Road Transport & Highways,Roads & Highways,NHIDCL,Assam
618443,"Construction of Balance Work of the 4-Laning of the Section from Jorhat to Jhanji of NH-37 Old from Km 463.00 to Km 477.000 14.000 Km, under SARDP- NE under EPC Mode in the state of Assam Pkg-II Road Works",2026-06,438.44,1.0,0.0,0.0,0.0,,95.86,0.0,0.0,6.0,28.0,-22.0,4.6667,1.0,95.86,0.0,100.0,-4.14,5,6,0.0,0.0,0.0,0.0,0.172,0.0,0,0,0,1,0,0,Ministry of Road Transport & Highways,Roads & Highways,NHIDCL,Assam
618444,"Construction of Balance Work of the 4-Laning of the Section from Jorhat to Jhanji of NH-37 Old from Km 453.000 to Km 490.800, under SARDP- NE , under EPC Mode in the state of Assam Pkg-IV Structures & Toll Plaza",2026-06,279.01,1.0,398.54,142.8408,398.54,,94.73,0.0,0.0,6.0,28.0,-22.0,4.6667,1.0,-48.1108,1.5079,100.0,-5.27,5,6,0.0,0.0,398.54,398.54,0.146,79.708,0,0,0,1,0,0,Ministry of Road Transport & Highways,Roads & Highways,NHIDCL,Assam
618445,Construction of 2-Laning with hard shoulders of Demwe-Brahmakund section of NH- 13 from Ch.0.00 km to 18.464 km on EPC under SARDP-NE NHO-NE -Balance Work,2026-07,353.9,58.0,26.82,7.5784,26.82,,19.57,0.02,0.1023,30.0,13.0,17.0,0.4333,0.0,11.9916,0.3872,43.3333,-23.7633,5,6,0.02,0.94,26.82,26.82,0.914,5.364,0,0,0,0,0,0,Ministry of Road Transport & Highways,Roads & Highways,NHIDCL,Arunachal Pradesh
618446,Construction & Upgradation of existing road to 2-lane with paved shoulder from New Rolep Bridge at km 37.600 to Chochenpheri at km 52.00 in the section of Rongli to Chochenpheri of NH 717B Pkg-II C,2026-07,493.42,7.0,395.19,80.092,395.16,1317200.0,79.13,0.0,0.0,36.0,62.0,-26.0,1.7222,1.0,-0.962,1.0122,100.0,-20.87,7,8,0.0,0.3,395.16,395.19,2.1614,56.4557,0,0,0,1,0,0,Ministry of Road Transport & Highways,Roads & Highways,NHIDCL,Sikkim
618447,Construction of 2-Laning with Paved Shoulder of New Greenfield Alignment From Helipad near Menla at Km 82000 to Menla at Km 94030 of Rhenock-Menla Spur NH- 717B Package-IIIB on EPC Basis under SARDP-NE Phase 'A' in the State of Sikkim.,2026-07,410.6,1.0,241.77,58.8821,241.77,,82.64,0.0,0.0,36.0,65.0,-29.0,1.8056,1.0,23.7579,0.7125,100.0,-17.36,7,8,0.0,0.75,241.77,241.77,7.0914,34.5386,0,0,0,1,0,0,Ministry of Road Transport & Highways,Roads & Highways,NHIDCL,Sikkim
618448,Construction of 2-Laning with Paved Shoulder of New Greenfield Alignment From Chochenpheri at Km 52000 to Helipad near Menla at Km 82000 of Rhenock-Menla Spur NH-717B Package-IIIA on EPC Basis under SARDP-NE Phase 'A' in the State of Sikkim.,2026-07,816.79,2.0,474.96,58.1496,442.68,1371.3755,64.31,0.0,0.0,36.0,67.0,-31.0,1.8611,1.0,6.1604,0.9042,100.0,-35.69,7,8,0.0,1.06,442.68,442.68,9.1871,67.8514,0,0,0,1,0,0,Ministry of Road Transport & Highways,Roads & Highways,NHIDCL,Sikkim
618449,Construction & Upgradation of existing road to 2-lane with paved shoulder from km27.200 End of Rongli bypass to km37.600New Rolep Bridge of Rhenok-Menla spur NH-717B on EPC Mode under SARDP-NE Phase-A in Sikkim Pkg-II B,2026-07,230.45,3.0,249.71,108.3576,249.71,,86.19,0.0,0.0,30.0,69.0,-39.0,2.3,1.0,-22.1676,1.2572,100.0,-13.81,7,8,0.0,2.45,249.71,249.71,3.17,35.6729,0,0,0,1,0,0,Ministry of Road Transport & Highways,Roads & Highways,NHIDCL,Sikkim
618450,Rehabilitation & Upgradation of existing road to 2-lane with paved shoulder including geometric improvement of section from start of Rabangla km33.600 to km58.840 under SARDP-NE Phase A Pkg- IV,2026-07,292.8,3.0,253.63,86.6223,251.72,13179.0576,65.15,0.0,0.0,19.0,69.0,-50.0,3.6316,1.0,-21.4723,1.3296,100.0,-34.85,7,8,0.0,0.03,251.72,251.72,6.7357,35.96,0,0,0,1,0,0,Ministry of Road Transport & Highways,Roads & Highways,NHIDCL,Sikkim
618452,"2-laning of Zorinpui - Longmasu section of NH-502A from km 0.000 to km 28.244 in the State of Mizoram on EPC mode under NHO-NE, stretch of IMBR",2026-07,781.85,22.0,48.26,6.1725,0.12,0.2493,4.71,0.0,0.0,24.0,19.0,5.0,0.7917,0.0,-1.4625,1.3105,79.1667,-74.4567,6,7,0.0,0.0,0.12,27.48,0.1183,6.8,0,0,0,0,0,0,Ministry of Road Transport & Highways,Roads & Highways,NHIDCL,Mizoram
618454,"Earthwork in Formation, Road Work, Construction of Bridges, Blanketing, P. Way Linking works including Supply of P. Way Fittings and Track Ballast in connection with Construction of Railway Siding from Jogighopa Railway Station to MMLP at Jogighopa from Ch. 00 to 3760 on Item Rate basis Package -3, Railway Siding from Jogighopa Railway Station to MMLP",2026-07,693.97,10.0,40.17,5.7884,-1.61,-3.8535,93.23,0.0,0.0,18.0,67.0,-49.0,3.7222,1.0,87.4416,0.0621,100.0,-6.77,6,7,0.0,0.0,-1.61,2.57,15.5383,6.695,0,0,0,1,0,0,Ministry of Road Transport & Highways,Roads & Highways,NHIDCL,Assam
618455,Development of External Trunk Connectivity and Internal Infrastructure Works at Multi Model Logistics ParkMMLP at Jogighopa in the State of Assam on EPC Mode Package-I Road and Utility Works,2026-07,693.97,7.0,308.85,44.5048,-1.25,-0.4031,100.0,0.0,0.0,19.0,70.0,-51.0,3.6842,1.0,55.4952,0.445,100.0,0.0,7,8,0.0,0.0,-1.25,11.89,14.2857,44.1214,0,0,0,1,0,0,Ministry of Road Transport & Highways,Roads & Highways,NHIDCL,Assam
618456,Delhi-Vadodara Greenfield Alignment NH-148N Pkg-14 Ch. 388.420 to Ch. 419.000 [Junction with NH- 76 to Junction with NH-12 near village Ummedpura],2026-05,1119.35,18.0,975.7,87.1667,0.0,0.0,99.8,0.0,0.0,24.0,60.0,-36.0,2.5,1.0,12.6333,0.8734,100.0,-0.2,5,6,0.0,0.0,0.0,0.0,0.16,0.0,0,0,0,1,0,0,Ministry of Road Transport & Highways,Roads & Highways,National Highways Authority of India [NHAI],Rajasthan
618457,Delhi-Vadodara Greenfield Alignment NH-148N Pkg-10 Ch. 292.950 to Ch. 319.400 [End of Interchange on NH-166 near village Mui to Hardeoganj village near Indergarh],2026-07,1272.97,18.0,1150.13,90.3501,0.01,0.0009,95.25,0.0,0.0,24.0,62.0,-38.0,2.5833,1.0,4.8999,0.9486,100.0,-4.75,7,8,0.0,0.0,0.01,58.27,0.1786,11.4157,0,0,0,1,0,0,Ministry of Road Transport & Highways,Roads & Highways,NHAI,Rajasthan
618458,Delhi-Vadodara Greenfield Alignment NH-148N Pkg-15 Ch. 419.000 to Ch.427.300 [Junction with NH-12 near village Ummedpura to Major bridge over Takli river near Nayagaon Jageer village],2026-07,1854.68,12.0,1530.92,82.5436,35.43,2.3691,98.28,2.76,2.8894,30.0,60.0,-30.0,2.0,1.0,15.7364,0.8399,100.0,-1.72,7,8,2.76,3.2,35.43,106.8,1.8971,37.1629,0,0,0,1,0,0,Ministry of Road Transport & Highways,Roads & Highways,NHAI,Rajasthan
618459,Delhi-Vadodara Greenfield Alignment NH-148N Pkg-26 Ch.696890 to Ch.726390,2026-07,1555.2,27.0,1288.32,82.8395,15.01,1.1788,85.5,3.9,4.7794,20.0,43.0,-23.0,2.15,1.0,2.6605,0.9689,100.0,-14.5,7,8,3.9,3.9,15.01,153.18,1.9286,49.5257,0,0,0,1,0,0,Ministry of Road Transport & Highways,Roads & Highways,NHAI,Gujarat
618460,Delhi-Vadodara Greenfield Alignment NH-148N Pkg-28 Ch.756052 to Ch.781282,2026-06,1263.38,14.0,934.98,74.0062,69.11,7.9816,100.0,0.0,0.0,24.0,55.0,-31.0,2.2917,1.0,25.9938,0.7401,100.0,0.0,6,7,0.0,0.0,69.11,69.11,0.6667,12.4267,0,0,0,1,0,0,Ministry of Road Transport & Highways,Roads & Highways,NHAI,Gujarat
618461,Delhi-Vadodara Greenfield Alignment NH-148N Pkg-30 Ch 803420 to Ch.824920 [Baletiya Village - Junction near Pratap Nagar Village],2026-02,1800.73,22.0,1090.06,60.5343,0.0,0.0,99.0,0.0,0.0,24.0,53.0,-29.0,2.2083,1.0,38.4657,0.6115,100.0,-1.0,2,3,0.0,0.0,0.0,0.0,0.0,0.0,0,0,0,1,0,0,Ministry of Road Transport & Highways,Roads & Highways,National Highways Authority of India [NHAI],Gujarat
618462,Delhi-Vadodara Greenfield Alignment NH-148N Pkg-31 Ch.824920 to Ch.844382 [Junction near Pratap nagar Village - Junction near Dodka Village],2026-07,1644.85,18.0,1297.76,78.8984,0.29,0.0224,100.0,0.0,0.0,24.0,62.0,-38.0,2.5833,1.0,21.1016,0.789,100.0,0.0,7,8,0.0,0.0,0.29,307.66,0.7143,53.0043,0,0,0,1,0,0,Ministry of Road Transport & Highways,Roads & Highways,NHAI,Gujarat
618463,Vadodara Mumbai Expressway Kim to Ankleshwar Phase IA - Pkg V,2026-07,1324.84,21.0,1546.7,116.7462,75.43,5.1269,91.34,0.0,0.0,23.0,80.0,-57.0,3.4783,1.0,-25.4062,1.2781,100.0,-8.66,7,8,0.0,0.0,75.43,270.78,4.3343,44.9257,0,0,0,1,0,0,Ministry of Road Transport & Highways,Roads & Highways,NHAI,Gujarat
618464,Vadodara Mumbai Expressway Ena -Kim Phase IB - Pkg VI [Km 217.500 to Km 254.430],2026-05,2271.86,19.0,2574.42,113.3177,0.0,0.0,98.9,0.0,0.0,24.0,53.0,-29.0,2.2083,1.0,-14.4177,1.1458,100.0,-1.1,3,4,0.0,0.0,0.0,0.14,0.3,0.0467,0,0,0,1,0,0,Ministry of Road Transport & Highways,Roads & Highways,National Highways Authority of India [NHAI],Gujarat
618465,Vadodara Mumbai Expressway Gandeva to Ena Phase IB - Pkg VII [Km 190.00 to Km 217.500],2026-05,1710.3,16.0,2158.87,126.2276,0.0,0.0,97.05,0.0,0.0,24.0,54.0,-30.0,2.25,1.0,-29.1776,1.3006,100.0,-2.95,5,6,0.0,0.0,0.0,6.44,9.01,1.304,0,0,0,1,0,0,Ministry of Road Transport & Highways,Roads & Highways,National Highways Authority of India [NHAI],Gujarat
618466,Vadodara Mumbai Expressway Jujuwa - Gandeva from Km. 154.600 to Km. 190.000 Phase-I Package-VIII,2026-06,3834.24,13.0,197.98,5.1635,0.85,0.4312,4.85,0.0,0.0,19.0,22.0,-3.0,1.1579,1.0,-0.3135,1.0646,100.0,-95.15,4,5,0.0,0.0,0.85,0.85,0.2125,0.2125,0,0,0,1,0,0,Ministry of Road Transport & Highways,Roads & Highways,NHAI,Gujarat
618467,Vadodara Mumbai Expressway Karvad - Jujuwa from Km. 128.000 to Km. 154.600 Phase-I Package-IX,2026-07,2594.17,9.0,235.55,9.08,8.93,3.9405,21.75,0.0,0.0,18.0,27.0,-9.0,1.5,1.0,12.67,0.4175,100.0,-78.25,5,6,0.0,0.0,8.93,22.67,0.15,4.766,0,0,0,1,0,0,Ministry of Road Transport & Highways,Roads & Highways,NHAI,Gujarat
618468,Vadodara Mumbai Expressway Phase II - Pkg XI [Km. 77.000 to Km. 103.400] Ganjad - Talsari,2026-05,1524.71,23.0,813.35,53.3446,0.0,0.0,99.76,0.0,0.0,24.0,48.0,-24.0,2.0,1.0,46.4154,0.5347,100.0,-0.24,5,6,0.0,0.0,0.0,0.0,0.152,0.056,0,0,0,1,0,0,Ministry of Road Transport & Highways,Roads & Highways,National Highways Authority of India [NHAI],Maharashtra
618469,Vadodara Mumbai Expressway Phase II - Pkg XIII [Km. 26.582 to Km. 50.700] Shirsad - Masvan,2026-07,3536.9,20.0,1986.56,56.1667,141.86,7.6901,98.2,7.34,8.0784,24.0,53.0,-29.0,2.2083,1.0,42.0333,0.572,100.0,-1.8,7,8,7.34,7.34,141.86,193.08,1.6,39.8957,0,0,0,1,0,0,Ministry of Road Transport & Highways,Roads & Highways,NHAI,Maharashtra
618470,Vadodara Mumbai Expressway Phase II - Pkg XIV [Km. 3.000 to Km. 20.200 of Spur] Shirsad - Akloli,2026-07,2058.79,18.0,634.55,30.8215,0.01,0.0016,98.0,0.0,0.0,18.0,44.0,-26.0,2.4444,1.0,67.1785,0.3145,100.0,-2.0,7,8,0.0,0.3,0.01,4.49,2.5714,13.2943,0,0,0,1,0,0,Ministry of Road Transport & Highways,Roads & Highways,NHAI,Maharashtra
618471,Vadodara Mumbai Expressway Phase II - Pkg XV [Km. 20.200 to Km. 43.000 of Spur] Akloli - Amne,2026-07,2610.88,18.0,651.95,24.9705,29.72,4.7764,94.6,3.1,3.388,18.0,44.0,-26.0,2.4444,1.0,69.6295,0.264,100.0,-5.4,7,8,3.1,3.1,29.72,30.08,0.6571,11.4557,0,0,0,1,0,0,Ministry of Road Transport & Highways,Roads & Highways,NHAI,Maharashtra
618472,Vadodara Mumbai Expressway Phase II - Pkg XVI [Km. 43.000 to Km. 69.800 of Spur] Amne - Bhoj,2026-07,4051.8,17.0,952.69,23.5128,-30.2,-3.0726,95.5,4.8,5.2922,23.0,44.0,-21.0,1.913,1.0,71.9872,0.2462,100.0,-4.5,7,8,4.8,4.8,-30.2,46.88,1.3571,18.3314,0,0,0,1,0,0,Ministry of Road Transport & Highways,Roads & Highways,NHAI,Maharashtra
618473,Vadodara Mumbai Expressway Phase II - Pkg XVII [Km. 69.800 to Km. 79.783 of Spur] Bhoj - Morbe,2026-07,2208.68,16.0,931.24,42.1627,41.8,4.6996,90.73,4.94,5.7582,30.0,42.0,-12.0,1.4,1.0,48.5673,0.4647,100.0,-9.27,7,8,4.94,4.94,41.8,56.92,0.9614,18.4471,0,0,0,1,0,0,Ministry of Road Transport & Highways,Roads & Highways,NHAI,Maharashtra
618475,Bangalore Chennai Expressway Phase-II Pkg-II from km.96.000 to Km 127.000 Baireddypalle to Bangarupalem section,2026-07,2548.04,28.0,1332.41,52.2916,4.77,0.3593,94.24,0.92,0.9859,24.0,37.0,-13.0,1.5417,1.0,41.9484,0.5549,100.0,-5.76,7,8,0.92,1.65,4.77,105.33,1.8914,39.1871,0,0,0,1,0,0,Ministry of Road Transport & Highways,Roads & Highways,NHAI,Andhra Pradesh
618476,Bangalore Chennai Expressway Phase-II Pkg-III from km.127.000 to Km 156.000 Bangarupalem to Gudipala section,2026-07,1407.33,23.0,868.62,61.7211,0.01,0.0012,99.46,0.0,0.0,24.0,45.0,-21.0,1.875,1.0,37.7389,0.6206,100.0,-0.54,7,8,0.0,0.0,0.01,117.92,0.0657,27.5886,0,0,0,1,0,0,Ministry of Road Transport & Highways,Roads & Highways,NHAI,Andhra Pradesh
618477,Bangalore Chennai Expressway Phase-III Package I Gudipala to Walajajhpet from Km 156.000 to Km 180.000,2026-07,1481.87,19.0,746.74,50.3917,0.01,0.0013,99.02,0.0,0.0,24.0,50.0,-26.0,2.0833,1.0,48.6283,0.5089,100.0,-0.98,7,8,0.0,0.0,0.01,35.68,1.1457,5.1,0,0,0,1,0,0,Ministry of Road Transport & Highways,Roads & Highways,NHAI,"Multi-States
(Andhra Pradesh,
Tamil Nadu)"
618478,Bangalore Chennai Expressway Phase-III Package II Walajahpet to Arakkonam from Km 180.000 to Km 204.500,2026-07,1106.65,18.0,593.0,53.5851,1.09,0.1841,93.04,0.0,0.0,24.0,48.0,-24.0,2.0,1.0,39.4549,0.5759,100.0,-6.96,7,8,0.0,0.0,1.09,2.92,0.4343,13.8514,0,0,0,1,0,0,Ministry of Road Transport & Highways,Roads & Highways,NHAI,Tamil Nadu
618479,Bangalore Chennai Expressway Phase-III Package III Arakkonam to Kancheepuram from Km 204.500 to Km 230.000,2026-07,1525.1,20.0,360.95,23.6673,0.3,0.0832,53.56,0.0,0.0,23.0,47.0,-24.0,2.0435,1.0,29.8927,0.4419,100.0,-46.44,7,8,0.0,0.0,0.3,0.65,0.08,1.02,0,0,0,1,0,0,Ministry of Road Transport & Highways,Roads & Highways,NHAI,Tamil Nadu
618480,Construction of Trumpet Interchange Connecting Bangalore Chennai Expressway km.261705 to km. 262800 with Maduravoyal to Walajapet Section of NH 48 near Sriperumbudur Toll Plaza at km. 35700,2026-07,162.55,9.0,54.98,33.8234,2.51,4.7837,38.52,0.0,0.0,18.0,29.0,-11.0,1.6111,1.0,4.6966,0.8781,100.0,-61.48,5,6,0.0,2.71,2.51,6.8,2.904,3.854,0,0,0,1,0,0,Ministry of Road Transport & Highways,Roads & Highways,NHAI,Tamil Nadu
618481,4L Bangalore-Chennai Expressway from Km. 230.000 to Km. 261.705 of Kanchepuram to Sriperumbudur Section Phase-III/Package-IV,2026-07,3605.73,17.0,987.38,27.3836,57.09,6.1368,89.97,0.0,0.0,24.0,48.0,-24.0,2.0,1.0,62.5864,0.3044,100.0,-10.03,7,8,0.0,1.83,57.09,69.29,3.9957,15.6071,0,0,0,1,0,0,Ministry of Road Transport & Highways,Roads & Highways,NHAI,Tamil Nadu
618482,Delhi-Amritsar-Katra Expressway Phase-I Pkg-I from Jussur Kheri on NH-KMP Expressway to Junction with Rohtak-Panipat road NH-709 near Rukhi Paani village Km 0000 to Km 34000,2026-07,1866.49,12.0,1609.72,86.2432,0.0,0.0,99.91,0.0,0.0,24.0,55.0,-31.0,2.2917,1.0,13.6668,0.8632,100.0,-0.09,5,6,0.0,0.0,0.0,528.16,0.182,129.098,0,0,0,1,0,0,Ministry of Road Transport & Highways,Roads & Highways,NHAI,Haryana
618483,Delhi-Amritsar-Katra Expressway Phase-I Pkg-II from Junction with Rohtak-Panipat road NH-709 near Rukhi Paani village to Junction with Jind-Panipat road NH-352A near Gangana village Km 34000 to Km 60800,2026-07,1533.87,13.0,1176.23,76.6838,0.0,0.0,99.89,0.0,0.0,24.0,54.0,-30.0,2.25,1.0,23.2062,0.7677,100.0,-0.11,5,6,0.0,0.0,0.0,205.14,0.178,59.376,0,0,0,1,0,0,Ministry of Road Transport & Highways,Roads & Highways,NHAI,Haryana
618484,Delhi-Amritsar-Katra Expressway Phase-I Pkg-III from Junction with Jind-Panipat road NH-352A near Gangana village to Junction with Jind-Karnal road NH-709A near Alewa village Km 60800 to Km 91400,2026-05,1606.27,12.0,631.62,39.3222,0.0,0.0,79.08,0.0,0.0,24.0,53.0,-29.0,2.2083,1.0,39.7578,0.4972,100.0,-20.92,5,6,0.0,0.0,0.0,0.0,0.016,0.0,0,0,0,1,0,0,Ministry of Road Transport & Highways,Roads & Highways,National Highways Authority of India [NHAI],Haryana
618485,Delhi-Amritsar-Katra Expressway Phase-I Pkg-IV from Junction with Jind-Karnal road NH-709A near Alewa village to Junction with Ambala-Kaithal-Hissar road NH-152 near Kharak Pandwa village Km 91400 to Km 120250,2026-05,1306.95,11.0,563.2,43.0927,0.0,0.0,76.13,0.0,0.0,24.0,53.0,-29.0,2.2083,1.0,33.0373,0.566,100.0,-23.87,5,6,0.0,0.0,0.0,0.0,0.026,0.0,0,0,0,1,0,0,Ministry of Road Transport & Highways,Roads & Highways,National Highways Authority of India [NHAI],Haryana
618486,Delhi-Amritsar-Katra Expressway Phase-I Pkg-V from Junction with Ambala-Kaithal- Hissar road NH-152 near Kharak Pandwa village to Junction with Patiala-Samana- Patran road SH-10 near Ghagga village Km 120250 to Km 157920,2026-07,1741.86,16.0,1508.2,86.5856,76.31,5.3293,98.7,0.0,0.0,24.0,50.0,-26.0,2.0833,1.0,12.1144,0.8773,100.0,-1.3,6,7,0.0,0.0,76.31,583.62,0.1167,105.9333,0,0,0,1,0,0,Ministry of Road Transport & Highways,Roads & Highways,NHAI,"Multi-States
(Haryana, Punjab)"
618487,Delhi-Amritsar-Katra Expressway Phase-I Pkg-VII from Junction with Patiala-Bathinda road NH-7 near Bhawanigarh to Junction with Ludhiana-Malerhkotla SH-11 near Bhogiwal village Km 188830 to km 225770,2026-05,1759.82,19.0,1250.45,71.0556,0.0,0.0,95.8,0.0,0.0,24.0,46.0,-22.0,1.9167,1.0,24.7444,0.7417,100.0,-4.2,5,6,0.0,0.0,0.0,0.0,0.16,6.648,0,0,0,1,0,0,Ministry of Road Transport & Highways,Roads & Highways,National Highways Authority of India [NHAI],Punjab
618488,Delhi-Amritsar-Katra Expressway Phase-I Pkg-VIII from Junction with Ludhiana- Malerkotla SH-11 near Bhogiwal village to Junction with Ludhiana-Moga road NH-5 near Mullanpur Dakha Km 225770 to km 260860,2026-06,1895.74,27.0,1274.51,67.2302,522.56,69.494,31.08,0.0,0.0,24.0,39.0,-15.0,1.625,1.0,-36.1502,2.1631,100.0,-68.92,6,7,0.0,0.0,522.56,522.56,0.0133,87.0933,0,0,0,1,0,0,Ministry of Road Transport & Highways,Roads & Highways,NHAI,Punjab
618489,Delhi-Amritsar-Katra Expressway Phase-I Pkg-IX from Junction with Ludhiana-Moga road NH-5 near Mullanpur Dakha to Junction with Jalandhar - Moga road NH-703 near Kang Sahibu village Km 260860 to km 303900,2026-07,1851.47,19.0,1935.88,104.5591,1.18,0.061,73.35,0.0,0.0,24.0,48.0,-24.0,2.0,1.0,-31.2091,1.4255,100.0,-26.65,7,8,0.0,0.03,1.18,565.52,0.6214,90.0671,0,0,0,1,0,0,Ministry of Road Transport & Highways,Roads & Highways,NHAI,Punjab
618490,Delhi-Amritsar-Katra Expressway Phase-I Pkg-X from Jn. with Jalandhar - Moga road NH-703 to Jn. with Jalandhar-Kapurthala road NH-703A and to Jn. with Kapurthala - Sultanpur Lodhi road NH-703A km 000 to km 24000 to Amritsar connectivity,2026-06,2177.54,19.0,1524.23,69.9978,519.95,51.7734,62.99,0.0,0.0,24.0,47.0,-23.0,1.9583,1.0,-7.0078,1.1113,100.0,-37.01,6,7,0.0,0.0,519.95,519.95,0.165,86.6583,0,0,0,1,0,0,Ministry of Road Transport & Highways,Roads & Highways,NHAI,Punjab
618491,Delhi-Amritsar-Katra Expressway Phase-I Pkg-XI from Junction with Jalandhar - Kapurthala road NH-703A near khojewal village to Junction with Amritsar-Mehta- SriHargobindpur-Tanda road NH-503A near SriHargobindpur Km 319400 to km 362420,2026-06,2175.35,20.0,1377.13,63.3061,435.94,46.318,43.45,0.0,0.0,24.0,43.0,-19.0,1.7917,1.0,-19.8561,1.457,100.0,-56.55,6,7,0.0,0.0,435.94,435.94,0.075,72.6567,0,0,0,1,0,0,Ministry of Road Transport & Highways,Roads & Highways,NHAI,Punjab
618492,Delhi-Amritsar-Katra Expressway Phase-I Pkg-XII from Junction with Amritsar-Mehta- SriHargobindpur-Tanda road NH-503A near SriHargobindpur to Junction with Pathankot-Gurdaspur road NH-54 near Gurdaspur Km 362420 to km 397700,2026-07,1734.18,47.0,780.61,45.0132,7.08,0.9153,27.6,0.08,0.2907,24.0,17.0,7.0,0.7083,0.0,-17.4132,1.6309,70.8333,-43.2333,7,8,0.08,0.55,7.08,309.69,0.3714,44.31,0,0,0,0,0,0,Ministry of Road Transport & Highways,Roads & Highways,NHAI,Punjab
618493,Delhi-Amritsar-Katra Expressway Phase-I Spur-I from Jn. with Kapurthala - Sultanpur Lodhi Road NH-703A near Isharwal village to Jn. with Kapurthala - Tarn Taran road NH-703AA near Goinwal Sahib [Km 24000 to Km 41000 of Amritsar connectivity],2026-07,2165.23,16.0,618.22,28.5522,14.42,2.3882,34.79,1.3,3.8818,36.0,39.0,-3.0,1.0833,1.0,6.2378,0.8207,100.0,-65.21,7,8,1.3,2.1,14.42,195.77,1.1129,41.0071,0,0,0,1,0,0,Ministry of Road Transport & Highways,Roads & Highways,NHAI,Punjab
618494,Delhi-Amritsar-Katra Expressway Phase-II Pkg-XV [Junction with Hiranagar Road near village Gurha Baildaran to Junction with Jammu Ring Road NH-244A near Jakh village from Km 468100 to Km 503250],2026-07,2714.95,11.0,1846.59,68.0156,13.0,0.709,90.01,0.49,0.5474,24.0,46.0,-22.0,1.9167,1.0,21.9944,0.7556,100.0,-9.99,7,8,0.49,0.64,13.0,190.72,0.2871,34.8543,0,0,0,1,0,0,Ministry of Road Transport & Highways,Roads & Highways,NHAI,"Jammu and
Kashmir"
618495,4/6L Access Control Expressway from Design Chainage Km 515.000 to 528.300 Kunjwani to Sidhra Section of NH-44 and from Design Chainage Km 550.900 to Km 566.520 Domel to Katra Section Phase II-Package XVII,2026-07,2894.74,12.0,1016.96,35.1313,20.22,2.0286,66.74,0.57,0.8614,24.0,37.0,-13.0,1.5417,1.0,31.6087,0.5264,100.0,-33.26,7,8,0.57,2.06,20.22,169.29,1.9629,47.73,0,0,0,1,0,0,Ministry of Road Transport & Highways,Roads & Highways,NHAI,"Jammu and
Kashmir"
618496,Delhi-Amritsar-Katra Expressway Phase-II Pkg-XVI Existing Jakh Vijaypur-Kunjwani section of NH-44 including spur Connectivity to Jammu Airport NH-144A [Km 503500 to km 514500],2026-07,1821.72,12.0,1238.6,67.9907,0.84,0.0679,94.14,0.0,0.0,24.0,46.0,-22.0,1.9167,1.0,26.1493,0.7222,100.0,-5.86,7,8,0.0,0.0,0.84,67.47,0.3057,16.9,0,0,0,1,0,0,Ministry of Road Transport & Highways,Roads & Highways,NHAI,"Jammu and
Kashmir"
618497,Delhi Amritsar Katra Expressway Phase-II Pkg XVIII Development and Upgradation of Four lane Access Control Expressway from Design Chainage KM 530.00 to KM 545.300 Sidhra to Domel Section of NH-44,2026-07,1025.73,11.0,631.2,61.5367,24.74,4.0794,70.17,2.67,3.9556,24.0,32.0,-8.0,1.3333,1.0,8.6333,0.877,100.0,-29.83,7,8,2.67,3.48,24.74,66.72,2.7386,28.2114,0,0,0,1,0,0,Ministry of Road Transport & Highways,Roads & Highways,NHAI,"Jammu and
Kashmir"
618498,6L Greenfield Kanpur - Lucknow Expressway Pkg II from km. 28.500 to km. 73.744,2026-05,2471.56,11.0,1178.84,47.6962,0.0,0.0,99.8,0.0,0.0,30.0,42.0,-12.0,1.4,1.0,52.1038,0.4779,100.0,-0.2,5,6,0.0,0.0,0.0,0.0,2.56,3.2,0,0,0,1,0,0,Ministry of Road Transport & Highways,Roads & Highways,National Highways Authority of India [NHAI],Uttar Pradesh
618499,6L Elevated Kanpur - Lucknow Exeressway Pkg-1 from Km. 10980 to Km. 28500,2026-07,1972.94,14.0,770.81,39.0691,0.0,0.0,100.0,0.0,0.0,29.0,41.0,-12.0,1.4138,1.0,60.9309,0.3907,100.0,0.0,7,8,0.0,5.86,0.0,1.36,3.5714,0.7486,0,0,0,1,0,0,Ministry of Road Transport & Highways,Roads & Highways,NHAI,Uttar Pradesh
618500,Construction of 4L Connector from Delhi Meerut Expressway Km 50.000 of Pkg IV to Km 8.520 of NH-235 Pkg-5,2026-07,1081.39,6.0,455.0,42.0755,12.02,2.7134,78.0,0.0,0.0,24.0,52.0,-28.0,2.1667,1.0,35.9245,0.5394,100.0,-22.0,7,8,0.0,2.0,12.02,13.09,0.2857,7.6657,0,0,0,1,0,0,Ministry of Road Transport & Highways,Roads & Highways,NHAI,Uttar Pradesh
618501,Ahmedabad - Dholera Pkg I from km. 0.00 to km. 22.00 [Sardar Patel Ring Road - Sindhrej Village],2026-05,1298.0,20.0,1024.93,78.9622,12.48,1.2327,100.0,0.0,0.0,24.0,52.0,-28.0,2.1667,1.0,21.0378,0.7896,100.0,0.0,5,6,0.0,0.0,12.48,17.34,0.2,5.99,0,0,0,1,0,0,Ministry of Road Transport & Highways,Roads & Highways,National Highways Authority of India [NHAI],Gujarat
618502,Ahmedabad - Dholera Pkg II from km. 22.00 to km. 48.52 [Sindhrej Village - Vejallka Village],2026-05,1415.34,20.0,1427.49,100.8585,72.56,5.3553,100.0,0.0,0.0,24.0,52.0,-28.0,2.1667,1.0,-0.8585,1.0086,100.0,0.0,5,6,0.0,0.53,72.56,82.11,0.2,88.984,0,0,0,1,0,0,Ministry of Road Transport & Highways,Roads & Highways,National Highways Authority of India [NHAI],Gujarat
618503,Ahmedabad - Dholera Pkg III from km. 48.52 to km. 71.06 [Vejallka Village - Start of DSIR zone],2026-07,1034.04,14.0,1125.55,108.8498,0.0,0.0,100.0,0.0,0.0,24.0,60.0,-36.0,2.5,1.0,-8.8498,1.0885,100.0,0.0,7,8,0.0,0.0,0.0,115.78,0.1429,26.1771,0,0,0,1,0,0,Ministry of Road Transport & Highways,Roads & Highways,NHAI,Gujarat
618504,Ahmedabad - Dholera Pkg IV from km. 71.06 to km. 109.019 [Start of DSIR zone - Adhelai Village],2026-07,1181.76,19.0,1222.79,103.4719,0.14,0.0115,98.08,0.09,0.0918,24.0,55.0,-31.0,2.2917,1.0,-5.3919,1.055,100.0,-1.92,7,8,0.09,0.09,0.14,16.35,0.1543,2.9414,0,0,0,1,0,0,Ministry of Road Transport & Highways,Roads & Highways,NHAI,Gujarat
618505,Additional Structures on 6LGurgaon-Jaipur Section of NH-48 between KM 42.700 to KM 273.00,2026-07,409.64,4.0,200.31,48.899,0.77,0.3859,88.9,0.0,0.0,18.0,43.0,-25.0,2.3889,1.0,40.001,0.55,100.0,-11.1,7,8,0.0,0.0,0.77,1.37,0.5571,2.1857,0,0,0,1,0,0,Ministry of Road Transport & Highways,Roads & Highways,NHAI,"Multi-States
(Haryana,
Rajasthan)"
618506,"Construction of Additional Structures, Improvement of Service Road & Maintenance of Six Lane Gurgaon-Jaipur Section of NH-48 old NH-8 between km 42700 to km 107100 in the State of Haryana",2026-07,401.74,12.0,131.79,32.8048,15.36,13.1925,61.38,5.33,9.5094,24.0,14.0,10.0,0.5833,0.0,28.5752,0.5345,58.3333,3.0467,5,6,5.33,10.73,15.36,26.57,4.676,13.02,0,0,0,0,0,0,Ministry of Road Transport & Highways,Roads & Highways,NHAI,Haryana
618507,"Balance work of Six Laning of Shamlaji-Motachiloda from Km. 401.200 to Km.494.410 section Design Chainage Km.447.385 to Km 540.595, Length- 93.210 Km of old NH-8 NH-48 in the state of Gujarat on single Percentage Item Rate Contract",2026-07,466.8,2.0,577.62,123.7404,0.31,0.0537,91.83,0.03,0.0327,10.0,23.0,-13.0,2.3,1.0,-31.9104,1.3475,100.0,-8.17,5,6,0.03,2.33,0.31,23.25,4.166,29.028,0,0,0,1,0,0,Ministry of Road Transport & Highways,Roads & Highways,NHAI,Gujarat
618508,Construction of Additional Structures including Approaches in Vadodara Surat Section of NH48 between existing Km. 108.000 to Km. 250.000,2026-07,907.39,10.0,368.63,40.6253,22.46,6.4881,48.73,0.0,0.0,24.0,18.0,6.0,0.75,0.0,8.1047,0.8337,75.0,-26.27,5,6,0.0,0.73,22.46,22.75,2.946,25.576,0,0,0,0,0,0,Ministry of Road Transport & Highways,Roads & Highways,NHAI,Gujarat
618509,Development of 6L UER II [Package - I] NH-1 Near Bakoli till Karala Kanjhawala Road from km. 0.70 to km.15.00,2026-07,2089.94,15.0,1834.91,87.7973,9.37,0.5133,99.99,0.0,0.0,24.0,57.0,-33.0,2.375,1.0,12.1927,0.8781,100.0,-0.01,7,8,0.0,0.0,9.37,25.14,0.1414,5.8186,0,0,0,1,0,0,Ministry of Road Transport & Highways,Roads & Highways,NHAI,Delhi
618511,Upgradation & rehabilitation of Service Roads on both sides in urban areas of Pune City on PuneSatara section of NH48,2026-07,604.59,5.0,66.39,10.981,0.1,0.1509,24.08,1.12,4.878,24.0,13.0,11.0,0.5417,0.0,13.099,0.456,54.1667,-30.0867,5,6,1.12,5.23,0.1,12.23,2.216,4.536,0,0,0,0,0,0,Ministry of Road Transport & Highways,Roads & Highways,NHAI,Maharashtra
618512,Tunnel at Khambataki Ghat Section and its approaches from existing Km. 771.730 to existing Km. 782.000,2026-07,907.03,15.0,686.79,75.7186,8.81,1.2994,89.2,0.04,0.0449,36.0,89.0,-53.0,2.4722,1.0,13.4814,0.8489,100.0,-10.8,7,8,0.04,1.7,8.81,141.59,0.6,23.7514,0,0,0,1,0,0,Ministry of Road Transport & Highways,Roads & Highways,NHAI,Maharashtra
618513,6L of Kagal-Satara section from Km 592.500 to Km 658.000 of NH-48 Pkg-I,2026-07,2111.95,13.0,634.07,30.023,0.0,0.0,51.14,5.67,12.4698,24.0,42.0,-18.0,1.75,1.0,21.117,0.5871,100.0,-48.86,7,8,5.67,5.67,0.0,2.11,0.3057,2.91,0,0,0,1,0,0,Ministry of Road Transport & Highways,Roads & Highways,NHAI,Maharashtra
618514,6L of Kagal-Satara section from Km 658.000 to Km 725.000 of NH-48 Pkg-II,2026-07,2330.71,12.0,206.68,8.8677,1.44,0.7016,90.12,16.16,21.8496,24.0,43.0,-19.0,1.7917,1.0,81.2523,0.0984,100.0,-9.88,7,8,16.16,16.16,1.44,9.45,2.8743,5.0943,0,0,0,1,0,0,Ministry of Road Transport & Highways,Roads & Highways,NHAI,Maharashtra
618515,6L from Belgaum to Sankeshwar Bypass from Km. 515.000 to Km. 555.017 of NH-48 Pkg-I,2026-05,1479.3,11.0,1178.31,79.6532,0.2,0.017,100.0,0.0,0.0,30.0,43.0,-13.0,1.4333,1.0,20.3468,0.7965,100.0,0.0,5,6,0.0,0.0,0.2,42.0,1.0,13.556,0,0,0,1,0,0,Ministry of Road Transport & Highways,Roads & Highways,National Highways Authority of India [NHAI],"Multi-States
(Karnataka,
Maharashtra)"
618516,6L from Sankeshwar Bypass to MH-KNT Border from Km. 555.017 to Km. 592.853 of NH-48 Pkg-II,2026-07,1388.7,9.0,1183.98,85.2582,27.12,2.3443,85.3,0.5,0.5896,30.0,45.0,-15.0,1.5,1.0,0.0418,0.9995,100.0,-14.7,7,8,0.5,1.0,27.12,30.95,1.4714,27.8243,0,0,0,1,0,0,Ministry of Road Transport & Highways,Roads & Highways,NHAI,"Multi-States
(Karnataka,
Maharashtra)"
618517,4/6L of Bangalore - Pune Section of bypass connecting Dharwad - Hubli from km. 403.80 to km. 433.20,2026-07,1135.39,15.0,744.42,65.5651,0.17,0.0228,83.19,0.0,0.0,30.0,40.0,-10.0,1.3333,1.0,17.6249,0.7881,100.0,-16.81,7,8,0.0,0.0,0.17,5.14,1.0271,12.13,0,0,0,1,0,0,Ministry of Road Transport & Highways,Roads & Highways,NHAI,Karnataka
618518,Davanagere - Haveri of NH-48 Old NH-4 from km. 260.00 to km. 338.923,2026-07,1454.67,12.0,1273.5,87.5456,0.01,0.0008,98.87,0.0,0.0,30.0,102.0,-72.0,3.4,1.0,11.3244,0.8855,100.0,-1.13,5,6,0.0,0.0,0.01,582.86,0.174,127.928,0,0,0,1,0,0,Ministry of Road Transport & Highways,Roads & Highways,NHAI,Karnataka
618519,Bangalore Ring Road STRR-NH-948A- Package-I of Phase-III from Belagondapalli TN to TN/KNT border from km 144.480 to 179.969,2026-07,1260.74,14.0,777.0,61.6305,12.97,1.6976,92.95,2.27,2.5033,24.0,38.0,-14.0,1.5833,1.0,31.3195,0.663,100.0,-7.05,7,8,2.27,4.2,12.97,120.92,4.9929,40.0429,0,0,0,1,0,0,Ministry of Road Transport & Highways,Roads & Highways,NHAI,"Multi-States
(Karnataka, Tamil
Nadu)"
618520,4L of km 0.00 to km 42.00 of Dobbaspet to Doddaballapura Bypass section of NH-648 old NH-207] [Bangalore Ring Road Pkg 1],2026-07,1438.74,8.0,1294.84,89.9982,65.85,5.3581,99.2,0.0,0.0,24.0,63.0,-39.0,2.625,1.0,9.2018,0.9072,100.0,-0.8,5,6,0.0,0.0,65.85,242.95,0.04,101.294,0,0,0,1,0,0,Ministry of Road Transport & Highways,Roads & Highways,NHAI,Karnataka
618521,Karaipettai to Walajapet from Km 71.015 to 107.091,2026-07,766.51,6.0,613.76,80.072,0.26,0.0424,93.55,0.0,0.0,24.0,89.0,-65.0,3.7083,1.0,13.478,0.8559,100.0,-6.45,7,8,0.0,0.0,0.26,174.13,0.7929,26.71,0,0,0,1,0,0,Ministry of Road Transport & Highways,Roads & Highways,NHAI,Tamil Nadu
618522,Balance Works for six laning of Sriperumbudur to karaipettai section of NH-4 New NH- 48 from 37000 Existing Km 37000 to Km 71015 Existing Km 71000 in Tamilnadu on EPC mode underNHDP Phase-V,2026-07,411.16,7.0,134.65,32.7488,0.17,0.1264,38.26,1.62,4.4214,21.0,18.0,3.0,0.8571,0.0,5.5112,0.856,85.7143,-47.4543,5,6,1.62,3.21,0.17,14.21,2.452,11.776,0,0,0,0,0,0,Ministry of Road Transport & Highways,Roads & Highways,NHAI,Tamil Nadu
618523,Bhadrak KM 136.500 to Baleshwar KM 199.141,2026-07,844.67,52.0,783.98,92.8149,0.19,0.0242,91.32,0.0,0.0,30.0,88.0,-58.0,2.9333,1.0,-1.4949,1.0164,100.0,-8.68,7,8,0.0,0.0,0.19,197.44,0.0457,78.9771,0,0,0,1,0,0,Ministry of Road Transport & Highways,Roads & Highways,NHAI,Odisha
618524,Construction of 6 lane elevated corridor including its approaches from Km. 629880 to Km. 634470 Design Chainage of NH-16 in Ranasthalam Town portion in the state of Andhra Pradesh on EPC Mode under NHO.,2026-07,257.98,8.0,55.83,21.6412,0.0,0.0,39.1,3.47,9.739,24.0,16.0,8.0,0.6667,0.0,17.4588,0.5535,66.6667,-27.5667,5,6,3.47,4.5,0.0,9.31,2.62,3.746,0,0,0,0,0,0,Ministry of Road Transport & Highways,Roads & Highways,NHAI,Andhra Pradesh
618525,Construction of flyover at Gammon Junction at Km.903.265 on NH16 including vent at Diwancheruvu junction at Km.902.308 Blackspot ID No.AP03299 in Andhra Pradesh on EPC mode under NHO,2026-07,326.61,7.0,43.82,13.4166,0.15,0.3435,18.9,0.11,0.5854,24.0,9.0,15.0,0.375,0.0,5.4834,0.7099,37.5,-18.6,6,7,0.11,10.1,0.15,23.61,2.4833,6.4133,0,0,0,0,0,0,Ministry of Road Transport & Highways,Roads & Highways,NHAI,Andhra Pradesh
618526,6L of Gundugolanu Design km 1023.280 to Kalaparru Design km 1050.680 of NH-5 New NH-16,2026-07,665.59,15.0,643.95,96.7487,0.0,0.0,95.73,0.0,0.0,18.0,78.0,-60.0,4.3333,1.0,-1.0187,1.0106,100.0,-4.27,5,6,0.0,0.0,0.0,131.85,0.146,33.872,0,0,0,1,0,0,Ministry of Road Transport & Highways,Roads & Highways,NHAI,Andhra Pradesh
618527,Six Laning of Vijayawada Bypass from Gollapudi to Chinnakakani in Vijayawada - Gundugolanu Section from km. 30.00 to km. 47.881 Pkg-IV,2026-05,1194.57,18.0,862.59,72.2092,9.45,1.1077,99.92,0.0,0.0,30.0,58.0,-28.0,1.9333,1.0,27.7108,0.7227,100.0,-0.08,5,6,0.0,0.0,9.45,103.17,0.584,35.906,0,0,0,1,0,0,Ministry of Road Transport & Highways,Roads & Highways,National Highways Authority of India [NHAI],Andhra Pradesh
618529,Varanasi Ring Road Pkg-II connecting Sandaha Village km 11.70 / NH-29 with Revasa Village km 818.80 / NH-2,2026-07,1991.71,14.0,1751.26,87.9275,0.72,0.0411,96.86,0.71,0.7384,36.0,89.0,-53.0,2.4722,1.0,8.9325,0.9078,100.0,-3.14,7,8,0.71,1.49,0.72,734.98,0.6943,109.44,0,0,0,1,0,0,Ministry of Road Transport & Highways,Roads & Highways,NHAI,Uttar Pradesh
618530,Six Laning of Varanasi to Aurangabad from km. 786.00 to km. 978.40 of Old NH-2,2026-07,3241.56,31.0,2860.22,88.2359,1.96,0.0686,99.92,0.17,0.1704,30.0,178.0,-148.0,5.9333,1.0,11.6841,0.8831,100.0,-0.08,7,8,0.17,0.17,1.96,1441.95,0.8457,405.6071,0,0,0,1,0,0,Ministry of Road Transport & Highways,Roads & Highways,NHAI,"Multi-States
(Bihar, Uttar
Pradesh)"
618531,6L of Aurangabad to Bihar-Jharkhand border Chordaha section from km. 180.000 to km. 209.827 of NH-2 PKG-01,2026-07,1054.46,46.0,202.27,19.1823,0.97,0.4819,37.93,4.69,14.1095,24.0,19.0,5.0,0.7917,0.0,18.7477,0.5057,79.1667,-41.2367,7,8,4.69,14.24,0.97,91.47,3.1329,16.61,0,0,0,0,0,0,Ministry of Road Transport & Highways,Roads & Highways,NHAI,"Multi-States
(Bihar, Jharkhand)"
618532,6L of Aurangabad to Bihar-Jharkhand border Chordaha section from km. 209.827 to Km. 249.525 of NH-19 PKG-02,2026-05,1822.46,9.0,605.5,33.2243,0.0,0.0,97.92,0.0,0.0,24.0,50.0,-26.0,2.0833,1.0,64.6957,0.3393,100.0,-2.08,5,6,0.0,1.49,0.0,19.71,1.184,7.918,0,0,0,1,0,0,Ministry of Road Transport & Highways,Roads & Highways,National Highways Authority of India [NHAI],"Multi-States
(Bihar, Jharkhand)"
618533,Barwa Adda Km. 398.240 to Panagarh Km. 521.120,2026-07,1560.39,44.0,1694.94,108.6228,3.99,0.236,100.0,0.0,0.0,29.0,147.0,-118.0,5.069,1.0,-8.6228,1.0862,100.0,0.0,7,8,0.0,0.0,3.99,1603.44,0.0,241.1371,0,0,0,1,0,0,Ministry of Road Transport & Highways,Roads & Highways,NHAI,"Multi-States
(Jharkhand, West
Bengal)"
618534,Construction of Six lane elevated flyover including reconstruction/rehabilitation of existing pavement from Km 426230 to Km 430500 Length 4.27 Km at Nirsa in the Barwa Adda Panagarh section of NH-19 from Km.398.240 to Km.521.120 including Panagarh Bypass in the State of Jharkhand on EPC Mode.,2026-07,470.75,13.0,0.93,0.1976,0.89,2225.0,0.0,0.0,,30.0,5.0,25.0,0.1667,0.0,-0.1976,,16.6667,-16.6667,2,3,0.0,0.0,0.89,0.04,0.0,0.02,0,0,0,0,0,0,Ministry of Road Transport & Highways,Roads & Highways,NHAI,Jharkhand
618535,Construction of Six lane elevated flyover including reconstruction/rehabilitation of existing pavement from Km 406100 to Km 411150 Length 5.05 Km at Gobindpur area in the Barwa Adda Panagarh section of NH-19 from Km.398.240 to Km.521.120 including Panagarh Bypass in the State of Jharkhand on EPC Mode.,2026-07,687.77,8.0,67.84,9.8638,1.25,1.8772,19.91,3.81,23.6646,30.0,10.0,20.0,0.3333,0.0,10.0462,0.4954,33.3333,-13.4233,6,7,3.81,5.31,1.25,20.15,2.485,8.8167,0,0,0,0,0,0,Ministry of Road Transport & Highways,Roads & Highways,NHAI,Jharkhand
618536,Construction of Ring Road around Kanpur from Ch.68.650 to Ch.93.209 Jarkala to Pakari Package-IV in State of Uttar Pradesh.,2026-07,1603.53,22.0,266.36,16.6109,16.62,6.6549,39.2,1.55,4.1169,30.0,19.0,11.0,0.6333,0.0,22.5891,0.4237,63.3333,-24.1333,6,7,1.55,4.44,16.62,39.79,3.7,26.8633,0,0,0,0,0,0,Ministry of Road Transport & Highways,Roads & Highways,NHAI,Uttar Pradesh
618537,Construction of Ring Road around Kanpur from Km.000 to Km. 23.325 Chachendi Sachendi I to Maharajpur Package-I,2026-07,1753.75,11.0,479.56,27.3448,25.83,5.6928,62.15,0.94,1.5357,30.0,31.0,-1.0,1.0333,1.0,34.8052,0.44,100.0,-37.85,7,8,0.94,4.34,25.83,62.92,2.1643,23.0557,0,0,0,1,0,0,Ministry of Road Transport & Highways,Roads & Highways,NHAI,Uttar Pradesh
618538,Construction of Ring Road around kanpur from Ch.51.200 to Ch. 68.650 Badarka to Harbanch-Uchti Pkg-III,2026-07,1792.68,16.0,284.83,15.8885,22.89,8.7386,34.8,2.02,6.1623,30.0,18.0,12.0,0.6,0.0,18.9115,0.4566,60.0,-25.2,5,6,2.02,6.68,22.89,53.64,3.36,28.98,0,0,0,0,0,0,Ministry of Road Transport & Highways,Roads & Highways,NHAI,Uttar Pradesh
618539,Construction of Ring Road Kanpur from Ch. 32.090 to Ch.51.200 Transganaga to Sathara Package-II B,2026-07,1089.41,7.0,54.19,4.9743,5.42,11.1134,20.4,3.15,18.2609,30.0,16.0,14.0,0.5333,0.0,15.4257,0.2438,53.3333,-32.9333,5,6,3.15,5.9,5.42,13.43,1.88,3.452,0,0,0,0,0,0,Ministry of Road Transport & Highways,Roads & Highways,NHAI,Uttar Pradesh
618540,Construction of Ring Road around Kanpur from Ch.23.325 to Ch.32.090 Chaudhariya to Transganga Package-IIA,2026-07,1089.41,15.0,252.18,23.1483,2.49,0.9972,49.85,0.75,1.5275,23.0,8.0,15.0,0.3478,0.0,26.7017,0.4644,34.7826,15.0674,6,7,0.75,4.33,2.49,17.58,6.3083,42.025,0,0,0,0,0,0,Ministry of Road Transport & Highways,Roads & Highways,NHAI,Uttar Pradesh
618541,4L Ring road/bypass around Srinagar city from km 0.000 to km 42.100 Phase-I,2026-07,2919.96,5.0,1832.29,62.7505,3.09,0.1689,89.0,0.5,0.565,30.0,59.0,-29.0,1.9667,1.0,26.2495,0.7051,100.0,-11.0,7,8,0.5,1.5,3.09,58.09,0.8571,24.2071,0,0,0,1,0,0,Ministry of Road Transport & Highways,Roads & Highways,NHAI,"Jammu and
Kashmir"
618542,4L of existing Wayul Ganderbal Pandach Soura section of old NH-1 as a part of Srinagar Ring Road Phase IIA,2026-07,827.98,17.0,265.02,32.008,2.19,0.8332,0.02,0.02,,24.0,2.0,22.0,0.0833,0.0,-31.988,1600.401,8.3333,-8.3133,2,3,0.02,0.02,2.19,239.81,0.01,119.905,0,0,0,0,0,0,Ministry of Road Transport & Highways,Roads & Highways,NHAI,"Jammu and
Kashmir"
618543,4L of twin tube tunnel configuration including approaches from Marog to Digdol from Km.154.210 to Km.158.650 North Bound and from Km.155.940 to Km.160.260 South Bound of Ramban to Banihal Pkg-I of Old NH-1A New NH-44,2026-07,1912.17,13.0,406.09,21.2371,2.08,0.5148,30.5,0.0,0.0,36.0,47.0,-11.0,1.3056,1.0,9.2629,0.6963,100.0,-69.5,7,8,0.0,1.6,2.08,35.84,1.3571,19.0557,0,0,0,1,0,0,Ministry of Road Transport & Highways,Roads & Highways,NHAI,"Jammu and
Kashmir"
618544,"4L twin tube tunnel including approaches from Digdol to Khuni Nallah North Bound connecting with existing major bridge on NB and South Bound connecting with Tunnel T4 ,Single tube tunnel of Ramban to Banihal Pkg-II of Old NH-1A New NH-44",2026-07,1401.87,7.0,1054.8,75.2424,1.7,0.1614,87.1,0.0,0.0,28.0,53.0,-25.0,1.8929,1.0,11.8576,0.8639,100.0,-12.9,7,8,0.0,0.0,1.7,24.83,0.4429,22.2629,0,0,0,1,0,0,Ministry of Road Transport & Highways,Roads & Highways,NHAI,"Jammu and
Kashmir"
618545,"4L of Km.165.092 to Km.171.855 North Bound and from Km.166.895 to Km.173.638 South Bound, excl. certain reaches of North Bound and South Bound of Ramban to Banihal Pkg-III of Old NH-1A New NH-44",2026-07,614.48,7.0,306.05,49.8063,0.0,0.0,42.8,0.0,0.0,30.0,53.0,-23.0,1.7667,1.0,-7.0063,1.1637,100.0,-57.2,7,8,0.0,0.0,0.0,42.3,1.1143,10.6929,0,0,0,1,0,0,Ministry of Road Transport & Highways,Roads & Highways,NHAI,"Jammu and
Kashmir"
618546,Construction of Tunnels/Viaducts at identified sliding/slip zones at Km 130.550 to Km.130.750 Km. 131.170 to Km. 131.763 Km. 132.560 to Km. 133.168 Km. 133.590 to Km. 133.743 and Km. 147.877 to Km. 148.715 of Udhampur-Ramban section of NH-44,2026-02,442.14,7.0,324.74,73.4473,0.0,0.0,36.0,0.0,0.0,18.0,46.0,-28.0,2.5556,1.0,-37.4473,2.0402,100.0,-64.0,2,3,0.0,0.0,0.0,0.0,0.0,0.0,0,0,0,1,0,0,Ministry of Road Transport & Highways,Roads & Highways,National Highways Authority of India [NHAI],"Jammu and
Kashmir"
618547,2L NH-1 from km 8.660 to km 33.775 Sumbal to Wayul to 4L dual carriageway NH standard as part of Srinagar Ring Road PhaseII [Design Ch. 41.907 to Ch. 66.609],2026-07,961.0,13.0,474.55,49.3809,14.58,3.1698,55.02,1.74,3.2658,30.0,31.0,-1.0,1.0333,1.0,5.6391,0.8975,100.0,-44.98,7,8,1.74,4.0,14.58,43.73,2.0029,16.9943,0,0,0,1,0,0,Ministry of Road Transport & Highways,Roads & Highways,NHAI,"Jammu and
Kashmir"
618548,Stand-alone Ring road/bypass around Jammu City from Raya Morh km. -0.687 to Jagti km. 57.568,2026-02,2023.88,1.0,54.24,2.68,0.0,0.0,99.0,0.0,0.0,36.0,97.0,-61.0,2.6944,1.0,96.32,0.0271,100.0,-1.0,2,3,0.0,0.0,0.0,0.0,0.0,0.0,0,0,0,1,0,0,Ministry of Road Transport & Highways,Roads & Highways,National Highways Authority of India [NHAI],"Jammu and
Kashmir"
618549,Construction of twin tube tunnels on Jammu Kashmir Ring Road NH-244A Between Design Ch. 50600 to 51700 and design Ch. 53535 to 55700 on EPC mode under residual NHDP component of Bharatmala Pariyojna,2026-07,242.65,7.0,677.47,279.1964,0.01,0.0015,83.87,0.0,0.0,24.0,37.0,-13.0,1.5417,1.0,-195.3264,3.3289,100.0,-16.13,7,8,0.0,0.0,0.01,13.08,0.41,5.6943,0,0,0,1,0,0,Ministry of Road Transport & Highways,Roads & Highways,NHAI,"Jammu and
Kashmir"
618550,Corridor Efficiency Improvement including removal of black spots in Lakhanpur - Samba section of NH-44 from Chainage Km. 16.300 to Km. 74.100,2026-07,855.74,6.0,203.55,23.7864,0.19,0.0934,74.63,0.0,0.0,18.0,43.0,-25.0,2.3889,1.0,50.8436,0.3187,100.0,-25.37,7,8,0.0,0.0,0.19,4.86,0.6614,3.89,0,0,0,1,0,0,Ministry of Road Transport & Highways,Roads & Highways,NHAI,"Jammu and
Kashmir"
618551,Greenfield connectivity from Govindsar village on Delhi Amritsar Katra Expressway to Talwara village on NH-44 Pathankot by-pass,2026-07,666.81,8.0,217.52,32.621,2.46,1.1439,29.01,0.51,1.7895,24.0,12.0,12.0,0.5,0.0,-3.611,1.1245,50.0,-20.99,6,7,0.51,1.01,2.46,159.62,1.835,30.3633,0,0,0,0,0,0,Ministry of Road Transport & Highways,Roads & Highways,NHAI,Punjab
618552,Development of 6L Greenfield Jalandhar Bypass starting from Kahlwan NH-03 ending at Kang Sahbu NH-703 via Sarmastpur NH-44 - Madara NH-03 - Khajurla NH-44,2026-07,1754.84,22.0,1252.02,71.3467,0.0,0.0,56.7,2.69,4.9806,24.0,42.0,-18.0,1.75,1.0,-14.6467,1.2583,100.0,-43.3,7,8,2.69,6.14,0.0,367.19,2.2429,64.9714,0,0,0,1,0,0,Ministry of Road Transport & Highways,Roads & Highways,NHAI,Punjab
618553,6L of Agra Bypass Northern connecting Km. 174.500 of NH-2 new NH-19 to Km. 141.000 of Yamuna Expressways,2026-05,957.62,13.0,758.67,79.2245,0.27,0.0356,100.0,0.3,0.3009,24.0,39.0,-15.0,1.625,1.0,20.7755,0.7922,100.0,0.0,5,6,0.3,0.3,0.27,0.28,0.2,0.156,0,0,0,1,0,0,Ministry of Road Transport & Highways,Roads & Highways,National Highways Authority of India [NHAI],Uttar Pradesh
618554,Construction of left out portion of Agra Inner Ring Road connecting village Deori to NH-44 village Bad from Km. 0.000 to Km. 7.772,2026-07,879.26,8.0,629.11,71.5499,0.0,0.0,94.0,0.2,0.2132,18.0,40.0,-22.0,2.2222,1.0,22.4501,0.7612,100.0,-6.0,7,8,0.2,0.2,0.0,5.47,1.0,3.16,0,0,0,1,0,0,Ministry of Road Transport & Highways,Roads & Highways,NHAI,Uttar Pradesh
618555,"Flyover at Km.544.650 including ROB, Service Roads ,Footpath for RCC drains on urban link to Nagpur -Raipur road Pardi octroi Naka to Itwari",2026-03,1097.81,3.0,308.61,28.1114,267.49,650.5107,97.77,0.77,0.7938,36.0,120.0,-84.0,3.3333,1.0,69.6586,0.2875,100.0,-2.23,3,4,0.77,0.77,267.49,282.39,32.59,94.2233,0,0,0,1,0,0,Ministry of Road Transport & Highways,Roads & Highways,National Highways Authority of India [NHAI],Maharashtra
618556,"Construction of 26 VUPs, Major Bridge, Service Road etc. on Lalitpur-Sagar- Lakhnadon section of NH-44 NS",2026-07,665.91,13.0,574.39,86.2564,14.94,2.6705,97.4,0.0,0.0,24.0,28.0,-4.0,1.1667,1.0,11.1436,0.8856,100.0,-2.6,5,6,0.0,1.15,14.94,41.32,1.68,18.326,0,0,0,1,0,0,Ministry of Road Transport & Highways,Roads & Highways,NHAI,"Multi-States
(Madhya Pradesh,
Uttar Pradesh)"
618557,4L of Indora Chowk to Pachpaoli and Agrasen Chowk - Ashoka Chowk,2026-07,1038.84,4.0,696.83,67.0777,11.62,1.6958,84.0,0.0,0.0,35.0,36.0,-1.0,1.0286,1.0,16.9223,0.7985,100.0,-16.0,7,8,0.0,1.0,11.62,22.9,2.1429,20.8,0,0,0,1,0,0,Ministry of Road Transport & Highways,Roads & Highways,NHAI,Maharashtra
618558,Improvement of Geometrics of Kalkallu to Gundla Pochanpalli from Km 454.00 to Km 471.00 of NH-44,2026-06,955.49,10.0,454.5,47.5672,27.07,6.3332,36.5,0.54,1.5017,24.0,41.0,-17.0,1.7083,1.0,-11.0672,1.3032,100.0,-63.5,6,7,0.54,0.54,27.07,27.07,0.25,4.5783,0,0,0,1,0,0,Ministry of Road Transport & Highways,Roads & Highways,NHAI,Telangana
618559,6L of existing 4L from Gundlapochampally to Bowenpally from km 471.300 to km 481.331 of NH-44,2026-06,521.53,8.0,257.31,49.3375,0.78,0.3041,50.5,0.0,0.0,23.0,46.0,-23.0,2.0,1.0,1.1625,0.977,100.0,-49.5,6,7,0.0,0.0,0.78,0.78,0.0833,0.1733,0,0,0,1,0,0,Ministry of Road Transport & Highways,Roads & Highways,NHAI,Telangana
618560,Improvement of Geometrics of Thondupally to Kothur from Km 22.300 to Km 34.14 of NH-44,2026-06,541.58,12.0,74.01,13.6656,1.78,2.4643,17.05,0.0,0.0,18.0,39.0,-21.0,2.1667,1.0,3.3844,0.8015,100.0,-82.95,6,7,0.0,0.0,1.78,1.78,1.175,4.8133,0,0,0,1,0,0,Ministry of Road Transport & Highways,Roads & Highways,NHAI,Telangana
618561,Improving the Alignment of Thoppur Ghat Section from Km 158.500 to Km 165.100 in Dharmapuri - Salem Section of NH-44,2026-07,904.99,12.0,211.34,23.3527,1.76,0.8398,47.84,2.71,6.0049,36.0,16.0,20.0,0.4444,0.0,24.4873,0.4881,44.4444,3.3956,5,6,2.71,6.39,1.76,27.77,4.168,14.79,0,0,0,0,0,0,Ministry of Road Transport & Highways,Roads & Highways,NHAI,Tamil Nadu
618562,Dindigul Bypass - Samyanallore from km. 373.275 to km. 426.00,2026-05,579.0,13.0,1.4,0.2418,0.0,0.0,100.0,0.0,0.0,30.0,238.0,-208.0,7.9333,1.0,99.7582,0.0024,100.0,0.0,3,4,0.0,0.0,0.0,0.0,0.0,0.0,0,0,0,1,0,0,Ministry of Road Transport & Highways,Roads & Highways,National Highways Authority of India [NHAI],Tamil Nadu
618563,4L of Madurai Ring Road Phase 1 [Vadipatti-Thamrapatti] from km 0.00 - km 29.960,2026-07,900.05,15.0,903.57,100.3911,0.17,0.0188,99.42,0.17,0.1713,24.0,76.0,-52.0,3.1667,1.0,-0.9711,1.0098,100.0,-0.58,7,8,0.17,0.87,0.17,232.23,1.3457,52.5529,0,0,0,1,0,0,Ministry of Road Transport & Highways,Roads & Highways,NHAI,Tamil Nadu
618564,6L with PS of Samakhiyali to Santalpur section from km. 339.700 to Km. 430.100 of NH-27,2026-07,1553.76,11.0,28.66,1.8446,0.07,0.2448,64.52,0.0,0.0,24.0,31.0,-7.0,1.2917,1.0,62.6754,0.0286,100.0,-35.48,5,6,0.0,3.48,0.07,0.4,2.904,0.166,0,0,0,1,0,0,Ministry of Road Transport & Highways,Roads & Highways,NHAI,Gujarat
618565,Strengthening of existing 4L Ayodhya Bypass Section from design Km. 121 600 to Km. 144020 of NH 28 New NH 27Pkg-3,2026-05,526.45,6.0,259.66,49.3228,0.0,0.0,81.85,0.0,0.0,18.0,32.0,-14.0,1.7778,1.0,32.5272,0.6026,100.0,-18.15,5,6,0.0,0.0,0.0,0.0,0.17,0.0,0,0,0,1,0,0,Ministry of Road Transport & Highways,Roads & Highways,NHAI,Uttar Pradesh
618566,4L Green Field Northern East side Gorakhpur Bypass 26.616 Kms starting from NH- 29E Chainage 83.308 and end at NH-28 Chainage 285.100,2026-07,1973.98,11.0,1035.52,52.4585,25.21,2.4953,73.78,1.78,2.4722,24.0,30.0,-6.0,1.25,1.0,21.3215,0.711,100.0,-26.22,7,8,1.78,1.8,25.21,29.72,3.1114,28.5743,0,0,0,1,0,0,Ministry of Road Transport & Highways,Roads & Highways,NHAI,Uttar Pradesh
618567,4/6L of Northern Ayodhya Bypass starting Km. 112.540 and ending Km. 139.928 north of existing NH-27 part-1 and part-2 south of NH-27 from km 0.000 to km 5.000.,2026-07,2289.34,11.0,285.67,12.4783,16.86,6.2721,33.53,0.41,1.2379,30.0,12.0,18.0,0.4,0.0,21.0517,0.3722,40.0,-6.47,6,7,0.41,3.39,16.86,52.0,2.9217,26.6233,0,0,0,0,0,0,Ministry of Road Transport & Highways,Roads & Highways,NHAI,Uttar Pradesh
618568,4/6L Southern Ayodhya Bypass from Km 5.000 to Km 37.172 starting near Km. 112.540 and ending at Km. 153.281 of NH-27,2026-07,2541.13,7.0,318.53,12.535,6.14,1.9655,39.5,0.47,1.2042,30.0,16.0,14.0,0.5333,0.0,26.965,0.3173,53.3333,-13.8333,5,6,0.47,1.27,6.14,21.08,2.3,23.968,0,0,0,0,0,0,Ministry of Road Transport & Highways,Roads & Highways,NHAI,Uttar Pradesh
618569,Balance work - WB-10 Gandak Bridge Km 402.00 to Km 440.00 Devanpur - Kotwa,2026-06,210.05,8.0,181.96,86.627,65.39,56.0951,64.05,0.0,0.0,18.0,47.0,-29.0,2.6111,1.0,-22.577,1.3525,100.0,-35.95,6,7,0.0,0.0,65.39,65.67,0.175,13.685,0,0,0,1,0,0,Ministry of Road Transport & Highways,Roads & Highways,NHAI,Bihar
618570,4L Elevated Highway and at grade improvements at Gopalganj Town from Km. 384.000 to Km. 386.750 on NH-27,2026-05,325.57,5.0,225.44,69.2447,0.0,0.0,99.78,0.0,0.0,29.0,50.0,-21.0,1.7241,1.0,30.5353,0.694,100.0,-0.22,5,6,0.0,0.0,0.0,0.0,0.756,-0.49,0,0,0,1,0,0,Ministry of Road Transport & Highways,Roads & Highways,National Highways Authority of India [NHAI],Bihar
618571,Permanent rectification of 3 nos. of black spots in project Highway NH-27 of U.P border - Dewapur - Kotwa section from Km.360.915 to km.440.000 Total Length of 79.085 Km of NH-27& Permanent rectification of 5 nos. of black spots of project Highway NH-27 of Kotwa - Mehsi - Muzaffarpur Section from km.440.000 to km.520.000 Total length 80.00Km,2026-07,227.25,20.0,233.7,102.8383,0.0,0.0,83.01,0.01,0.012,24.0,31.0,-7.0,1.2917,1.0,-19.8283,1.2389,100.0,-16.99,7,8,0.01,2.06,0.0,9.14,2.1443,5.74,0,0,0,1,0,0,Ministry of Road Transport & Highways,Roads & Highways,NHAI,Bihar
618572,Binnaguri Bypass-Descoped portion of Ghoshpukur-Dhupguri Section of NH-31Dpkg-1,2026-07,309.99,8.0,4.77,1.5388,2.6,119.8157,3.67,1.09,42.2481,24.0,8.0,16.0,0.3333,0.0,2.1312,0.4193,33.3333,-29.6633,6,7,1.09,1.56,2.6,2.83,0.6117,0.7833,0,0,0,0,0,0,Ministry of Road Transport & Highways,Roads & Highways,NHAI,West Bengal
618574,Balance Works of 4L of NH-31D from Km. 113.200 to Km. 154.854 Package-II A Ghoshpukur-Salsalabari Section,2026-07,1818.46,13.0,461.0,25.3511,3.48,0.7606,61.1,2.95,5.0731,30.0,19.0,11.0,0.6333,0.0,35.7489,0.4149,63.3333,-2.2333,5,6,2.95,4.56,3.48,3.94,1.22,3.46,0,0,0,0,0,0,Ministry of Road Transport & Highways,Roads & Highways,NHAI,West Bengal
618575,"6L Standalone Flyovers at Bongaigaon, Chapaguri, Pathsala, Simlaguri chowk and Baihata Bypass Junctions on stretches of NH-31 and NH-27",2026-02,457.72,10.0,371.63,81.1916,0.0,0.0,100.0,0.0,0.0,18.0,37.0,-19.0,2.0556,1.0,18.8084,0.8119,100.0,0.0,2,3,0.0,0.0,0.0,0.0,0.0,0.0,0,0,0,1,0,0,Ministry of Road Transport & Highways,Roads & Highways,National Highways Authority of India [NHAI],Assam
618576,"6L Standalone Flyovers at Raha, Demow, Borghat, Kathiatali junctions and ROB at Jagiroad on stretches of NH 36 and NH 27",2026-05,280.75,9.0,211.79,75.4372,0.0,0.0,99.04,0.0,0.0,18.0,41.0,-23.0,2.2778,1.0,23.6028,0.7617,100.0,-0.96,5,6,0.0,0.0,0.0,0.0,0.008,0.0,0,0,0,1,0,0,Ministry of Road Transport & Highways,Roads & Highways,National Highways Authority of India [NHAI],Assam
618577,Dwarka Expressway Pkg-III Delhi/HR Border to Start of RoB Gurugram,2026-06,2228.26,10.0,1759.52,78.9639,759.83,76.0066,100.0,0.0,0.0,24.0,91.0,-67.0,3.7917,1.0,21.0361,0.7896,100.0,0.0,4,5,0.0,0.0,759.83,768.09,0.0,207.835,0,0,0,1,0,0,Ministry of Road Transport & Highways,Roads & Highways,NHAI,"Multi-States (Delhi,
Haryana)"
618578,6L Access Controlled Highway from DND Maharani Bagh - Jn. with Jaitpur - Pushta Road of NH-148NA from km. 0.00 to km. 9.00 in NCR,2026-05,1467.44,18.0,1615.93,110.119,0.09,0.0056,98.25,0.0,0.0,30.0,52.0,-22.0,1.7333,1.0,-11.869,1.1208,100.0,-1.75,5,6,0.0,0.0,0.09,242.18,0.65,53.23,0,0,0,1,0,0,Ministry of Road Transport & Highways,Roads & Highways,National Highways Authority of India [NHAI],Delhi
618579,6L of Anandapuram Pendurthi Anakapalli Section from km. 681.000 to km. 731.780 of NH-16,2026-07,2527.0,12.0,2376.11,94.0289,0.03,0.0013,100.0,0.0,0.0,30.0,90.0,-60.0,3.0,1.0,5.9711,0.9403,100.0,0.0,6,7,0.0,0.0,0.03,1364.09,0.1667,375.4483,0,0,0,1,0,0,Ministry of Road Transport & Highways,Roads & Highways,NHAI,Andhra Pradesh
618580,Gohana - Sonipat PKG-2,2026-07,1275.31,18.0,1225.85,96.1217,0.0,0.0,97.86,0.0,0.0,24.0,72.0,-48.0,3.0,1.0,1.7383,0.9822,100.0,-2.14,7,8,0.0,0.0,0.0,491.72,2.5514,109.7086,0,0,0,1,0,0,Ministry of Road Transport & Highways,Roads & Highways,NHAI,Haryana
618581,Hosur to Dhamrapuri Pkg-1 [Neraluru - Thorapalli Agraharam],2026-07,1828.66,12.0,1464.36,80.0783,5.14,0.3522,78.7,0.0,0.0,24.0,45.0,-21.0,1.875,1.0,-1.3783,1.0175,100.0,-21.3,7,8,0.0,0.0,5.14,536.61,3.3857,80.2914,0,0,0,1,0,0,Ministry of Road Transport & Highways,Roads & Highways,NHAI,"Multi-States
(Karnataka, Tamil
Nadu)"
618582,4L of Galgalia - Bahadurganj section from Km 0.000 to Km 49.000 Package-I of NH327E,2026-05,1282.97,12.0,599.36,46.7166,0.0,0.0,100.0,0.0,0.0,24.0,52.0,-28.0,2.1667,1.0,53.2834,0.4672,100.0,0.0,3,4,0.0,0.0,0.0,0.0,0.0,0.0,0,0,0,1,0,0,Ministry of Road Transport & Highways,Roads & Highways,National Highways Authority of India [NHAI],Bihar
618583,4L of Bahadurganj Araria section from Km 49.000 to Km 94.000 Package-II of NH- 327E,2026-05,1358.77,12.0,713.95,52.5438,0.0,0.0,100.0,0.0,0.0,24.0,52.0,-28.0,2.1667,1.0,47.4562,0.5254,100.0,0.0,3,4,0.0,0.0,0.0,0.0,0.0,0.0,0,0,0,1,0,0,Ministry of Road Transport & Highways,Roads & Highways,National Highways Authority of India [NHAI],Bihar
618584,4L of Kishanganj - Bahadurganj section from Km. 0.000 to Km. 23.649 & interchange at Start Point Length - 1.200 Km of NH-27,2026-07,962.84,11.0,181.12,18.811,1.81,1.0094,20.14,1.83,9.9945,24.0,7.0,17.0,0.2917,0.0,1.329,0.934,29.1667,-9.0267,6,7,1.83,7.72,1.81,81.88,3.3567,28.6417,0,0,0,0,0,0,Ministry of Road Transport & Highways,Roads & Highways,NHAI,"Multi-States
(Bihar, West
Bengal)"
618585,6L of Gonde Km. 439.038 to Pimpri Sado Km. 459.905 section of NH-848 Old NH-3,2026-07,856.93,8.0,160.05,18.6771,17.67,12.4105,40.5,2.5,6.5789,30.0,21.0,9.0,0.7,0.0,21.8229,0.4612,70.0,-29.5,5,6,2.5,4.0,17.67,33.91,3.9,14.302,0,0,0,0,0,0,Ministry of Road Transport & Highways,Roads & Highways,NHAI,Maharashtra
618586,Improvement and strengthening of existing 2 lane stretch to 2-Lane with PS 1.5m on both sides on Ghoti-Sinnar section of NH-160A using Thin White Topping 200mm thick in the State Of Maharashtra on EPC Mode,2026-07,254.78,3.0,115.05,45.1566,0.0,0.0,77.0,0.0,0.0,12.0,13.0,-1.0,1.0833,1.0,31.8434,0.5864,100.0,-23.0,5,6,0.0,1.0,0.0,10.84,0.4,3.032,0,0,0,1,0,0,Ministry of Road Transport & Highways,Roads & Highways,NHAI,Maharashtra
618588,4L Mitigation Measure structures on CH/MH Border to Wainganga Bridge Section of NH-6 New NH-53,2026-07,540.24,9.0,464.29,85.9414,0.01,0.0022,99.79,0.0,0.0,24.0,56.0,-32.0,2.3333,1.0,13.8486,0.8612,100.0,-0.21,7,8,0.0,0.0,0.01,0.02,4.2557,0.0086,0,0,0,1,0,0,Ministry of Road Transport & Highways,Roads & Highways,NHAI,Maharashtra
618589,Durg-Raipur Bypass Section Package - 1 from km. 0.00 to km. 44.50 near Tendesara to near Khatti Village,2026-07,1828.0,13.0,1063.62,58.1849,47.21,4.6448,75.39,0.46,0.6139,24.0,36.0,-12.0,1.5,1.0,17.2051,0.7718,100.0,-24.61,7,8,0.46,5.52,47.21,347.66,2.1986,75.2314,0,0,0,1,0,0,Ministry of Road Transport & Highways,Roads & Highways,NHAI,Chhattisgarh
618590,Durg-Raipur-Arang Package - 2 from km. 44.50 to km. 92.23 near Khatti Village to near Aurang,2026-07,1958.9,12.0,1001.18,51.1093,0.37,0.037,73.96,0.0,0.0,23.0,37.0,-14.0,1.6087,1.0,22.8507,0.691,100.0,-26.04,7,8,0.0,2.51,0.37,433.01,4.8514,84.9314,0,0,0,1,0,0,Ministry of Road Transport & Highways,Roads & Highways,NHAI,Chhattisgarh
618591,"Construction of 6-lane flyover at Ainthapali junction and a 2-lane ROB LHS on NH-53 Earlier NH-6 in Sambalpur, on EPC mode in Odisha under NHO",2026-07,374.17,3.0,106.91,28.5726,0.49,0.4604,54.2,3.33,6.5461,30.0,25.0,5.0,0.8333,0.0,25.6274,0.5272,83.3333,-29.1333,5,6,3.33,3.33,0.49,3.13,2.04,4.894,0,0,0,0,0,0,Ministry of Road Transport & Highways,Roads & Highways,NHAI,Odisha
618592,"Balance work of 8 nos. of Elephant Underpasses EUPs, 1 no. of Vehicular Underpass VUP, 1 nos. of Light Vehicular Underpass LVUP, 1 nos. of Pedestrian Underpass PUP, 1 nos. of Foot Over Bridge FOB and A2 side approach of Jharpokharia Flyover at Km.215.270 in Baharagora-Singhara section of NH-49",2026-07,320.64,14.0,55.3,17.2468,0.51,0.9308,25.04,2.19,9.5842,18.0,20.0,-2.0,1.1111,1.0,7.7932,0.6888,100.0,-74.96,6,7,2.19,2.19,0.51,6.7,2.6733,7.43,0,0,0,1,0,0,Ministry of Road Transport & Highways,Roads & Highways,NHAI,Odisha
618593,Balance work of Rehabilitation and Upgradation to four laning of Baharagora Singhara section of NH-49 from Km.229.727 to Km.238.990 Length 9.263 Km. including construction of five nos. of Elephant Underpasses EUP and fourteen nos. of Animal Underpasses AUP inside the buffer zone of Similipal Tiger Reserve Area in Bangriposi Ghat section in the State of Odisha on EPC Mode,2026-07,263.32,2.0,13.82,5.2484,0.0,0.0,9.95,0.15,1.5306,30.0,14.0,16.0,0.4667,0.0,4.7016,0.5275,46.6667,-36.7167,5,6,0.15,0.15,0.0,4.65,0.79,1.012,0,0,0,0,0,0,Ministry of Road Transport & Highways,Roads & Highways,NHAI,Odisha
618594,Balance work of 4L Panvel to Indapur section of NH-66 Old NH- 17 from km 0.000 Panvel to km 42.300 Kasu,2026-07,329.82,3.0,184.17,55.8395,-1.62,-0.872,98.66,1.77,1.8268,19.0,40.0,-21.0,2.1053,1.0,42.8205,0.566,100.0,-1.34,7,8,1.77,1.77,-1.62,-0.87,7.9514,0.0871,0,0,0,1,0,0,Ministry of Road Transport & Highways,Roads & Highways,NHAI,Maharashtra
618595,6L of Chengala - Neeleshwaram from km. 56.200 to km. 93.468,2026-07,1746.45,16.0,1447.45,82.8796,0.14,0.0097,90.82,0.0,0.0,30.0,57.0,-27.0,1.9,1.0,7.9404,0.9126,100.0,-9.18,7,8,0.0,0.14,0.14,487.41,1.6886,95.9429,0,0,0,1,0,0,Ministry of Road Transport & Highways,Roads & Highways,NHAI,Kerala
618596,6L of Taliparamba to Muzhappilangad from Km 134.650 to Km 170.6 of NH-66,2026-07,2714.6,15.0,2020.35,74.4253,0.11,0.0054,83.7,0.3,0.3597,30.0,56.0,-26.0,1.8667,1.0,9.2747,0.8892,100.0,-16.3,7,8,0.3,0.7,0.11,965.22,0.5286,144.8,0,0,0,1,0,0,Ministry of Road Transport & Highways,Roads & Highways,NHAI,Kerala
618597,6L of Azhiyur-Vengalam from km. 189.200 to km. 230.400 of NH-66,2026-07,3205.77,12.0,2406.73,75.0749,0.0,0.0,60.07,0.0,0.0,33.0,57.0,-24.0,1.7273,1.0,-15.0049,1.2498,100.0,-39.93,7,8,0.0,0.0,0.0,1629.89,0.4386,233.6457,0,0,0,1,0,0,Ministry of Road Transport & Highways,Roads & Highways,NHAI,Kerala
618598,6L Minor Bridge Paloli Palam at km. 203.160 & Major Bridge Morad at km. 204.895 and allied works,2026-07,210.0,9.0,190.46,90.6952,0.0,0.0,100.0,0.0,0.0,18.0,67.0,-49.0,3.7222,1.0,9.3048,0.907,100.0,0.0,7,8,0.0,0.0,0.0,112.56,1.0,17.0814,0,0,0,1,0,0,Ministry of Road Transport & Highways,Roads & Highways,NHAI,Kerala
618599,6L of Ramanatukkara Junction to start of Valanchery bypass section of NH-66,2026-07,4919.46,12.0,3765.27,76.5383,130.1,3.5789,100.0,0.0,0.0,30.0,54.0,-24.0,1.8,1.0,23.4617,0.7654,100.0,0.0,7,8,0.0,0.25,130.1,1949.46,0.1429,299.49,0,0,0,1,0,0,Ministry of Road Transport & Highways,Roads & Highways,NHAI,Kerala
618600,6L of Valanchery bypass to Kappirikkad of NH 66 from km. 298500 to km 335850,2026-07,4023.94,11.0,2592.92,64.4373,116.43,4.7014,100.0,0.0,0.0,30.0,54.0,-24.0,1.8,1.0,35.5627,0.6444,100.0,0.0,7,8,0.0,1.16,116.43,1095.15,0.2857,177.7086,0,0,0,1,0,0,Ministry of Road Transport & Highways,Roads & Highways,NHAI,Kerala
618601,6L of Kappirikkad to Thalikulam section from km 335.85 to km 369.015 of NH - 66 old NH-17,2026-07,4225.59,15.0,3345.3,79.1676,16.19,0.4863,95.27,0.0,0.0,28.0,46.0,-18.0,1.6429,1.0,16.1024,0.831,100.0,-4.73,7,8,0.0,7.07,16.19,2628.24,1.4671,385.5286,0,0,0,1,0,0,Ministry of Road Transport & Highways,Roads & Highways,NHAI,Kerala
618602,6L of Thalikulam to Kodugallur section from km 369.015 to km 397.850 of NH - 66 old NH-17,2026-07,4302.06,15.0,3312.68,77.0022,0.01,0.0003,95.05,0.5,0.5288,29.0,46.0,-17.0,1.5862,1.0,18.0478,0.8101,100.0,-4.95,7,8,0.5,10.87,0.01,2529.58,2.15,384.9357,0,0,0,1,0,0,Ministry of Road Transport & Highways,Roads & Highways,NHAI,Kerala
618603,6L of Kodugallur to Edapppally section from km 397.750 to km 423.780 of NH - 66 old NH-17,2026-07,3465.82,11.0,2178.55,62.8581,7.0,0.3224,71.11,0.12,0.169,30.0,45.0,-15.0,1.5,1.0,8.2519,0.884,100.0,-28.89,7,8,0.12,0.3,7.0,1324.78,1.0157,201.5986,0,0,0,1,0,0,Ministry of Road Transport & Highways,Roads & Highways,NHAI,Kerala
618604,Aroor-Thuravoor Thekku,2026-07,2429.52,6.0,1802.58,74.1949,10.78,0.6016,91.63,0.36,0.3944,35.0,41.0,-6.0,1.1714,1.0,17.4351,0.8097,100.0,-8.37,7,8,0.36,1.29,10.78,37.57,1.5186,33.5286,0,0,0,1,0,0,Ministry of Road Transport & Highways,Roads & Highways,NHAI,Kerala
618605,Thuravoor Thekku-Paravoor,2026-07,2878.97,6.0,2514.83,87.3517,19.21,0.7697,81.49,0.64,0.7916,30.0,52.0,-22.0,1.7333,1.0,-5.8617,1.0719,100.0,-18.51,7,8,0.64,1.99,19.21,344.8,2.3557,90.5529,0,0,0,1,0,0,Ministry of Road Transport & Highways,Roads & Highways,NHAI,Kerala
618606,Paravoor-Kottankulangara,2026-07,3273.61,8.0,2858.55,87.321,0.16,0.0056,71.2,0.0,0.0,30.0,47.0,-17.0,1.5667,1.0,-16.121,1.2264,100.0,-28.8,7,8,0.0,0.0,0.16,1583.16,1.4571,246.67,0,0,0,1,0,0,Ministry of Road Transport & Highways,Roads & Highways,NHAI,Kerala
618607,Kottankulangara- Start of Kollam Bypass,2026-07,2842.14,10.0,2373.2,83.5005,-0.05,-0.0021,73.89,0.0,0.0,30.0,51.0,-21.0,1.7,1.0,-9.6105,1.1301,100.0,-26.11,7,8,0.0,0.0,-0.05,1466.01,0.1271,241.24,0,0,0,1,0,0,Ministry of Road Transport & Highways,Roads & Highways,NHAI,Kerala
618608,4L of left-over works including additional structures from Kerala/Tamil Nadu border to Kanyakumari Section from Km 43.0 to Km 96.174 of NH66,2026-07,1564.23,9.0,980.14,62.6596,18.24,1.8962,81.85,1.17,1.4502,24.0,35.0,-11.0,1.4583,1.0,19.1904,0.7655,100.0,-18.15,7,8,1.17,3.44,18.24,21.21,1.6929,25.3929,0,0,0,1,0,0,Ministry of Road Transport & Highways,Roads & Highways,NHAI,Tamil Nadu
618609,Construction of 4L Flyover from MES College Junction to Bogmalo Junction on NH- 566 from Km. 7.106 to Km. 10.460 and 4L VUP at Queeny Nagar Junction from Km. 3.330 to Km. 4.550,2026-07,463.08,7.0,168.21,36.3242,0.0,0.0,59.18,1.88,3.281,23.0,23.0,0.0,1.0,0.0,22.8558,0.6138,100.0,-40.82,5,6,1.88,10.59,0.0,40.87,4.436,17.804,0,0,0,0,0,0,Ministry of Road Transport & Highways,Roads & Highways,NHAI,Goa
618610,6L of Jodhpur Romana Bathinda - Mandi Dabwali Punjab Haryana Border section of NH-54 from km. 0.000 to km. 27.400 of NH-54,2026-07,789.26,39.0,719.18,91.1208,30.5,4.4288,99.0,0.0,0.0,24.0,35.0,-11.0,1.4583,1.0,7.8792,0.9204,100.0,-1.0,7,8,0.0,0.0,30.5,200.48,0.1429,30.3071,0,0,0,1,0,0,Ministry of Road Transport & Highways,Roads & Highways,NHAI,Punjab
618611,Sangariya near Chautala-Rasisar near Bikaner section of NH-754K Phase-I AJ/SR- Package-7,2026-07,520.63,28.0,450.59,86.5471,0.01,0.0022,100.0,0.0,0.0,24.0,61.0,-37.0,2.5417,1.0,13.4529,0.8655,100.0,0.0,5,6,0.0,0.0,0.01,24.5,0.0,7.554,0,0,0,1,0,0,Ministry of Road Transport & Highways,Roads & Highways,NHAI,Rajasthan
618612,Deogarh near Dhandhaniya-Rajasthan/Gujarat Border Phase-I AJ/DRGB-Package-6,2026-07,846.59,22.0,705.48,83.332,0.77,0.1093,100.0,0.0,0.0,24.0,59.0,-35.0,2.4583,1.0,16.668,0.8333,100.0,0.0,7,8,0.0,0.0,0.77,29.29,0.0,5.5786,0,0,0,1,0,0,Ministry of Road Transport & Highways,Roads & Highways,NHAI,Rajasthan
618613,Deogarh near Dhandhaniya-Rajasthan/Gujarat Border Phase-I AJ/DRGB-Package-7,2026-07,662.08,21.0,561.75,84.8462,0.75,0.1337,99.2,0.0,0.0,24.0,60.0,-36.0,2.5,1.0,14.3538,0.8553,100.0,-0.8,7,8,0.0,0.0,0.75,49.99,-0.1143,8.3857,0,0,0,1,0,0,Ministry of Road Transport & Highways,Roads & Highways,NHAI,Rajasthan
618614,Sanchore - Santalpur from km 67.000 - km 99.000 of NH-754K AJ-RGBS-Package-3,2026-05,752.3,18.0,569.58,75.7118,0.15,0.0263,99.0,0.0,0.0,24.0,57.0,-33.0,2.375,1.0,23.2882,0.7648,100.0,-1.0,5,6,0.0,0.0,0.15,2.61,0.0,1.754,0,0,0,1,0,0,Ministry of Road Transport & Highways,Roads & Highways,National Highways Authority of India [NHAI],Gujarat
618615,Sanchore - Santalpur from km 99.000 - km 130.073 of NH-754K AJ-RGBS-Package-4,2026-07,778.15,13.0,767.83,98.6738,3.83,0.5013,99.7,0.0,0.0,24.0,64.0,-40.0,2.6667,1.0,1.0262,0.9897,100.0,-0.3,7,8,0.0,0.0,3.83,95.24,3.8143,14.95,0,0,0,1,0,0,Ministry of Road Transport & Highways,Roads & Highways,NHAI,Gujarat
618616,4L of Dhrol bypass section of NH-151A Approx. length 5.7 Km & widening upto 4 laning of missing link of Amran section of NH-151A Approx. length 6.55 Km from existing Ch. 42000 to 48500 of ongoing Dhrol-Bhadra-Pipaliya section of NH-151A,2026-07,625.58,11.0,151.99,24.2959,11.94,8.5255,35.47,3.37,10.4984,24.0,17.0,7.0,0.7083,0.0,11.1741,0.685,70.8333,-35.3633,6,7,3.37,4.42,11.94,25.86,4.245,16.935,0,0,0,0,0,0,Ministry of Road Transport & Highways,Roads & Highways,NHAI,Gujarat
618617,6L Amritsar-Bathinda Greenfield section from village Tiba on NE-5A to Jn. with Moga Jalandhar road NH-703 near Dharamkot from km 0.000 to km 39.000 of NH-754A Pkg-1,2026-07,1229.38,20.0,1014.98,82.5603,45.95,4.7419,72.41,0.81,1.1313,24.0,44.0,-20.0,1.8333,1.0,-10.1503,1.1402,100.0,-27.59,7,8,0.81,1.39,45.95,242.16,1.2014,40.4157,0,0,0,1,0,0,Ministry of Road Transport & Highways,Roads & Highways,NHAI,Punjab
618618,6L Amritsar-Bathinda Greenfield section from Jn. with Bhagta Bhai Ka-Bhadaur Road near Dyalpura Bhai Ka to Jn. with Mandi Dabwali Bathinda Road on NH-54 near Sangat Kalan from km 93.000 to km 154.866 of NH-754A Pkg-3,2026-07,2029.17,39.0,1442.16,71.0714,2.05,0.1424,74.0,2.0,2.7778,24.0,25.0,-1.0,1.0417,1.0,2.9286,0.9604,100.0,-26.0,7,8,2.0,2.0,2.05,927.05,1.2857,133.9043,0,0,0,1,0,0,Ministry of Road Transport & Highways,Roads & Highways,NHAI,Punjab
618619,Bypass on Western side of Gwalior City,2026-07,998.95,10.0,195.31,19.5515,0.2,0.1025,0.0,0.0,,24.0,6.0,18.0,0.25,0.0,-19.5515,,25.0,-25.0,6,7,0.0,0.0,0.2,173.25,0.0,30.6833,0,0,0,0,0,0,Ministry of Road Transport & Highways,Roads & Highways,NHAI,Madhya Pradesh
618620,"Additional works 2VUPs, MR-10 junction flyover and underpass in Six lane Indore- Dewas section of NH-52 in the state of Madhya Pradesh on EPC Mode",2026-07,207.77,5.0,150.59,72.4792,8.05,5.6475,79.72,0.0,0.0,18.0,42.0,-24.0,2.3333,1.0,7.2408,0.9092,100.0,-20.28,5,6,0.0,0.0,8.05,19.86,3.144,8.386,0,0,0,1,0,0,Ministry of Road Transport & Highways,Roads & Highways,NHAI,Madhya Pradesh
618621,Indore - Edlabad Pkg-II [Tejajinagar to Balwara],2026-07,1162.8,10.0,824.5,70.9064,13.34,1.6446,87.3,0.0,0.0,24.0,42.0,-18.0,1.75,1.0,16.3936,0.8122,100.0,-12.7,7,8,0.0,1.7,13.34,277.29,1.1857,48.5757,0,0,0,1,0,0,Ministry of Road Transport & Highways,Roads & Highways,NHAI,Madhya Pradesh
618622,4L of Indore - Boregaon Pkg-III [Balwara to Dhangaon] from km. 42.260 to km. 82.660 of NH347BG & 753L,2026-07,1001.69,15.0,835.15,83.3741,9.59,1.1616,92.5,2.0,2.2099,24.0,51.0,-27.0,2.125,1.0,9.1259,0.9013,100.0,-7.5,7,8,2.0,2.0,9.59,121.37,0.7857,22.2843,0,0,0,1,0,0,Ministry of Road Transport & Highways,Roads & Highways,NHAI,Madhya Pradesh
618623,4L Boregaon Buzurg to Shahpur Pkg I of Boregaon Buzurg to Muktainagar of NH 753L,2026-07,1504.37,15.0,556.86,37.0162,29.52,5.5979,90.1,0.0,0.0,23.0,29.0,-6.0,1.2609,1.0,53.0838,0.4108,100.0,-9.9,5,6,0.0,1.9,29.52,55.41,2.02,25.118,0,0,0,1,0,0,Ministry of Road Transport & Highways,Roads & Highways,NHAI,Madhya Pradesh
618624,Mangloor to Telangana Maharashtra Border,2026-05,1082.65,13.0,180.13,16.6379,0.0,0.0,96.02,0.0,0.0,24.0,85.0,-61.0,3.5417,1.0,79.3821,0.1733,100.0,-3.98,3,4,0.0,0.0,0.0,0.0,0.0067,0.0,0,0,0,1,0,0,Ministry of Road Transport & Highways,Roads & Highways,National Highways Authority of India [NHAI],"Multi-States
(Maharashtra,
Telangana)"
618625,Indore - Gujarat / MP Border from km. Km 9.500 to Km 171.000 of NH-59 in MP,2026-05,1175.0,8.0,14.04,1.1949,0.0,0.0,99.93,0.0,0.0,30.0,189.0,-159.0,6.3,1.0,98.7351,0.012,100.0,-0.07,3,4,0.0,0.0,0.0,0.0,0.31,4.2367,0,0,0,1,0,0,Ministry of Road Transport & Highways,Roads & Highways,National Highways Authority of India [NHAI],Madhya Pradesh
618626,Four laning from Dive Ghat Km. 220.900 to Hadapsar Km. 234.150 of Mohol Alandi section Pkg VI of NH-965,2026-07,819.52,10.0,141.4,17.254,18.6,15.1466,70.01,5.06,7.7906,24.0,21.0,3.0,0.875,0.0,52.756,0.2465,87.5,-17.49,5,6,5.06,6.88,18.6,20.38,3.002,7.398,0,0,0,0,0,0,Ministry of Road Transport & Highways,Roads & Highways,NHAI,Maharashtra
618627,Construction of 7 Nos of Standalone safety structures/works at different locations on various NHs,2026-07,168.52,6.0,26.78,15.8913,0.23,0.8663,33.35,0.0,0.0,18.0,12.0,6.0,0.6667,0.0,17.4587,0.4765,66.6667,-33.3167,6,7,0.0,6.98,0.23,9.17,4.725,4.3533,0,0,0,0,0,0,Ministry of Road Transport & Highways,Roads & Highways,NHAI,Maharashtra
618628,Strengthening of Existing Alignment of Pandharpur Town Part Bypassed Section of NH 965 from KM 36.230 to KM 44.230 from Chh. Shivaji Maharaj Chowk to Wakhari,2026-07,150.21,15.0,76.45,50.8954,11.09,16.9676,69.25,21.25,44.2708,23.0,32.0,-9.0,1.3913,1.0,18.3546,0.735,100.0,-30.75,5,6,21.25,21.25,11.09,11.29,4.25,4.724,0,0,0,1,0,0,Ministry of Road Transport & Highways,Roads & Highways,NHAI,Maharashtra
618629,Nandigama Bypass and Kanchikacherla bypass,2026-07,416.07,4.0,387.77,93.1983,0.0,0.0,98.47,0.0,0.0,15.0,100.0,-85.0,6.6667,1.0,5.2717,0.9465,100.0,-1.53,5,6,0.0,0.0,0.0,277.12,0.094,64.786,0,0,0,1,0,0,Ministry of Road Transport & Highways,Roads & Highways,NHAI,Andhra Pradesh
618630,6L of MH/KN Border Nimbal Village to KN/TS Border Singnodi Village from Km. 26.000 to Km. 97.000 in Gulbarga of NH-150C Pkg-II,2026-07,2355.56,10.0,1012.1,42.9664,47.35,4.908,81.35,1.48,1.853,30.0,43.0,-13.0,1.4333,1.0,38.3836,0.5282,100.0,-18.65,7,8,1.48,3.63,47.35,124.37,3.7643,45.1043,0,0,0,1,0,0,Ministry of Road Transport & Highways,Roads & Highways,NHAI,Karnataka
618631,6L of MH/KN Border Nimbal Village to KN/TS Border Singnodi Village from Km. 162.5 to Km. 203.100 in Raichur of NH-150C Pkg-IV,2026-07,1499.73,8.0,840.31,56.0308,0.01,0.0012,99.51,0.0,0.0,30.0,44.0,-14.0,1.4667,1.0,43.4792,0.5631,100.0,-0.49,5,6,0.0,0.0,0.01,10.83,0.102,13.192,0,0,0,1,0,0,Ministry of Road Transport & Highways,Roads & Highways,NHAI,"Multi-States
(Karnataka,
Telangana)"
618632,6L Access Controlled Greenfield Highway of Nandinne village to Julekal village from Km 202.900 to Km 242.200 Pkg-1,2026-07,972.06,11.0,459.49,47.2697,0.04,0.0087,93.79,2.32,2.5364,24.0,42.0,-18.0,1.75,1.0,46.5203,0.504,100.0,-6.21,7,8,2.32,2.32,0.04,16.18,2.97,7.9186,0,0,0,1,0,0,Ministry of Road Transport & Highways,Roads & Highways,NHAI,"Multi-States
(Karnataka,
Telangana)"
618633,4L of Kadapa China Orampadu section of NH-716 Package I of Kadapa-Renigunta section,2026-07,1732.66,39.0,106.39,6.1403,0.62,0.5862,5.01,2.71,117.8261,24.0,4.0,20.0,0.1667,0.0,-1.1303,1.2256,16.6667,-11.6567,3,4,2.71,4.01,0.62,106.36,1.67,35.4533,0,0,0,0,0,0,Ministry of Road Transport & Highways,Roads & Highways,NHAI,Andhra Pradesh
618634,6L of Veera Kaveri Raja Puram to Pondavakkam from km 61.380 to km 96.040 of NH 716B Pkg-III,2026-07,1439.77,22.0,808.62,56.1631,0.17,0.021,98.89,0.0,0.0,24.0,42.0,-18.0,1.75,1.0,42.7269,0.5679,100.0,-1.11,7,8,0.0,0.0,0.17,73.62,0.1271,17.5971,0,0,0,1,0,0,Ministry of Road Transport & Highways,Roads & Highways,NHAI,"Multi-States
(Andhra Pradesh,
Tamil Nadu)"
618635,6L of Pondavakkam to Kannigaipair from km 96.040 to km 116.100 of NH 716B Pkg- IV,2026-07,1359.81,23.0,409.35,30.1035,0.13,0.0318,44.53,3.65,8.9286,24.0,42.0,-18.0,1.75,1.0,14.4265,0.676,100.0,-55.47,7,8,3.65,5.15,0.13,72.19,1.9329,15.3686,0,0,0,1,0,0,Ministry of Road Transport & Highways,Roads & Highways,NHAI,Tamil Nadu
618636,Akkalkot MH/KN border New Greenfield corridor from Km 512.000 to Km 548.400 of NH-150C part of Akkalkot KN/TS Border section Package XIV,2026-07,1370.75,19.0,322.92,23.5579,22.67,7.5504,57.62,4.31,8.0848,24.0,21.0,3.0,0.875,0.0,34.0621,0.4088,87.5,-29.88,5,6,4.31,8.27,22.67,47.14,3.324,22.164,0,0,0,0,0,0,Ministry of Road Transport & Highways,Roads & Highways,NHAI,"Multi-States
(Karnataka,
Maharashtra)"
618637,Bal. Works of Fagne Km. 510.000 to Maharashtra/Gujarat Border Km. 650.794,2026-07,1654.07,9.0,1447.76,87.5271,31.27,2.2076,99.7,2.04,2.0889,24.0,70.0,-46.0,2.9167,1.0,12.1729,0.8779,100.0,-0.3,7,8,2.04,2.04,31.27,90.65,2.2429,22.1,0,0,0,1,0,0,Ministry of Road Transport & Highways,Roads & Highways,NHAI,"Multi-States
(Gujarat,
Maharashtra)"
618638,Tarsod - Fagne section of NH-6,2026-05,2267.99,31.0,990.0,43.651,0.0,0.0,98.84,0.0,0.0,30.0,88.0,-58.0,2.9333,1.0,55.189,0.4416,100.0,-1.16,3,4,0.0,0.0,0.0,0.0,0.28,66.74,0,0,0,1,0,0,Ministry of Road Transport & Highways,Roads & Highways,National Highways Authority of India [NHAI],Maharashtra
618639,4L of Bilaspur to Urga km 0.00 to 70.2 of NH-130A,2026-07,1855.59,23.0,1470.78,79.2621,2.31,0.1573,94.81,0.0,0.0,24.0,52.0,-28.0,2.1667,1.0,15.5479,0.836,100.0,-5.19,6,7,0.0,0.0,2.31,175.54,0.135,125.17,0,0,0,1,0,0,Ministry of Road Transport & Highways,Roads & Highways,NHAI,Chhattisgarh
618640,4L of Urga - Pathalgaon from Km. 70.200 to km. 157.745 of NH-130A,2026-07,2261.3,23.0,1120.45,49.5489,69.94,6.6577,81.5,1.45,1.8114,30.0,29.0,1.0,0.9667,0.0,31.9511,0.608,96.6667,-15.1667,5,6,1.45,7.07,69.94,159.14,3.7,58.044,0,0,0,0,0,0,Ministry of Road Transport & Highways,Roads & Highways,NHAI,Chhattisgarh
618641,4 Lane of CG/JH Border-Gumla from km 0.000 to km 32.370 of NH-43 in the State of Jhrkhand,2026-07,1325.8,18.0,293.4,22.13,0.49,0.1673,9.76,4.03,70.3316,24.0,5.0,19.0,0.2083,0.0,-12.37,2.2674,20.8333,-11.0733,5,6,4.03,8.41,0.49,279.53,1.952,56.142,0,0,0,0,0,0,Ministry of Road Transport & Highways,Roads & Highways,NHAI,Jharkhand
618642,4L of Palma to Gumla from km. 26.00 to km. 89.170 of NH-23,2026-07,1882.93,25.0,1371.55,72.8413,2.36,0.1724,99.9,0.01,0.01,23.0,51.0,-28.0,2.2174,1.0,27.0587,0.7291,100.0,-0.1,7,8,0.01,0.94,2.36,452.68,0.2714,77.8257,0,0,0,1,0,0,Ministry of Road Transport & Highways,Roads & Highways,NHAI,Jharkhand
618644,4L of Ormanjhi-Gola section from Km 81.450 to Km 53.600 of NH- 320BPKG-II,2026-07,1214.93,16.0,993.6,81.7825,0.02,0.002,86.57,0.0,0.0,24.0,37.0,-13.0,1.5417,1.0,4.7875,0.9447,100.0,-13.43,7,8,0.0,0.0,0.02,129.34,-0.0614,32.9286,0,0,0,1,0,0,Ministry of Road Transport & Highways,Roads & Highways,NHAI,Jharkhand
618645,4L of Gola-BokaroJaina More section from Km 53.600 to Km 21.110 of NH-320PKG-1,2026-07,1007.97,16.0,617.85,61.2965,7.95,1.3035,78.1,0.0,0.0,24.0,37.0,-13.0,1.5417,1.0,16.8035,0.7848,100.0,-21.9,7,8,0.0,0.0,7.95,178.81,0.8714,35.8971,0,0,0,1,0,0,Ministry of Road Transport & Highways,Roads & Highways,NHAI,Jharkhand
618646,4L of Pathalgaon-Kunkuri-CG/JH Border section of NH-43 from Km. 00.000 to Km.104.250,2026-07,3147.07,20.0,0.03,0.001,0.0,0.0,0.0,0.0,,36.0,3.0,33.0,0.0833,0.0,-0.001,,8.3333,-8.3333,2,3,0.0,0.0,0.0,0.03,0.0,0.015,0,0,0,0,0,0,Ministry of Road Transport & Highways,Roads & Highways,NHAI,Chhattisgarh
618647,6L Access Controlled Ludhiana-Bathinda Greenfield highway from Jn. with Amritsar- Bathanda Greenfield Road NH-754A near Rampura Phul to Jn. with Moga-Barnala Road NH-703 near village Tallewal from Km 0.0 to Km 30.3 of NH-754AD Pkg-1,2026-07,906.51,27.0,687.82,75.8756,0.07,0.0102,81.5,0.0,0.0,24.0,34.0,-10.0,1.4167,1.0,5.6244,0.931,100.0,-18.5,7,8,0.0,0.0,0.07,197.59,0.5,36.9114,0,0,0,1,0,0,Ministry of Road Transport & Highways,Roads & Highways,NHAI,Punjab
618648,"Development of 6-lane Greenfield Southern Ludhiana Bypass from intersection with NH-44 near Village Rajgarh to intersection with Delhi Katra Expressway NE-5 near Village Ballowal, km 0000 to km 25240",2026-07,1424.55,16.0,162.39,11.3994,17.25,11.8851,5.79,2.25,63.5593,24.0,4.0,20.0,0.1667,0.0,-5.6094,1.9688,16.6667,-10.8767,1,2,2.25,,17.25,,2.25,17.25,0,0,0,0,0,0,Ministry of Road Transport & Highways,Roads & Highways,NHAI,Punjab
618649,4 Lane with PS from Des. Ch 228.500 to Des. Ch. 273.400 of Belgaum-Hungund- Raichur Section of NH 748 A Package-6,2026-07,1246.15,20.0,399.31,32.0435,18.04,4.7316,53.8,0.0,0.0,24.0,20.0,4.0,0.8333,0.0,21.7565,0.5956,83.3333,-29.5333,5,6,0.0,2.63,18.04,122.53,2.76,40.268,0,0,0,0,0,0,Ministry of Road Transport & Highways,Roads & Highways,NHAI,Karnataka
618650,4 Lane with PS from Des. Ch 89.900 to Des. Ch. 136.100 of Belgaum-Hungund- Raichur Section of NH-748A Package-3,2026-07,1363.9,15.0,306.09,22.4423,3.79,1.2537,24.5,2.0,8.8889,24.0,15.0,9.0,0.625,0.0,2.0577,0.916,62.5,-38.0,5,6,2.0,4.05,3.79,190.15,2.7,46.63,0,0,0,0,0,0,Ministry of Road Transport & Highways,Roads & Highways,NHAI,Karnataka
618651,4 Lane with PS from Des. Ch 43.800 to Des. Ch. 89.900 of Belgaum-Hungund- Raichur Section of NH-748A Package-2,2026-07,1427.88,13.0,594.55,41.6387,0.0,0.0,58.7,9.9,20.2869,23.0,16.0,7.0,0.6957,0.0,17.0613,0.7093,69.5652,-10.8652,6,7,9.9,9.9,0.0,138.96,4.6167,32.775,0,0,0,0,0,0,Ministry of Road Transport & Highways,Roads & Highways,NHAI,Karnataka
618652,Chakur Loha Section of NH-361 from km 114.600 to km 187.80,2026-05,1241.38,12.0,785.13,63.2465,0.0,0.0,100.0,0.0,0.0,24.0,86.0,-62.0,3.5833,1.0,36.7535,0.6325,100.0,0.0,3,4,0.0,0.0,0.0,0.0,0.0,0.0,0,0,0,1,0,0,Ministry of Road Transport & Highways,Roads & Highways,National Highways Authority of India [NHAI],Maharashtra
618653,Loha-Waranga Section of NH-361 from km 187.800 to km 244.369,2026-07,1236.08,12.0,1503.59,121.6418,0.04,0.0027,96.22,0.0,0.0,24.0,88.0,-64.0,3.6667,1.0,-25.4218,1.2642,100.0,-3.78,5,6,0.0,0.0,0.04,602.81,0.044,135.96,0,0,0,1,0,0,Ministry of Road Transport & Highways,Roads & Highways,NHAI,Maharashtra
618654,4L Greenfield Rudhi to Deshgaon Pkg V of Betul-Khandwa/Deshgaon,2026-07,521.21,11.0,199.48,38.2725,0.0,0.0,63.79,0.0,0.0,24.0,33.0,-9.0,1.375,1.0,25.5175,0.6,100.0,-36.21,7,8,0.0,0.0,0.0,3.31,0.6843,5.2329,0,0,0,1,0,0,Ministry of Road Transport & Highways,Roads & Highways,NHAI,Madhya Pradesh
618655,2L PS of Roshni to Ashapur Section of NH-347B from Design KM Ch. 89.900 to 114.000 KM Package III of Betul Khandwa,2026-07,200.99,5.0,126.72,63.0479,0.0,0.0,98.85,0.59,0.6004,24.0,23.0,1.0,0.9583,0.0,35.8021,0.6378,95.8333,3.0167,5,6,0.59,4.92,0.0,16.87,3.37,7.406,0,0,0,0,0,0,Ministry of Road Transport & Highways,Roads & Highways,NHAI,Madhya Pradesh
618661,4L from km 0.000 to 42.040 Bhopal Ratnaigiri Tiraha to Vidisha Morikodi,2026-07,1032.3,13.0,179.87,17.4242,1.57,0.8805,20.23,3.12,18.235,24.0,8.0,16.0,0.3333,0.0,2.8058,0.8613,33.3333,-13.1033,6,7,3.12,9.18,1.57,105.9,3.205,29.3267,0,0,0,0,0,0,Ministry of Road Transport & Highways,Roads & Highways,NHAI,Madhya Pradesh
618662,4L Vidisha Gyaraspur section of NH-146 from Design Chainage km 59475 existing chainage km 81240 to Design Chainage km 88361 existing chainage km 110.315,2026-07,980.2,17.0,113.09,11.5374,16.68,17.3011,12.25,1.15,10.3604,24.0,4.0,20.0,0.1667,0.0,0.7126,0.9418,16.6667,-4.4167,3,4,1.15,6.07,16.68,111.53,3.5167,37.4267,0,0,0,0,0,0,Ministry of Road Transport & Highways,Roads & Highways,NHAI,Madhya Pradesh
618663,i 4L Vidisha to Hinotiya from km 0.000 to Km 27.000 Vidisha Mehulwa-Talbehat Pkg- I Section of NH- 346 and ii 4L Vidisha to Morikori from Km 39.000 to 59.476 section of NH-146,2026-07,1003.87,15.0,434.04,43.2367,35.91,9.0197,90.04,0.0,0.0,24.0,31.0,-7.0,1.2917,1.0,46.8033,0.4802,100.0,-9.96,7,8,0.0,2.9,35.91,49.3,2.8629,18.3786,0,0,0,1,0,0,Ministry of Road Transport & Highways,Roads & Highways,NHAI,Madhya Pradesh
618664,Berkhedi to Godpehra on NH-44 Sagar link road,2026-07,524.84,9.0,385.98,73.5424,0.02,0.0052,93.05,1.0,1.0864,24.0,44.0,-20.0,1.8333,1.0,19.5076,0.7904,100.0,-6.95,7,8,1.0,1.55,0.02,14.9,13.2929,13.2971,0,0,0,1,0,0,Ministry of Road Transport & Highways,Roads & Highways,NHAI,Madhya Pradesh
618665,4L of Sagar - Mohari from Km.8 to Km.50 Pkg-I,2026-05,790.78,13.0,454.54,57.48,-0.23,-0.0506,98.64,0.0,0.0,24.0,49.0,-25.0,2.0417,1.0,41.16,0.5827,100.0,-1.36,5,6,0.0,5.11,-0.23,17.39,4.728,8.632,0,0,0,1,0,0,Ministry of Road Transport & Highways,Roads & Highways,National Highways Authority of India [NHAI],Madhya Pradesh
618666,4- Laning of Mohari to Satai Ghat section NH-934 from Km 50300 to Km 89875 Total length 39.575 km Package-2 in the State of Madhya Pradesh on EPC Mode,2026-07,710.92,24.0,518.99,73.0026,13.22,2.6138,99.5,3.84,4.0142,24.0,23.0,1.0,0.9583,0.0,26.4974,0.7337,95.8333,3.6667,5,6,3.84,6.19,13.22,51.66,3.7,26.072,0,0,0,0,0,0,Ministry of Road Transport & Highways,Roads & Highways,NHAI,Madhya Pradesh
618667,4L of near Satai Ghat to Chowka section of NH-34 from D. Ch. 89.875 to D. Ch. 145.000 Package-3,2026-07,1005.59,12.0,193.4,19.2325,0.3,0.1554,38.26,3.34,9.5647,24.0,9.0,15.0,0.375,0.0,19.0275,0.5027,37.5,0.76,6,7,3.34,10.52,0.3,81.42,5.5433,29.8367,0,0,0,0,0,0,Ministry of Road Transport & Highways,Roads & Highways,NHAI,Madhya Pradesh
618668,4L of Chowka to Kaimaha near MP/UP Border section NH-34 from D. Ch. 145.000 to D. Ch. 197.266 excluding existing Chhatarpur bypass from D. Ch. 160.307 to D. Ch. 168.630 Package-4,2026-07,996.5,11.0,312.98,31.4079,24.29,8.4139,49.18,4.26,9.4835,24.0,10.0,14.0,0.4167,0.0,17.7721,0.6386,41.6667,7.5133,6,7,4.26,15.91,24.29,175.79,5.3633,35.3467,0,0,0,0,0,0,Ministry of Road Transport & Highways,Roads & Highways,NHAI,"Multi-States
(Madhya Pradesh,
Uttar Pradesh)"
618669,4 -Laning of MP/UP Border to Kabarai section of NH-34&35 from km 197.000 to km 242.991 Length 45.991 Km Sagar-Kabrai Package-5 under Bharat Mala Pariyojana EC in MP & UP on HAM,2026-07,1632.93,28.0,574.07,35.1558,44.26,8.3539,61.77,1.75,2.9157,24.0,17.0,7.0,0.7083,0.0,26.6142,0.5691,70.8333,-9.0633,5,6,1.75,8.02,44.26,235.43,3.954,60.022,0,0,0,0,0,0,Ministry of Road Transport & Highways,Roads & Highways,NHAI,Uttar Pradesh
618671,4-lanning of Rahatgarh to Berkhedi section of NH-146 from Design Ch 124470 to Ch. 134.549,2026-07,618.33,9.0,53.19,8.6022,0.06,0.1129,14.6,2.53,20.9611,24.0,7.0,17.0,0.2917,0.0,5.9978,0.5892,29.1667,-14.5667,6,7,2.53,6.09,0.06,28.62,2.4333,8.2533,0,0,0,0,0,0,Ministry of Road Transport & Highways,Roads & Highways,NHAI,Madhya Pradesh
618672,4-lanning of Gyaraspur to Rahatgarh section of NH-146 from Design Ch. 88361 to Ch 124470 in the state of MP on HAM mode,2026-07,903.44,13.0,169.82,18.797,0.07,0.0412,35.25,2.11,6.3669,24.0,8.0,16.0,0.3333,0.0,16.453,0.5332,33.3333,1.9167,6,7,2.11,5.24,0.07,60.93,5.0417,20.1217,0,0,0,0,0,0,Ministry of Road Transport & Highways,Roads & Highways,NHAI,Madhya Pradesh
618673,Development of 6L of Jhanki Sargi Section Road from km 0.000 to km 42.800 of NH- 130CD Pkg-CG-1,2026-07,1368.19,10.0,715.32,52.2822,0.07,0.0098,99.35,0.0,0.0,24.0,46.0,-22.0,1.9167,1.0,47.0678,0.5262,100.0,-0.65,7,8,0.0,0.96,0.07,41.8,3.1929,14.6143,0,0,0,1,0,0,Ministry of Road Transport & Highways,Roads & Highways,NHAI,Chhattisgarh
618674,Development of 6L Sargi Basanwahi Section from km 42.800 to km 99.500 of NH- 130CD Pkg-CG-2,2026-07,1470.73,13.0,757.62,51.5132,0.03,0.004,100.0,0.0,0.0,24.0,42.0,-18.0,1.75,1.0,48.4868,0.5151,100.0,0.0,7,8,0.0,0.0,0.03,1.5,1.1429,9.0443,0,0,0,1,0,0,Ministry of Road Transport & Highways,Roads & Highways,NHAI,Chhattisgarh
618675,Development of 6L of Basanwahi Marangpuri Section from km 99.500 to km 124.661 of NH-130-CD,2026-07,1307.16,19.0,489.55,37.4514,7.92,1.6444,70.73,3.93,5.8832,24.0,33.0,-9.0,1.375,1.0,33.2786,0.5295,100.0,-29.27,7,8,3.93,5.84,7.92,9.31,2.5329,16.5743,0,0,0,1,0,0,Ministry of Road Transport & Highways,Roads & Highways,NHAI,Chhattisgarh
618676,6L of Dhanara - Hatibena Section from Km 124.611 to km 146.50 of NH-130-CD Package OD-1,2026-05,477.76,13.0,297.98,62.3702,0.0,0.0,99.95,0.0,0.0,24.0,50.0,-26.0,2.0833,1.0,37.5798,0.624,100.0,-0.05,5,6,0.0,0.0,0.0,0.0,0.19,4.216,0,0,0,1,0,0,Ministry of Road Transport & Highways,Roads & Highways,National Highways Authority of India [NHAI],"Multi-States
(Chhattisgarh,
Odisha)"
618677,6L Greenfield Kaliagura Baunsaguar Section of NH-130-CD Road from km 249000 to km 293000 Package OD-5,2026-07,1539.75,8.0,1026.67,66.6777,28.54,2.8593,97.8,1.0,1.0331,24.0,50.0,-26.0,2.0833,1.0,31.1223,0.6818,100.0,-2.2,7,8,1.0,2.21,28.54,47.78,0.8286,20.8029,0,0,0,1,0,0,Ministry of Road Transport & Highways,Roads & Highways,NHAI,Odisha
618678,6L Greenfield Baunsaguar - Baraja Section of NH-130-CD Road from km 293000 to km 338500 Package OD-6,2026-07,1265.59,10.0,1001.24,79.1125,31.93,3.2941,99.6,0.2,0.2012,23.0,49.0,-26.0,2.1304,1.0,20.4875,0.7943,100.0,-0.4,7,8,0.2,0.56,31.93,131.84,0.2286,34.14,0,0,0,1,0,0,Ministry of Road Transport & Highways,Roads & Highways,NHAI,Odisha
618680,6L Greenfield Kandili - Aluru Section of NH-130-CD Road from km 342500 to km 365033 Package-OD-8,2026-07,1492.74,10.0,1088.96,72.9504,24.15,2.268,99.9,0.0,0.0,24.0,45.0,-21.0,1.875,1.0,26.9496,0.7302,100.0,-0.1,7,8,0.0,0.0,24.15,38.75,1.1286,17.6986,0,0,0,1,0,0,Ministry of Road Transport & Highways,Roads & Highways,NHAI,Odisha
618681,6L Aluru - Jakkuva Section of NH-130CD Road from km 365.033 to km 396.800 Pkg. 1,2026-07,1216.12,13.0,703.33,57.8339,5.38,0.7708,99.63,0.0,0.0,24.0,52.0,-28.0,2.1667,1.0,41.7961,0.5805,100.0,-0.37,7,8,0.0,0.0,5.38,5.46,1.3757,10.8357,0,0,0,1,0,0,Ministry of Road Transport & Highways,Roads & Highways,NHAI,"Multi-States
(Andhra Pradesh,
Odisha)"
618682,6L Korlam-Kantakapalle Section of NH-130CD Road from Km 421.100 to Km 445.100 Pkg-3,2026-07,1112.7,12.0,849.98,76.389,0.01,0.0012,99.5,0.0,0.0,24.0,53.0,-29.0,2.2083,1.0,23.111,0.7677,100.0,-0.5,5,6,0.0,0.24,0.01,26.29,0.1,36.142,0,0,0,1,0,0,Ministry of Road Transport & Highways,Roads & Highways,NHAI,Andhra Pradesh
618684,Outer Ring Road of Jabalpur Town from Manegaon to NH-45 Pkg-2,2026-07,917.26,16.0,520.38,56.732,7.81,1.5237,78.75,3.14,4.1529,24.0,28.0,-4.0,1.1667,1.0,22.018,0.7204,100.0,-21.25,5,6,3.14,3.14,7.81,21.25,1.35,12.12,0,0,0,1,0,0,Ministry of Road Transport & Highways,Roads & Highways,NHAI,Madhya Pradesh
618685,Outer Ring Road of Jabalpur Town from NH45 to Kushner Pkg-3,2026-07,911.24,18.0,552.62,60.6448,0.62,0.1123,79.8,0.0,0.0,24.0,28.0,-4.0,1.1667,1.0,19.1552,0.76,100.0,-20.2,5,6,0.0,0.0,0.62,50.06,2.16,18.578,0,0,0,1,0,0,Ministry of Road Transport & Highways,Roads & Highways,NHAI,Madhya Pradesh
618686,Outer Ring Road of Jabalpur Town from Kushner to Amjhar Road including Airport Connectivity Pkg-IV,2026-07,612.94,19.0,363.91,59.3712,0.0,0.0,79.63,0.0,0.0,24.0,28.0,-4.0,1.1667,1.0,20.2588,0.7456,100.0,-20.37,5,6,0.0,3.53,0.0,22.01,1.526,7.42,0,0,0,1,0,0,Ministry of Road Transport & Highways,Roads & Highways,NHAI,Madhya Pradesh
618687,Outer Ring Road of Jabalpur Town from Barela to Manegaon Pkg-1,2026-07,652.33,6.0,500.97,76.797,17.79,3.6819,89.72,0.0,0.0,24.0,40.0,-16.0,1.6667,1.0,12.923,0.856,100.0,-10.28,6,7,0.0,1.72,17.79,18.04,1.62,9.36,0,0,0,1,0,0,Ministry of Road Transport & Highways,Roads & Highways,NHAI,Madhya Pradesh
618688,Outer Ring Road of Jabalpur Town from Amjhar Road including Airport Connectivity to barela Pkg-V,2026-07,794.7,12.0,105.34,13.2553,20.97,24.8548,32.38,2.12,7.0059,24.0,9.0,15.0,0.375,0.0,19.1247,0.4094,37.5,-5.12,6,7,2.12,5.43,20.97,35.85,4.3967,13.3717,0,0,0,0,0,0,Ministry of Road Transport & Highways,Roads & Highways,NHAI,Madhya Pradesh
618689,4L Rampur Bypass from Km. 181.000 to Km. 189.500,2026-02,364.47,12.0,272.05,74.6426,0.37,0.1362,99.0,0.0,0.0,18.0,40.0,-22.0,2.2222,1.0,24.3574,0.754,100.0,-1.0,2,3,0.0,0.0,0.37,0.44,0.0,0.22,0,0,0,1,0,0,Ministry of Road Transport & Highways,Roads & Highways,National Highways Authority of India [NHAI],Uttar Pradesh
618690,"4 lanning of Aligarh Palwal section from km 0.00 to km 46.39 package -1 from khereshwar junction-kurana of NH33D , including khair & jattari bypass in the state of UP on HAM mode",2026-07,1663.38,12.0,590.53,35.5018,37.19,6.721,21.25,1.75,8.9744,24.0,16.0,8.0,0.6667,0.0,-14.2518,1.6707,66.6667,-45.4167,5,6,1.75,4.5,37.19,45.72,2.25,25.928,0,0,0,0,0,0,Ministry of Road Transport & Highways,Roads & Highways,NHAI,Uttar Pradesh
618691,4 laning of Aligarh-Palwal Section from Km. 46.390 Design Chainage to Km. 69.110 Terminating at junction EPE Package-II from Kurana- Eastern Peripheral Expressway of NH-334D,2026-07,939.17,17.0,250.21,26.6416,3.35,1.357,17.16,4.66,37.28,24.0,11.0,13.0,0.4583,0.0,-9.4816,1.5525,45.8333,-28.6733,6,7,4.66,6.21,3.35,67.96,2.5267,25.8283,0,0,0,0,0,0,Ministry of Road Transport & Highways,Roads & Highways,NHAI,"Multi-States
(Haryana, Uttar
Pradesh)"
618692,Aligarh-Kanpur Pkg I [Aligarh-Bhadwas],2026-06,1226.64,11.0,1359.14,110.8019,589.74,76.6493,100.0,0.0,0.0,40.0,88.0,-48.0,2.2,1.0,-10.8019,1.108,100.0,0.0,4,5,0.0,0.0,589.74,699.97,0.0,286.325,0,0,0,1,0,0,Ministry of Road Transport & Highways,Roads & Highways,NHAI,Uttar Pradesh
618693,Bodhre - Dhule,2026-07,1344.78,11.0,837.67,62.2905,51.74,6.5833,97.69,0.0,0.0,30.0,54.0,-24.0,1.8,1.0,35.3995,0.6376,100.0,-2.31,7,8,0.0,0.0,51.74,51.89,2.8129,17.8143,0,0,0,1,0,0,Ministry of Road Transport & Highways,Roads & Highways,NHAI,Maharashtra
618694,Indore - Harda Pkg-I [Indore to Raghav Garh from km. 0.25 to km. 26.903],2026-07,1011.29,10.0,688.03,68.0349,0.09,0.0131,96.09,2.25,2.3977,23.0,44.0,-21.0,1.913,1.0,28.0551,0.708,100.0,-3.91,7,8,2.25,3.01,0.09,270.89,3.2986,51.7114,0,0,0,1,0,0,Ministry of Road Transport & Highways,Roads & Highways,NHAI,Madhya Pradesh
618695,Indore - Harda Pkg-III [Nanasa to Pidgaon Section from km 95.000 to km 142.445],2026-05,1146.22,21.0,626.02,54.616,0.01,0.0016,98.21,0.0,0.0,24.0,55.0,-31.0,2.2917,1.0,43.594,0.5561,100.0,-1.79,5,6,0.0,2.0,0.01,59.64,4.042,47.856,0,0,0,1,0,0,Ministry of Road Transport & Highways,Roads & Highways,National Highways Authority of India [NHAI],Madhya Pradesh
618696,Bellary to Byrapura Section km 253.600 to km 308.550 of NH-150A,2026-02,1281.47,19.0,349.37,27.2632,,,100.0,,,24.0,76.0,-52.0,3.1667,1.0,72.7368,0.2726,100.0,0.0,0,1,,,,,,,0,1,0,1,0,0,Ministry of Road Transport & Highways,Roads & Highways,National Highways Authority of India [NHAI],"Multi-States
(Andhra Pradesh,
Karnataka)"
618697,4LPS Access Controlled Highway of Bellary Bypass Balance work from Ch. 254750 to Ch. 266837 and construction of 4LPS from Ch. 277.690 to Ch. 278.690 at D. Hirehal Village Balance work of NH 150A of Bellary Byrapura Section,2026-07,626.01,6.0,113.26,18.0924,1.05,0.9357,38.97,0.89,2.3372,23.0,23.0,0.0,1.0,0.0,20.8776,0.4643,100.0,-61.03,6,7,0.89,2.57,1.05,1.47,3.6617,11.7933,0,0,0,0,0,0,Ministry of Road Transport & Highways,Roads & Highways,NHAI,Karnataka
618698,Challakere to Hariyur section from km 358.500 to km 414.205 of NH-150 A,2026-05,1167.52,34.0,843.6,72.2557,0.0,0.0,99.5,0.0,0.0,24.0,64.0,-40.0,2.6667,1.0,27.2443,0.7262,100.0,-0.5,3,4,0.0,0.0,0.0,0.0,0.1667,0.0,0,0,0,1,0,0,Ministry of Road Transport & Highways,Roads & Highways,National Highways Authority of India [NHAI],Karnataka
618699,Pipli Bhavnagar-Package 1 from km 136.025 to km 169.328,2026-05,819.14,11.0,188.7,23.0364,0.0,0.0,100.0,0.0,0.0,31.0,87.0,-56.0,2.8065,1.0,76.9636,0.2304,100.0,0.0,3,4,0.0,0.0,0.0,0.0,0.0,0.0,0,0,0,1,0,0,Ministry of Road Transport & Highways,Roads & Highways,National Highways Authority of India [NHAI],Gujarat
618700,Renigunta - Poyya - Naidupeta km 124.60 to km 183.4 of NH 71,2026-07,1863.09,22.0,1677.19,90.022,0.11,0.0066,98.6,0.0,0.0,24.0,54.0,-30.0,2.25,1.0,8.578,0.913,100.0,-1.4,7,8,0.0,0.0,0.11,186.91,0.0857,63.6814,0,0,0,1,0,0,Ministry of Road Transport & Highways,Roads & Highways,NHAI,Andhra Pradesh
618701,Balance work of 4L of Nauradehi Sanctuary de-scoped stretch of Hiran River to Sindoor River from Km. 66.00 to 130.00 NH-12 New NH-45,2026-05,178.18,6.0,142.2,79.8069,0.0,0.0,57.14,0.0,0.0,24.0,58.0,-34.0,2.4167,1.0,-22.6669,1.3967,100.0,-42.86,5,6,0.0,0.0,0.0,0.0,0.028,0.0,0,0,0,1,0,0,Ministry of Road Transport & Highways,Roads & Highways,National Highways Authority of India [NHAI],Madhya Pradesh
618702,4L of Addahole Near Gundya to Bantwal Cross section Pkg-02 from Design Km 270.270 to Design km 318.55 including flyover at Kalladka Town including approaches from Km. 311.57 to Km. 313.67 of NH-75 Old NH-48,2026-07,1660.19,11.0,1452.0,87.4599,0.1,0.0069,94.21,0.0,0.0,24.0,56.0,-32.0,2.3333,1.0,6.7501,0.9284,100.0,-5.79,7,8,0.0,0.0,0.1,92.87,0.7443,30.9343,0,0,0,1,0,0,Ministry of Road Transport & Highways,Roads & Highways,NHAI,Karnataka
618704,6L Flyover including RE Wall approaches with Flexible Pavement in the Elephant Corridor of Angul Sambalpur Section of NH-42 New NH-55 Km.202.533,2026-07,150.86,9.0,106.14,70.3566,0.0,0.0,100.0,0.01,0.01,31.0,25.0,6.0,0.8065,0.0,29.6434,0.7036,80.6452,19.3548,5,6,0.01,0.01,0.0,-0.02,0.8,0.802,0,0,0,0,0,0,Ministry of Road Transport & Highways,Roads & Highways,NHAI,Odisha
618705,"4L Godibandha to Ballhar Chhak, Ballhar Chhak to Banarpal & Banarpal to Start of Angul bypass at Km.314.130 to Km.321.035 of NH53, at Km.75.200 to Km.84.000 of NH149 & at Km.84.000 to Km.86.100 of NH55",2026-07,973.12,14.0,241.06,24.7719,2.91,1.2219,5.4,1.2,28.5714,24.0,5.0,19.0,0.2083,0.0,-19.3719,4.5874,20.8333,-15.4333,3,4,1.2,3.4,2.91,75.89,1.3,29.2767,0,0,0,0,0,0,Ministry of Road Transport & Highways,Roads & Highways,NHAI,Odisha
618706,Bangalore-Nidagatta Pkg. I,2026-07,3496.01,15.0,4315.21,123.4324,-0.01,-0.0002,99.19,0.0,0.0,30.0,86.0,-56.0,2.8667,1.0,-24.2424,1.2444,100.0,-0.81,5,6,0.0,0.0,-0.01,3710.58,0.038,741.408,0,0,0,1,0,0,Ministry of Road Transport & Highways,Roads & Highways,NHAI,Karnataka
618707,Additional works under BM1 to ensure road safety under 6L of Bengaluru Mysuru Access control with close toll from Km.17.300 to Km.136.300 of NH-275,2026-07,738.37,14.0,32.83,4.4463,14.92,83.3054,12.67,3.0,31.0238,24.0,6.0,18.0,0.25,0.0,8.2237,0.3509,25.0,-12.33,6,7,3.0,5.38,14.92,18.55,2.1117,5.4717,0,0,0,0,0,0,Ministry of Road Transport & Highways,Roads & Highways,NHAI,Karnataka
618708,Widening/Development of Existing NH-85 from Km 0.000 to Km 124.636 section to 2L/LPS section in the state of Kerala on EPC Mode under Bharatmala Pariyojana,2026-07,1187.47,9.0,782.54,65.8998,4.04,0.5189,81.98,15.1,22.5778,24.0,37.0,-13.0,1.5417,1.0,16.0802,0.8039,100.0,-18.02,7,8,15.1,16.15,4.04,66.77,4.5686,33.86,0,0,0,1,0,0,Ministry of Road Transport & Highways,Roads & Highways,NHAI,Kerala
618709,4L of Left-Over Works of Hospet-Bellary -Karnataka/AP border from Km.280.080 Dec.Ch. to Km.375450Des.Ch. of NH-63 New-67,2026-07,1340.15,2.0,929.02,69.3221,6.95,0.7537,92.51,0.84,0.9163,24.0,38.0,-14.0,1.5833,1.0,23.1879,0.7493,100.0,-7.49,6,7,0.84,1.06,6.95,7.02,1.085,14.2867,0,0,0,1,0,0,Ministry of Road Transport & Highways,Roads & Highways,NHAI,Karnataka
618710,DL/UP Border - EPE Crossing Pkg-02,2026-07,2002.79,8.0,1739.72,86.8648,0.04,0.0023,100.0,0.0,0.0,30.0,62.0,-32.0,2.0667,1.0,13.1352,0.8686,100.0,0.0,7,8,0.0,0.0,0.04,6.56,0.2857,1.1014,0,0,0,1,0,0,Ministry of Road Transport & Highways,Roads & Highways,NHAI,Uttar Pradesh
618711,6L with access control provision Saharanpur bypass to Ganeshpur section from 13.89 Km to 41.820 Km of Delhi- Dehradun Economic Corridor package-2,2026-07,796.65,7.0,508.43,63.821,0.75,0.1477,99.29,0.0,0.0,24.0,44.0,-20.0,1.8333,1.0,35.469,0.6428,100.0,-0.71,7,8,0.0,0.0,0.75,5.6,0.1843,1.9986,0,0,0,1,0,0,Ministry of Road Transport & Highways,Roads & Highways,NHAI,"Multi-States (Uttar
Pradesh,
Uttarakhand)"
618712,6L Access Controlled Greenfield Highway from Kodur Ch. 0000 to Vanavolu Ch. 24300 of [NH-544G] Package-1,2026-07,912.94,13.0,357.89,39.2019,0.0,0.0,87.65,1.02,1.1774,24.0,29.0,-5.0,1.2083,1.0,48.4481,0.4473,100.0,-12.35,7,8,1.02,1.42,0.0,24.49,1.2357,8.22,0,0,0,1,0,0,Ministry of Road Transport & Highways,Roads & Highways,NHAI,Andhra Pradesh
618713,6L Access Controlled Greenfield Highway from Yerragudipadu Ch. 129000 to Audireddipalle Ch. 160000 of [NH 544G] Package-6,2026-07,1200.42,12.0,282.16,23.5051,0.13,0.0461,47.2,2.16,4.7957,24.0,29.0,-5.0,1.2083,1.0,23.6949,0.498,100.0,-52.8,7,8,2.16,4.69,0.13,22.98,3.3143,14.8429,0,0,0,1,0,0,Ministry of Road Transport & Highways,Roads & Highways,NHAI,Andhra Pradesh
618714,6L Access Controlled Greenfield Highway from Nallacheruvu palli Ch. 96300 to Yerragudipadu Ch. 129000 of [NH-544G] Package-5,2026-07,1253.26,24.0,389.19,31.0542,0.73,0.1879,67.05,2.01,3.0904,24.0,29.0,-5.0,1.2083,1.0,35.9958,0.4632,100.0,-32.95,7,8,2.01,3.53,0.73,49.84,3.7214,19.3257,0,0,0,1,0,0,Ministry of Road Transport & Highways,Roads & Highways,NHAI,Andhra Pradesh
618715,6L Access Controlled Greenfield Highway from Odulapalle Ch. 72000 to Nallacheruvu- palli Ch. 96300 of [NH-544G]Package-4,2026-07,1058.9,13.0,403.17,38.0744,0.0,0.0,76.97,1.05,1.383,24.0,29.0,-5.0,1.2083,1.0,38.8956,0.4947,100.0,-23.03,7,8,1.05,1.34,0.0,25.26,1.9957,10.6543,0,0,0,1,0,0,Ministry of Road Transport & Highways,Roads & Highways,NHAI,Andhra Pradesh
618716,6L Access Controlled Greenfield Highway from Vankarakunta Ch. 45700 to Odulapalle Ch. 72000 of [NH-544G]Package-3,2026-07,992.91,15.0,351.23,35.3738,31.18,9.7422,77.21,0.0,0.0,24.0,28.0,-4.0,1.1667,1.0,41.8362,0.4582,100.0,-22.79,7,8,0.0,1.67,31.18,31.19,1.7443,10.24,0,0,0,1,0,0,Ministry of Road Transport & Highways,Roads & Highways,NHAI,Andhra Pradesh
618717,6L Access Controlled Greenfield Highway from Vanavolu Ch. 24300 to Vankarakunta Ch. 45700 of [NH-544G] Package-2,2026-07,750.81,14.0,261.4,34.8157,11.17,4.4639,87.24,1.11,1.2887,24.0,28.0,-4.0,1.1667,1.0,52.4243,0.3991,100.0,-12.76,7,8,1.11,2.52,11.17,34.93,2.1771,8.3243,0,0,0,1,0,0,Ministry of Road Transport & Highways,Roads & Highways,NHAI,Andhra Pradesh
618718,6L Access Controlled Greenfield Highway from Kavulakuntla Ch. 196000 to Narayanmpet Ch. 203500Package-09,2026-07,1092.18,24.0,242.13,22.1694,42.0,20.9864,54.56,6.83,14.3097,24.0,17.0,7.0,0.7083,0.0,32.3906,0.4063,70.8333,-16.2733,6,7,6.83,12.96,42.0,42.01,5.76,20.595,0,0,0,0,0,0,Ministry of Road Transport & Highways,Roads & Highways,NHAI,Andhra Pradesh
618719,6L Access Controlled Greenfield Highway from Mallapalle Ch. 176000 to Kavulakuntla Ch. 196000 Package-08,2026-07,909.02,12.0,290.04,31.9069,0.16,0.0552,65.92,5.35,8.8328,24.0,29.0,-5.0,1.2083,1.0,34.0131,0.484,100.0,-34.08,7,8,5.35,7.84,0.16,16.71,3.7029,9.1529,0,0,0,1,0,0,Ministry of Road Transport & Highways,Roads & Highways,NHAI,Andhra Pradesh
618720,6L Access Controlled Greenfield Highway from Audireddipalle Ch. 160000 to Mallapalle Ch. 176000Package-07,2026-07,987.1,13.0,338.45,34.2873,0.34,0.1006,73.78,3.27,4.6376,24.0,28.0,-4.0,1.1667,1.0,39.4927,0.4647,100.0,-26.22,7,8,3.27,5.8,0.34,18.71,2.8257,12.02,0,0,0,1,0,0,Ministry of Road Transport & Highways,Roads & Highways,NHAI,Andhra Pradesh
618721,6L Access Controlled Greenfield Highway from Chandrasekharapuram Ch. 228000 to Polavaram Ch. 260000of [NH-544G] Package-11,2026-07,1292.65,12.0,358.41,27.7268,20.63,6.1075,64.2,3.4,5.5921,24.0,29.0,-5.0,1.2083,1.0,36.4732,0.4319,100.0,-35.8,7,8,3.4,5.4,20.63,38.43,3.0286,14.6714,0,0,0,1,0,0,Ministry of Road Transport & Highways,Roads & Highways,NHAI,Andhra Pradesh
618722,6L access Controlled Greenfield Highway from Gogwan Jalalpur Shamli to Ranipur Barsi Saharanpur of Shamli -Ambala section Package-I Design Ch. Form km 00.600 to km 45.500,2026-07,1843.59,11.0,759.32,41.187,0.07,0.0092,68.2,0.8,1.1869,24.0,38.0,-14.0,1.5833,1.0,27.013,0.6039,100.0,-31.8,7,8,0.8,9.3,0.07,50.91,1.7429,27.3829,0,0,0,1,0,0,Ministry of Road Transport & Highways,Roads & Highways,NHAI,Uttar Pradesh
618723,6L access Controlled Greenfield Highway from Ranipur Barsi to Adhoya Musalmana section of Shamli -Ambala Package-II Design Ch. Form km 45.500 to km 84.400,2026-07,1554.21,11.0,847.9,54.555,22.12,2.6787,82.75,3.65,4.6144,24.0,38.0,-14.0,1.5833,1.0,28.195,0.6593,100.0,-17.25,7,8,3.65,4.25,22.12,45.98,1.8214,24.8071,0,0,0,1,0,0,Ministry of Road Transport & Highways,Roads & Highways,NHAI,"Multi-States
(Haryana, Uttar
Pradesh)"
618724,6L Greenfield Varanasi-Ranchi-Kolkata Highway from Anarbansalea village to Sagrampur village From KM. 151200 to KM. 184700Package-7,2026-07,1719.2,28.0,340.33,19.7958,17.54,5.4339,28.16,2.97,11.7904,23.0,12.0,11.0,0.5217,0.0,8.3642,0.703,52.1739,-24.0139,6,7,2.97,5.85,17.54,213.19,3.6933,56.4283,0,0,0,0,0,0,Ministry of Road Transport & Highways,Roads & Highways,NHAI,"Multi-States
(Bihar, Jharkhand)"
618725,6L Greenfield Varanasi-Ranchi-Kolkata Highway from Pachmon village to Anarbansalea village From KM. 116000 to KM. 151200 Package-6,2026-07,1915.99,30.0,431.04,22.497,25.94,6.4034,24.8,1.03,4.3332,24.0,10.0,14.0,0.4167,0.0,2.303,0.9071,41.6667,-16.8667,6,7,1.03,10.65,25.94,301.92,3.9667,71.7167,0,0,0,0,0,0,Ministry of Road Transport & Highways,Roads & Highways,NHAI,Bihar
618726,6L Greenfield Varanasi-Ranchi-Kolkata Highway from junction with Chandauli- Chainpur Road near Khainti village to junction with Bhabhua-Adhaura road near Palka village from Km. 27.000 to Km. 54.000 Pkg-2,2026-07,1240.93,31.0,252.44,20.3428,8.06,3.2981,26.77,1.4,5.5183,24.0,9.0,15.0,0.375,0.0,6.4272,0.7599,37.5,-10.73,6,7,1.4,5.55,8.06,83.96,3.6283,36.7617,0,0,0,0,0,0,Ministry of Road Transport & Highways,Roads & Highways,NHAI,Bihar
618727,6L Greenfield Varanasi-Ranchi-Kolkata Highway from junction with Bhabhua-Adhaura road in Bhairopur village to Konki village From KM. 54.000 to KM. 90.000Pkg-3,2026-07,1576.94,31.0,328.2,20.8125,15.1,4.8227,26.31,4.31,19.5909,24.0,9.0,15.0,0.375,0.0,5.4975,0.791,37.5,-11.19,6,7,4.31,6.16,15.1,146.96,3.2183,51.5967,0,0,0,0,0,0,Ministry of Road Transport & Highways,Roads & Highways,NHAI,Bihar
618728,6L Greenfield Varanasi-Ranchi-Kolkata Highway from junction with NH-19 & Varanasi Ring Road near Rewasa village to junction with Chandauli-Chainpur road near Khainti village from Km. 0.000 to Km. 27.000 - Pkg-1,2026-07,1433.39,20.0,559.01,38.9992,-2.53,-0.4505,47.63,2.61,5.7974,24.0,20.0,4.0,0.8333,0.0,8.6308,0.8188,83.3333,-35.7033,5,6,2.61,5.75,-2.53,158.29,2.726,45.31,0,0,0,0,0,0,Ministry of Road Transport & Highways,Roads & Highways,NHAI,"Multi-States
(Bihar, Uttar
Pradesh)"
618729,6 Lane Greenfield Varanasi- Ranchi- Kolkata Highway from Donoreshan village to junction with NH-20 in Bongabar village from km 288.600 to km 325.500 Pkg -11,2026-07,1856.12,40.0,261.78,14.1036,0.02,0.0076,0.0,0.0,,24.0,0.0,24.0,0.0,0.0,-14.1036,,0.0,0.0,1,2,0.0,,0.02,,0.0,0.02,0,0,0,0,0,0,Ministry of Road Transport & Highways,Roads & Highways,NHAI,Jharkhand
618730,6 Lane Greenfield Varanasi- Ranchi- Kolkata Highway from Deoria village to Donoreshan village from km 253.000 to km 288.600 Pkg -10,2026-07,1546.27,38.0,183.44,11.8634,100.79,121.948,5.65,1.69,42.6768,24.0,2.0,22.0,0.0833,0.0,-6.2134,2.0997,8.3333,-2.6833,2,3,1.69,5.65,100.79,183.18,2.825,91.59,0,0,0,0,0,0,Ministry of Road Transport & Highways,Roads & Highways,NHAI,Jharkhand
618731,6 Lane Greenfield Varanasi- Ranchi- Kolkata Highway from Chatra to junction with NH- 100 in Deoria village from km 222.000 to km 253.000 Pkg -9,2026-07,1418.16,40.0,143.72,10.1343,,,0.0,,,24.0,0.0,24.0,0.0,0.0,-10.1343,,0.0,0.0,0,1,,,,,,,0,1,0,0,0,0,Ministry of Road Transport & Highways,Roads & Highways,NHAI,Jharkhand
618732,6L Greenfield Varanasi- Ranchi- Kolkata Highway from Sonepurbigha village to junction with NH- 22 Chatra Bypass near Chatra from km 184.700 to km 222.000Pkg - 8,2026-07,1728.17,38.0,200.25,11.5874,86.02,75.3042,3.94,0.0,0.0,24.0,2.0,22.0,0.0833,0.0,-7.6474,2.941,8.3333,-4.3933,2,3,0.0,3.94,86.02,196.68,1.97,98.34,0,0,0,0,0,0,Ministry of Road Transport & Highways,Roads & Highways,NHAI,"Multi-States
(Bihar, Jharkhand)"
618733,6L Greenfield Varanasi- Ranchi- Kolkata Highway from junction with NH-20 in Bongabar village to junction with NH-30 in Lepo village from km 325.500 to km 358.500 Pkg -12,2026-07,1525.52,40.0,218.28,14.3086,0.01,0.0046,0.1,0.1,,24.0,0.0,24.0,0.0,0.0,-14.2086,143.0856,0.0,0.1,1,2,0.1,,0.01,,0.1,0.01,0,0,0,0,0,0,Ministry of Road Transport & Highways,Roads & Highways,NHAI,Jharkhand
618734,6L Greenfield Varanasi- Ranchi- Kolkata Highway from junction with NH-320 in Lepo village to Kamlapur villageJH/WB border from km 358.500 to km 387.200 Pkg -13,2026-07,1154.49,30.0,330.27,28.6074,22.25,7.2236,24.76,1.53,6.5863,24.0,10.0,14.0,0.4167,0.0,-3.8474,1.1554,41.6667,-16.9067,6,7,1.53,4.33,22.25,192.23,3.2933,54.8483,0,0,0,0,0,0,Ministry of Road Transport & Highways,Roads & Highways,NHAI,"Multi-States
(Jharkhand, West
Bengal)"
618735,4L of Chandesara to Khedakhajuriya from Km. 0.000 to - 750 & Km 0.000 to km 41.400 of NH-148NG Pkg-I,2026-07,909.84,9.0,587.81,64.6059,0.01,0.0017,99.0,0.0,0.0,20.0,46.0,-26.0,2.3,1.0,34.3941,0.6526,100.0,-1.0,7,8,0.0,0.0,0.01,151.32,0.0,26.97,0,0,0,1,0,0,Ministry of Road Transport & Highways,Roads & Highways,NHAI,Madhya Pradesh
618736,4L Elevated corridor of Kalimandir-Dimna Chowk-Baliguma Jamshedpur Section of NH-33 New NH-18 from km 241940 to km 251961 Length 10.021 km,2026-07,936.26,6.0,328.76,35.1142,18.41,5.932,49.5,2.71,5.7918,30.0,22.0,8.0,0.7333,0.0,14.3858,0.7094,73.3333,-23.8333,5,6,2.71,5.08,18.41,34.53,2.9,23.648,0,0,0,0,0,0,Ministry of Road Transport & Highways,Roads & Highways,NHAI,Jharkhand
618737,Grade separated Interchanges at Km. 113.730 junction with Ranchi Hazaribagh Road & Km. 139.225 junction with Ranchi Jamshedpur road on 4L Ranchi Bypass of NH-33,2026-07,303.53,11.0,4.98,1.6407,0.0,0.0,0.0,0.0,,24.0,7.0,17.0,0.2917,0.0,-1.6407,,29.1667,-29.1667,6,7,0.0,0.0,0.0,1.1,0.0,0.7083,0,0,0,0,0,0,Ministry of Road Transport & Highways,Roads & Highways,NHAI,Jharkhand
618738,6L Bridge and its approaches across River Ganga as Part of Patna Ring Road NH- 131G starting from Km 8.480 near Sherpur to Km 23.000 near Dighwara,2026-07,6291.69,12.0,734.19,11.6692,0.26,0.0354,22.05,0.84,3.9604,48.0,34.0,14.0,0.7083,0.0,10.3808,0.5292,70.8333,-48.7833,7,8,0.84,1.95,0.26,73.83,1.2929,44.6843,0,0,0,0,0,0,Ministry of Road Transport & Highways,Roads & Highways,NHAI,Bihar
618739,4L Greenfield Alignment of Amas to Shivrampur from 0.000 Km. to 55.002 Km. of NH 119 D Pkg-I,2026-07,1390.92,13.0,642.43,46.1874,37.94,6.2764,54.8,0.7,1.2939,24.0,40.0,-16.0,1.6667,1.0,8.6126,0.8428,100.0,-45.2,7,8,0.7,8.01,37.94,274.4,3.1143,51.44,0,0,0,1,0,0,Ministry of Road Transport & Highways,Roads & Highways,NHAI,Bihar
618740,4L Greenfield Alignment of Shivrampur to Ramnagar from Km. 55.002 to Km. 109.300 of NH 119 D Pkg-II,2026-07,1494.31,17.0,702.39,47.0043,37.84,5.6941,50.8,0.65,1.2961,24.0,36.0,-12.0,1.5,1.0,3.7957,0.9253,100.0,-49.2,7,8,0.65,7.0,37.84,420.06,2.4,65.5543,0,0,0,1,0,0,Ministry of Road Transport & Highways,Roads & Highways,NHAI,Bihar
618741,4L Greenfield Alignment from Kalyanapur to Tal Dashraha of NH-119D Pkg-III,2026-07,1857.58,11.0,957.28,51.5337,27.93,3.0053,36.25,2.77,8.2736,24.0,41.0,-17.0,1.7083,1.0,-15.2837,1.4216,100.0,-63.75,7,8,2.77,3.57,27.93,531.63,1.8929,87.3986,0,0,0,1,0,0,Ministry of Road Transport & Highways,Roads & Highways,NHAI,Bihar
618742,"Construction of 6-lane Greenfield corridor from Ramnagar to Kacchi Dargah NH-119D from Km 109700 to Km 122300, including widening of the existing NH-31 from Km 196700 to Km 198600, as part of the Amas-Darbhanga.",2026-07,1113.46,15.0,12.44,1.1172,0.01,0.0805,0.8,0.3,60.0,24.0,3.0,21.0,0.125,0.0,-0.3172,1.3965,12.5,-11.7,3,4,0.3,0.8,0.01,11.09,0.2667,3.71,0,0,0,0,0,0,Ministry of Road Transport & Highways,Roads & Highways,NHAI,Bihar
618743,Trichy 135.800 to Karur 218.000 section of NH-67 - Trichy Bypass,2026-05,876.88,7.0,66.59,7.594,0.0,0.0,100.0,0.0,0.0,207.0,226.0,-19.0,1.0918,1.0,92.406,0.0759,100.0,0.0,3,4,0.0,0.0,0.0,0.0,0.0,0.0,0,0,0,1,0,0,Ministry of Road Transport & Highways,Roads & Highways,National Highways Authority of India [NHAI],Tamil Nadu
618744,4L of Thirumangalam to Vadugapatti section from km 0.000 to km 36.000 of NH-744,2026-07,1076.97,11.0,685.52,63.6527,6.03,0.8874,95.95,0.44,0.4607,24.0,41.0,-17.0,1.7083,1.0,32.2973,0.6634,100.0,-4.05,7,8,0.44,0.54,6.03,6.03,0.5643,4.8014,0,0,0,1,0,0,Ministry of Road Transport & Highways,Roads & Highways,NHAI,Tamil Nadu
618745,4L of Vadugapatti to Therkuvenganallur Rajapalyam section from km 36.000 to km 71.600 of NH-744,2026-05,1317.6,14.0,932.02,70.7362,5.46,0.5893,99.99,0.01,0.01,24.0,37.0,-13.0,1.5417,1.0,29.2538,0.7074,100.0,-0.01,5,6,0.01,0.03,5.46,12.36,0.198,2.988,0,0,0,1,0,0,Ministry of Road Transport & Highways,Roads & Highways,National Highways Authority of India [NHAI],Tamil Nadu
618746,Khammam-Devarapalle Pkg I [4L Access Controlled Greenfield from Thallampadu village to Somavaram village Design Chainage 0000 to 33604],2026-07,797.36,21.0,684.62,85.8608,0.11,0.0161,97.26,0.86,0.8921,24.0,45.0,-21.0,1.875,1.0,11.3992,0.8828,100.0,-2.74,7,8,0.86,0.86,0.11,49.25,0.8943,16.2843,0,0,0,1,0,0,Ministry of Road Transport & Highways,Roads & Highways,NHAI,Telangana
618747,Khammam-Devarapalle Pkg III [4L Access Controlled Greenfield from Chintagudem village to Recherla village Design Chainage 63117 to 105236],2026-07,829.5,20.0,649.55,78.3062,0.07,0.0108,98.82,0.0,0.0,24.0,46.0,-22.0,1.9167,1.0,20.5138,0.7924,100.0,-1.18,7,8,0.0,0.0,0.07,130.68,0.1171,27.1686,0,0,0,1,0,0,Ministry of Road Transport & Highways,Roads & Highways,NHAI,"Multi-States
(Andhra Pradesh,
Telangana)"
618748,Khammam-Devarapalle Pkg IV [4L Access Controlled Greenfield from Recherla village to Gurvaygudem village Design Chainage 105236 to 132664],2026-05,569.37,22.0,355.88,62.5042,0.0,0.0,100.0,0.0,0.0,24.0,44.0,-20.0,1.8333,1.0,37.4958,0.625,100.0,0.0,5,6,0.0,0.0,0.0,0.0,1.2,6.738,0,0,0,1,0,0,Ministry of Road Transport & Highways,Roads & Highways,National Highways Authority of India [NHAI],Andhra Pradesh
618749,Khammam-Devarapalle Pkg V [4L Access Controlled Greenfield from Gurvaygudem village to Devarapalle village Design Chainage 132664 to 162126,2026-06,711.94,21.0,566.96,79.6359,143.92,34.0204,100.0,0.34,0.3412,24.0,45.0,-21.0,1.875,1.0,20.3641,0.7964,100.0,0.0,6,7,0.34,0.34,143.92,143.99,2.0,31.8083,0,0,0,1,0,0,Ministry of Road Transport & Highways,Roads & Highways,NHAI,Andhra Pradesh
618751,2L PS of Hinotiya-Mehulwa section of NH-346 from Km. 27.000 to Km 75.700 Vidisha Mehulwa-Talbehat Pkg-II Section of NH- 346,2026-07,581.65,11.0,273.7,47.0558,0.16,0.0585,69.04,0.0,0.0,24.0,34.0,-10.0,1.4167,1.0,21.9842,0.6816,100.0,-30.96,7,8,0.0,0.0,0.16,27.63,2.0057,13.0,0,0,0,1,0,0,Ministry of Road Transport & Highways,Roads & Highways,NHAI,Madhya Pradesh
618754,Upgradation of 2L/4L with Paved Shoulder of Shirwal-Lonand Section from KM 159900 To KM 188025 of NH-965DD Section I and 2L With Paved Shoulder of Lonand-Satara Section from KM 51500 To KM 96246 Of NH-965D Section II in Satara District in the State of Maharashtra on EPC Mode under NHO-,2026-07,538.11,3.0,160.77,29.8768,0.5,0.312,43.57,2.49,6.0613,24.0,13.0,11.0,0.5417,0.0,13.6932,0.6857,54.1667,-10.5967,5,6,2.49,5.06,0.5,47.58,5.314,21.372,0,0,0,0,0,0,Ministry of Road Transport & Highways,Roads & Highways,NHAI,Maharashtra
618755,4L of left out existing road section from Lalgopalganj Km 161.450 to Nawabganj Km 180.200 in Prayagraj,2026-05,159.53,13.0,72.44,45.4084,0.17,0.2352,100.0,0.0,0.0,11.0,13.0,-2.0,1.1818,1.0,54.5916,0.4541,100.0,0.0,3,4,0.0,0.91,0.17,10.43,3.3333,3.4767,0,0,0,1,0,0,Ministry of Road Transport & Highways,Roads & Highways,National Highways Authority of India [NHAI],"Multi-States
(Rajasthan, Uttar
Pradesh)"
618756,Melur - Pilayarpatti - Karaikudi from km 99.920 of NH 38 to km 12.9 of NH 383 Ext.,2026-07,1103.86,15.0,956.44,86.645,0.01,0.001,98.12,0.8,0.822,24.0,76.0,-52.0,3.1667,1.0,11.475,0.8831,100.0,-1.88,7,8,0.8,3.27,0.01,168.83,1.16,114.1129,0,0,0,1,0,0,Ministry of Road Transport & Highways,Roads & Highways,NHAI,Tamil Nadu
618757,6L access controlled Highway from Km 40080 to Km 86513 Mator to Barodameo Section,2026-07,2010.2,18.0,708.28,35.2343,0.0,0.0,37.27,0.0,0.0,24.0,28.0,-4.0,1.1667,1.0,2.0357,0.9454,100.0,-62.73,5,6,0.0,0.0,0.0,0.6,0.454,8.692,0,0,0,1,0,0,Ministry of Road Transport & Highways,Roads & Highways,NHAI,Rajasthan
618758,6L accesscontrolled highway from km 0000 to km 40080 Paniyala to Mator Section of Paniyala-Barodameo ICR,2026-07,1764.86,24.0,571.41,32.3771,13.09,2.3445,42.75,1.5,3.6364,24.0,22.0,2.0,0.9167,0.0,10.3729,0.7574,91.6667,-48.9167,5,6,1.5,3.42,13.09,261.31,2.55,59.772,0,0,0,0,0,0,Ministry of Road Transport & Highways,Roads & Highways,NHAI,Rajasthan
618759,4L PS Mydukur - Badvel from Km 585.820 to Km 630.960 of NH-67,2026-07,1063.57,16.0,585.79,55.0777,0.29,0.0495,90.4,0.0,0.0,24.0,34.0,-10.0,1.4167,1.0,35.3223,0.6093,100.0,-9.6,6,7,0.0,0.0,0.29,82.97,0.0667,19.685,0,0,0,1,0,0,Ministry of Road Transport & Highways,Roads & Highways,NHAI,Andhra Pradesh
618760,4L Greenfield a Malout bypass from ch. Km 44.500 to ch. Km 35.500 on NH-07 and Ch. Km 0.000 to Km 6.984 on NH-09 bMandi Dabwali Bypass from Ch. 38.450 Km to Km 27.910 Pkg-02,2026-05,646.42,13.0,549.2,84.9602,0.0,0.0,98.0,0.0,0.0,19.0,41.0,-22.0,2.1579,1.0,13.0398,0.8669,100.0,-2.0,5,6,0.0,0.0,0.0,0.0,0.6,0.004,0,0,0,1,0,0,Ministry of Road Transport & Highways,Roads & Highways,National Highways Authority of India [NHAI],"Multi-States
(Haryana, Punjab)"
618761,4L Spur of Meerut-Garh-Mukteshwar section connecting NH-119 and NH-58 bypassing Meerut Town of NH 709 A,2026-07,991.89,16.0,865.93,87.301,4.3,0.4991,96.98,0.0,0.0,24.0,41.0,-17.0,1.7083,1.0,9.679,0.9002,100.0,-3.02,7,8,0.0,0.76,4.3,11.83,6.4257,9.3214,0,0,0,1,0,0,Ministry of Road Transport & Highways,Roads & Highways,NHAI,Uttar Pradesh
618762,Itarsi Km. 63.000 to Betul Km. 137.000 of NH-69 in Madhya Pradesh,2026-07,950.27,6.0,663.67,69.8402,0.0,0.0,100.0,0.0,0.0,24.0,101.0,-77.0,4.2083,1.0,30.1598,0.6984,100.0,0.0,5,6,0.0,0.0,0.0,264.4,0.0,53.726,0,0,0,1,0,0,Ministry of Road Transport & Highways,Roads & Highways,NHAI,Madhya Pradesh
618764,Moga - Bagha Purana - Bajakhana from km. 0.00 to km. 43.32,2026-07,1032.59,31.0,799.77,77.4528,12.73,1.6175,76.0,0.0,0.0,24.0,43.0,-19.0,1.7917,1.0,-1.4528,1.0191,100.0,-24.0,7,8,0.0,0.0,12.73,129.93,0.1429,24.8329,0,0,0,1,0,0,Ministry of Road Transport & Highways,Roads & Highways,NHAI,Punjab
618765,4L of Karimnagar-Warangal section from km 49.500 to km 117.820 of NH-563,2026-07,2146.86,16.0,1272.62,59.2782,4.49,0.3541,92.4,0.0,0.0,24.0,36.0,-12.0,1.5,1.0,33.1218,0.6415,100.0,-7.6,6,7,0.0,0.0,4.49,310.5,1.0667,71.0217,0,0,0,1,0,0,Ministry of Road Transport & Highways,Roads & Highways,NHAI,Telangana
618766,Up-gradation to Four Lane with Paved Shoulder configuration of the highway starting from existing km 88.400 Savali Vihir to km 163.400 start of Ahmednagar bypass Design Length 75.000 km section of NH-160 in the State of Maharashtra under Bharatmala Pariyojana on EPC Mode,2026-07,862.0,6.0,298.45,34.623,0.22,0.0738,48.55,0.0,0.0,24.0,15.0,9.0,0.625,0.0,13.927,0.7131,62.5,-13.95,5,6,0.0,4.94,0.22,87.97,4.51,29.744,0,0,0,0,0,0,Ministry of Road Transport & Highways,Roads & Highways,NHAI,Maharashtra
618768,Four laning of Agra-Aligarh Section from Km. 0.000 Junction of NH-34 Aligarh Km 144.60 to Km. 28.000 near Asroi village in Hathras of NH-509 Package-I,2026-07,1309.08,21.0,310.08,23.6869,4.65,1.5224,3.96,1.97,98.995,24.0,4.0,20.0,0.1667,0.0,-19.7269,5.9815,16.6667,-12.7067,3,4,1.97,3.32,4.65,279.62,1.32,103.36,0,0,0,0,0,0,Ministry of Road Transport & Highways,Roads & Highways,NHAI,Uttar Pradesh
618769,Walajahpet/Ranipet to TN/AP Border Section of from Km.106.800 to Km.133.36 NH-4,2026-07,1338.14,9.0,240.77,17.9929,0.06,0.0249,15.58,2.13,15.8364,24.0,10.0,14.0,0.4167,0.0,-2.4129,1.1549,41.6667,-26.0867,6,7,2.13,4.55,0.06,86.1,1.2633,28.655,0,0,0,0,0,0,Ministry of Road Transport & Highways,Roads & Highways,NHAI,"Multi-States
(Andhra Pradesh,
Tamil Nadu)"
618770,4L Spur of Panipat - Shamli connecting NH-709AD Panipat Shamli Muzaffarnagar and NH-709A Karnal Meerut bypassing Shamli district UP,2026-05,516.16,12.0,232.93,45.1275,0.0,0.0,74.23,0.0,0.0,24.0,43.0,-19.0,1.7917,1.0,29.1025,0.6079,100.0,-25.77,5,6,0.0,0.0,0.0,0.0,0.046,0.0,0,0,0,1,0,0,Ministry of Road Transport & Highways,Roads & Highways,National Highways Authority of India [NHAI],Uttar Pradesh
618771,6L of Varadharajula to Kumarajapet from km 0.000 to km 43.800 of NH-716B Pkg-I,2026-05,1924.75,22.0,947.66,49.2355,0.0,0.0,99.19,0.0,0.0,24.0,41.0,-17.0,1.7083,1.0,49.9545,0.4964,100.0,-0.81,5,6,0.0,0.0,0.0,0.0,0.238,4.948,0,0,0,1,0,0,Ministry of Road Transport & Highways,Roads & Highways,National Highways Authority of India [NHAI],"Multi-States
(Andhra Pradesh,
Tamil Nadu)"
618772,6L of Kumarajapet to Veera Kaveri Raja Puram from km 43.800 to km 61.380 of NH- 716B Pkg-II,2026-07,702.52,32.0,405.81,57.7649,0.0,0.0,99.8,0.89,0.8998,24.0,33.0,-9.0,1.375,1.0,42.0351,0.5788,100.0,-0.2,7,8,0.89,1.38,0.0,35.05,1.1143,7.3529,0,0,0,1,0,0,Ministry of Road Transport & Highways,Roads & Highways,NHAI,"Multi-States
(Andhra Pradesh,
Tamil Nadu)"
618773,Tuticorin - Tirunelveli from km. 0.00 to km. 47.250,2026-05,449.85,5.0,1.17,0.2601,0.0,0.0,100.0,0.0,0.0,24.0,193.0,-169.0,8.0417,1.0,99.7399,0.0026,100.0,0.0,3,4,0.0,0.0,0.0,0.0,0.0,0.0,0,0,0,1,0,0,Ministry of Road Transport & Highways,Roads & Highways,National Highways Authority of India [NHAI],Tamil Nadu
618774,Ara - Mohania Pkg-II,2026-05,984.63,5.0,798.12,81.0579,0.0,0.0,100.0,0.0,0.0,30.0,64.0,-34.0,2.1333,1.0,18.9421,0.8106,100.0,0.0,5,6,0.0,0.0,0.0,0.0,0.0,0.0,0,0,0,1,0,0,Ministry of Road Transport & Highways,Roads & Highways,National Highways Authority of India [NHAI],Bihar
618775,Ara Bypass,2026-07,226.32,7.0,5.95,2.629,0.33,5.8719,25.78,0.94,3.7842,18.0,9.0,9.0,0.5,0.0,23.151,0.102,50.0,-24.22,6,7,0.94,4.75,0.33,1.47,4.2967,0.9783,0,0,0,0,0,0,Ministry of Road Transport & Highways,Roads & Highways,NHAI,Bihar
618776,4L of Greenfield section from Sirhind to Mohali,2026-07,1237.65,14.0,1391.6,112.4389,8.08,0.584,98.66,1.88,1.9426,24.0,38.0,-14.0,1.5833,1.0,-13.7789,1.1397,100.0,-1.34,5,6,1.88,9.84,8.08,374.09,3.732,96.926,0,0,0,1,0,0,Ministry of Road Transport & Highways,Roads & Highways,NHAI,Punjab
618777,4L of Pileru to Kalur Section from Km 55.900 to Km 92.800 & Km 94.500 to Km 95.717 of NH-71Package-II,2026-07,1877.47,19.0,246.42,13.1251,0.01,0.0041,98.84,0.0,0.0,25.0,33.0,-8.0,1.32,1.0,85.7149,0.1328,100.0,-1.16,7,8,0.0,0.0,0.01,0.08,0.12,0.1243,0,0,0,1,0,0,Ministry of Road Transport & Highways,Roads & Highways,NHAI,Andhra Pradesh
618778,4L of Madanapalle to Pileru Section from Km 0.000 to Km 55.900 of NH-71Package-I,2026-07,1877.47,11.0,1182.65,62.9917,0.0,0.0,94.9,0.0,0.0,24.0,42.0,-18.0,1.75,1.0,31.9083,0.6638,100.0,-5.1,7,8,0.0,0.0,0.0,35.16,0.1286,22.6257,0,0,0,1,0,0,Ministry of Road Transport & Highways,Roads & Highways,NHAI,Andhra Pradesh
618779,4L of Aurangabad-Paithan,2026-05,1505.0,4.0,319.54,21.2319,13.95,4.5649,96.5,0.0,0.0,18.0,40.0,-22.0,2.2222,1.0,75.2681,0.22,100.0,-3.5,5,6,0.0,0.0,13.95,14.31,3.7,2.91,0,0,0,1,0,0,Ministry of Road Transport & Highways,Roads & Highways,NHAI,Bihar
618782,4L of Bareilly-Pilibhit-Sitarganj from Km. 0.000 to Km. 32.500 of NH-30 Pkg-1,2026-07,1394.14,13.0,622.58,44.6569,16.38,2.7021,64.12,0.72,1.1356,24.0,28.0,-4.0,1.1667,1.0,19.4631,0.6965,100.0,-35.88,5,6,0.72,2.12,16.38,34.64,2.824,12.678,0,0,0,1,0,0,Ministry of Road Transport & Highways,Roads & Highways,NHAI,Uttar Pradesh
618783,4-laning of Pilibhit - Sitarganj from Km. 32.500 to Km. 70.800 Pkg-2 of NH-30,2026-07,1471.19,14.0,470.11,31.9544,13.35,2.9228,44.41,1.53,3.5681,24.0,28.0,-4.0,1.1667,1.0,12.4556,0.7195,100.0,-55.59,5,6,1.53,4.41,13.35,31.36,2.882,12.484,0,0,0,1,0,0,Ministry of Road Transport & Highways,Roads & Highways,NHAI,"Multi-States (Uttar
Pradesh,
Uttarakhand)"
618784,Balance works of 4 lane divided carriageway of Missing Link section of NH-39 Rewa Bypass from junction with NH 30 near Bela to Junction with MPRDC ring road near Silpara on SH 9 design length 13.100 km on EPC Mode under Bharatmala Pariyojana in the State of Madhya Pradesh,2026-07,355.36,8.0,253.13,71.232,14.18,5.9343,84.44,0.0,0.0,24.0,27.0,-3.0,1.125,1.0,13.208,0.8436,100.0,-15.56,5,6,0.0,0.0,14.18,29.6,2.288,12.686,0,0,0,1,0,0,Ministry of Road Transport & Highways,Roads & Highways,NHAI,Madhya Pradesh
618785,4/6L Greenfield LudhianaRupnagar highway from Jn. with NE-5 village near to ManewalLudhiana to Jn. with NH-205 near Bheora Village Rupnagar from Km 66.0 to Km 91.0 i/c spur to Kharar from Km 0.0 to Km 19.5 with Ludhiana bypass of NH-205K Pkg-3,2026-07,1501.02,19.0,1162.52,77.4487,3.82,0.3297,80.25,0.39,0.4884,24.0,41.0,-17.0,1.7083,1.0,2.8013,0.9651,100.0,-19.75,7,8,0.39,1.65,3.82,169.53,0.6071,24.2614,0,0,0,1,0,0,Ministry of Road Transport & Highways,Roads & Highways,NHAI,Punjab
618786,4L of Phagwara - Hoshiarpur,2026-07,1196.38,28.0,556.23,46.4928,20.63,3.8518,20.03,0.0,0.0,24.0,16.0,8.0,0.6667,0.0,-26.4628,2.3212,66.6667,-46.6367,5,6,0.0,3.23,20.63,395.11,1.806,79.258,0,0,0,0,0,0,Ministry of Road Transport & Highways,Roads & Highways,NHAI,Punjab
618787,"Upgradation to 4L PS from Bhimasar, Junction of NH-41 to Anjar- Bhuj upto Airport Junction from Km 0.000 to Km 65.478 of NH-341",2026-07,1373.06,10.0,837.85,61.0206,0.15,0.0179,96.0,0.0,0.0,29.0,42.0,-13.0,1.4483,1.0,34.9794,0.6356,100.0,-4.0,7,8,0.0,0.0,0.15,0.18,0.8571,15.6714,0,0,0,1,0,0,Ministry of Road Transport & Highways,Roads & Highways,NHAI,Gujarat
618788,4L Greenfield Jalbhera Shahbad section from km. 0.000 to km. 22.850 of NH-152G,2026-07,927.22,15.0,550.65,59.3872,6.14,1.1276,87.05,0.0,0.0,23.0,37.0,-14.0,1.6087,1.0,27.6628,0.6822,100.0,-12.95,6,7,0.0,0.0,6.14,181.48,0.0083,35.285,0,0,0,1,0,0,Ministry of Road Transport & Highways,Roads & Highways,NHAI,Haryana
618789,6L of IT City Chowk to Kurali Chandigarh Road,2026-02,1525.31,19.0,1689.83,110.786,0.0,0.0,98.0,0.0,0.0,24.0,40.0,-16.0,1.6667,1.0,-12.786,1.1305,100.0,-2.0,2,3,0.0,0.0,0.0,0.0,0.0,0.0,0,0,0,1,0,0,Ministry of Road Transport & Highways,Roads & Highways,National Highways Authority of India [NHAI],Punjab
618790,Construction of four laning of Bakarpur- Manikpur road section starting from village Chitarsenpur km 0000 and terminating at SH-74 near Manikpur 38814 at NH-139W under Bharatmalapariyona,2026-07,1422.37,19.0,635.91,44.7078,12.16,1.9495,49.0,2.9,6.2907,30.0,21.0,9.0,0.7,0.0,4.2922,0.9124,70.0,-21.0,3,4,2.9,5.5,12.16,362.17,2.6667,120.7967,0,0,0,0,0,0,Ministry of Road Transport & Highways,Roads & Highways,NHAI,Bihar
618791,4L PS under NH configuration of Manikpur-Sahebganj of NH-139W,2026-07,1538.76,15.0,595.95,38.7292,31.58,5.5956,27.5,0.9,3.3835,23.0,6.0,17.0,0.2609,0.0,-11.2292,1.4083,26.087,1.413,6,7,0.9,5.96,31.58,449.75,3.75,99.2867,0,0,0,0,0,0,Ministry of Road Transport & Highways,Roads & Highways,NHAI,Bihar
618792,4L Bhiwani-Hansi road section of NH-148B,2026-07,1330.23,13.0,455.86,34.2693,0.84,0.1846,99.5,0.0,0.0,24.0,31.0,-7.0,1.2917,1.0,65.2307,0.3444,100.0,-0.5,6,7,0.0,0.0,0.84,0.93,0.0833,10.045,0,0,0,1,0,0,Ministry of Road Transport & Highways,Roads & Highways,NHAI,Haryana
618793,4L of Fazilka to Abohar section of NH-07 including construction of Greenfield Abohar & Fazilka Bypasses,2026-07,1409.88,13.0,913.89,64.8204,32.59,3.6979,67.0,0.0,0.0,24.0,27.0,-3.0,1.125,1.0,2.1796,0.9675,100.0,-33.0,5,6,0.0,7.0,32.59,304.67,2.2,81.404,0,0,0,1,0,0,Ministry of Road Transport & Highways,Roads & Highways,NHAI,Punjab
618794,Amritsarairport Junction - Ramdas from km. 100.835 to km. 139.813 Pkg - IV,2026-07,524.88,15.0,395.48,75.3467,1.34,0.34,96.0,0.0,0.0,18.0,52.0,-34.0,2.8889,1.0,20.6533,0.7849,100.0,-4.0,7,8,0.0,0.0,1.34,6.96,5.1429,7.1529,0,0,0,1,0,0,Ministry of Road Transport & Highways,Roads & Highways,NHAI,Punjab
618795,Amritsar Bypass Pkg III from km. 71.496 to km. 105.158,2026-07,1474.77,18.0,1222.67,82.9058,-0.06,-0.0049,82.88,0.58,0.7047,24.0,47.0,-23.0,1.9583,1.0,-0.0258,1.0003,100.0,-17.12,7,8,0.58,0.82,-0.06,357.85,0.5543,51.2486,0,0,0,1,0,0,Ministry of Road Transport & Highways,Roads & Highways,NHAI,Punjab
618796,Tanot -Ramgarh-Bhadasar-Jaisalmer NH-68 and BhadasarMokal-Sarkaritala up to Pakisthan Border NH-968 Pkg-BM/5,2026-07,828.58,14.0,755.88,91.226,61.41,8.8427,100.0,0.0,0.0,24.0,87.0,-63.0,3.625,1.0,8.774,0.9123,100.0,0.0,7,8,0.0,0.0,61.41,350.39,0.0,75.5743,0,0,0,1,0,0,Ministry of Road Transport & Highways,Roads & Highways,NHAI,Rajasthan
618797,"Widening Strengthening of 2-Lane with Paved Shoulder from MyajlarJaisalmer from Design Chainage 0000 to 98350 Section of NH-11 & SundraMyajlarAmbasingh ki Dhani Road from Design Chainage 46000 to 81601, part of MunabaoTanot Road Section of NH-70 along with Strengthening/Widening of Existing Connection of NH-70 & NH-11 of length 0.914 km in the State of Rajasthan under NHO on Hybrid Annuity Mode",2026-07,1237.71,9.0,94.08,7.6011,17.11,22.2294,21.22,2.66,14.3319,24.0,7.0,17.0,0.2917,0.0,13.6189,0.3582,29.1667,-7.9467,6,7,2.66,2.78,17.11,25.35,3.0367,15.5917,0,0,0,0,0,0,Ministry of Road Transport & Highways,Roads & Highways,NHAI,Rajasthan
618798,4L of Sonauli - Gorakhpur,2026-07,2555.5,15.0,1328.22,51.975,1.61,0.1214,89.0,0.0,0.0,24.0,40.0,-16.0,1.6667,1.0,37.025,0.584,100.0,-11.0,7,8,0.0,0.0,1.61,21.0,5.0,12.8786,0,0,0,1,0,0,Ministry of Road Transport & Highways,Roads & Highways,NHAI,Uttar Pradesh
618799,Belakeri Port to Kumta - Sirsi road from km 0.00 - km 4.265 of Belekeri Port Road Link Rd. and km 4.965 - km 60.00 of SH-69,2026-07,440.16,33.0,471.12,107.0338,-0.17,-0.0361,95.23,0.25,0.2632,24.0,67.0,-43.0,2.7917,1.0,-11.8038,1.124,100.0,-4.77,7,8,0.25,1.17,-0.17,11.82,2.3186,12.8257,0,0,0,1,0,0,Ministry of Road Transport & Highways,Roads & Highways,NHAI,Karnataka
618800,Construction of New Double Tier 4L Elevated Corridor from Chennai Port to Maduravoyal in Chennai District from km -0.342 to Km 20.593 and Package II from Km 4.604 to Km 9.700,2026-07,1616.97,8.0,250.4,15.4858,10.92,4.5599,18.13,0.0,0.0,30.0,32.0,-2.0,1.0667,1.0,2.6442,0.8542,100.0,-81.87,7,8,0.0,0.0,10.92,57.26,0.7329,21.5086,0,0,0,1,0,0,Ministry of Road Transport & Highways,Roads & Highways,NHAI,Tamil Nadu
618801,Construction of New Double Tier 4-lane Elevated Corridor from Chennai Port to Maduravoyal in Chennai District from Km -0342 to Km 20223 Package 1 from Km - 0342 to Km 4604,2026-07,1388.59,8.0,275.2,19.8187,6.97,2.5985,22.8,0.0,0.0,30.0,32.0,-2.0,1.0667,1.0,2.9813,0.8692,100.0,-77.2,7,8,0.0,0.0,6.97,66.0,1.2571,22.0986,0,0,0,1,0,0,Ministry of Road Transport & Highways,Roads & Highways,NHAI,Tamil Nadu
618803,Development of 4L Road from Samarlakota to Achampeta Junction as part of Kakinada Port Connectivity to NH-16 Rajanagaram Junction in East Godavari District,2026-07,645.63,11.0,680.09,105.3374,0.03,0.0044,93.0,0.9,0.9772,24.0,35.0,-11.0,1.4583,1.0,-12.3374,1.1327,100.0,-7.0,7,8,0.9,2.02,0.03,75.61,2.7143,19.5386,0,0,0,1,0,0,Ministry of Road Transport & Highways,Roads & Highways,NHAI,Andhra Pradesh
618804,Dedicated Port road to Krishnapatnam Port Package-I from Km. 0.000 to Km. 18.000,2026-07,348.72,9.0,310.54,89.0514,6.81,2.2421,80.19,1.24,1.5706,24.0,91.0,-67.0,3.7917,1.0,-8.8614,1.1105,100.0,-19.81,7,8,1.24,1.24,6.81,125.86,0.7414,35.8043,0,0,0,1,0,0,Ministry of Road Transport & Highways,Roads & Highways,NHAI,Andhra Pradesh
618805,6L Connectivity to Port Road from Sabbavaram Sheelanagar-NH516C,2026-07,977.33,14.0,155.51,15.9117,27.72,21.6918,7.2,0.9,14.2857,24.0,5.0,19.0,0.2083,0.0,-8.7117,2.21,20.8333,-13.6333,5,6,0.9,2.2,27.72,90.73,1.44,31.102,0,0,0,0,0,0,Ministry of Road Transport & Highways,Roads & Highways,NHAI,Andhra Pradesh
618806,Improvement of 4L road to 6L road and 4L dedicated Port Roads for the Port connectivity road from Convent junction to Sheelanagar Junction,2026-07,685.99,13.0,493.92,72.001,15.4,3.2183,79.0,0.0,0.0,24.0,29.0,-5.0,1.2083,1.0,6.999,0.9114,100.0,-21.0,5,6,0.0,0.0,15.4,27.63,0.0,9.916,0,0,0,1,0,0,Ministry of Road Transport & Highways,Roads & Highways,NHAI,Andhra Pradesh
618807,"4L Greenfield Road connecting North and South industrial cluster of Khandaleru Creek near Krishnapatnam port at Thamminapatnam to Mollur from Km 0.0 to Km 16.046, Part I & 6L extension of dedicated port road of NH-67 Km 18.0 to Km 19.3, Part II",2026-07,609.43,13.0,579.22,95.0429,26.34,4.7641,84.03,2.22,2.7136,24.0,34.0,-10.0,1.4167,1.0,-11.0129,1.1311,100.0,-15.97,7,8,2.22,2.22,26.34,43.9,1.5757,25.1229,0,0,0,1,0,0,Ministry of Road Transport & Highways,Roads & Highways,NHAI,Andhra Pradesh
618808,6L Elevated Kona Expressway from Km. 0.145 to Km. 7.337 of NH-117,2026-07,1212.56,15.0,433.18,35.7244,4.92,1.1488,39.99,0.01,0.025,30.0,25.0,5.0,0.8333,0.0,4.2656,0.8933,83.3333,-43.3433,5,6,0.01,1.14,4.92,111.61,0.998,29.862,0,0,0,0,0,0,Ministry of Road Transport & Highways,Roads & Highways,NHAI,West Bengal
618809,4L of Beas-Mehta-Batala-Dera Baba Nanak from intersection with Jalandhar-Amritsar Highway NH-3 near Beas till start of Batala Bypass near Village Acchhal from Km. 0.000 to Km. 31.300 Pkg-1,2026-07,809.51,22.0,670.85,82.8711,1.13,0.1687,68.2,0.4,0.59,24.0,37.0,-13.0,1.5417,1.0,-14.6711,1.2151,100.0,-31.8,7,8,0.4,1.3,1.13,169.09,2.1714,29.0343,0,0,0,1,0,0,Ministry of Road Transport & Highways,Roads & Highways,NHAI,Punjab
618810,4L of existing Beas Baba Bakala - Dera Baba Nanak Section from start of Batala Bypass till intersection with Ajnala Gurdaspur Highway NH 354 near Dera Baba Nanak from Km. 31.300 to Km. 69.100 with Additional batala Bypass Pkg-II,2026-07,1003.38,20.0,800.86,79.8162,8.36,1.0549,80.9,0.2,0.2478,24.0,37.0,-13.0,1.5417,1.0,1.0838,0.9866,100.0,-19.1,7,8,0.2,1.51,8.36,201.26,0.9857,33.8357,0,0,0,1,0,0,Ministry of Road Transport & Highways,Roads & Highways,NHAI,Punjab
618811,4L Access Controlled Greenfield Highway Section Mancherial Warangal from Pangidipalle village at Design Ch. 72.350 Km to Oorugonda village at Design Ch. 112.240 KmPackage-III,2026-07,1183.71,31.0,209.72,17.7172,46.57,28.5443,5.63,0.63,12.6,24.0,9.0,15.0,0.375,0.0,-12.0872,3.1469,37.5,-31.87,6,7,0.63,5.63,46.57,126.04,0.9383,21.0717,0,0,0,0,0,0,Ministry of Road Transport & Highways,Roads & Highways,NHAI,Telangana
618812,4L Access Controlled Greenfield Section Mancherial Warangal from Puttapaka village at Design Ch. 35.300 Km to Pangidipalle village at Design Ch. 72.350 KmPackage-II,2026-07,1129.33,29.0,210.45,18.6349,1.0,0.4774,9.04,0.99,12.2981,24.0,13.0,11.0,0.5417,0.0,-9.5949,2.0614,54.1667,-45.1267,5,6,0.99,2.71,1.0,130.5,1.408,35.808,0,0,0,0,0,0,Ministry of Road Transport & Highways,Roads & Highways,NHAI,Telangana
618813,4L Access Controlled Greenfield Section Mancherial Warangal from Narva village at Design Ch. 3.834 Km to Puttapaka village at Design Ch. 35.300 Km Package-I,2026-07,1127.9,21.0,161.67,14.3337,1.13,0.7039,11.28,1.05,10.2639,24.0,19.0,5.0,0.7917,0.0,-3.0537,1.2707,79.1667,-67.8867,5,6,1.05,2.08,1.13,50.69,1.256,18.976,0,0,0,0,0,0,Ministry of Road Transport & Highways,Roads & Highways,NHAI,Telangana
618814,4L Access Controlled Greenfield Highway section on NH163G Warangal-Khammam from Oorugonda village in Hanamkonda District at Design Ch. 112.240 Km to Venkatpur village in Warangal District at Design Ch. 150.240 KmPackage-I,2026-07,1142.6,27.0,160.19,14.0198,12.99,8.8247,0.5,0.5,,24.0,13.0,11.0,0.5417,0.0,-13.5198,28.0396,54.1667,-53.6667,6,6,0.5,,12.99,,0.0833,18.2617,0,0,0,0,0,0,Ministry of Road Transport & Highways,Roads & Highways,NHAI,Telangana
618815,4L Access Controlled Greenfield Highway section on NH-163G Warangal-Khammam from Venkatpur village in Warangal District at Design Ch. 150.240 Km to Thallasenkesa village in Mahabubabed District at Design Ch. 189.650 kmPackage-II,2026-07,1092.88,13.0,408.59,37.3865,30.63,8.104,77.65,3.22,4.3262,24.0,27.0,-3.0,1.125,1.0,40.2635,0.4815,100.0,-22.35,5,6,3.22,6.89,30.63,103.68,3.73,29.37,0,0,0,1,0,0,Ministry of Road Transport & Highways,Roads & Highways,NHAI,Telangana
618816,4L Access Controlled Greenfield Highway section on NH-163G Warangal-Khammam from Thallasenkesa village at Design Ch. 189.650 km to V.Vekatayapalem village in Khammam District at Design Ch. 220.480 KmPackage-III,2026-07,1105.25,28.0,168.28,15.2255,0.11,0.0654,10.11,0.05,0.497,24.0,12.0,12.0,0.5,0.0,-5.1155,1.506,50.0,-39.89,6,6,0.05,3.65,0.11,59.69,1.5183,16.07,0,0,0,0,0,0,Ministry of Road Transport & Highways,Roads & Highways,NHAI,Telangana
618817,4L Access Controlled Greenfield Highway section on NH-163G Khammam Vijayawada from V. Venkatayapalem village at Design Ch. 220.480 Km to BrahmanapalliK village at Design Ch. 250.400 Km Package-I.,2026-07,973.45,24.0,271.03,27.8422,0.08,0.0295,45.89,1.89,4.2955,24.0,16.0,8.0,0.6667,0.0,18.0478,0.6067,66.6667,-20.7767,6,7,1.89,2.79,0.08,42.9,4.1483,22.1467,0,0,0,0,0,0,Ministry of Road Transport & Highways,Roads & Highways,NHAI,Telangana
618818,4L Access Controlled Greenfield Highway section on NH-163G Khammam Vijayawada from Remidicherla village at Design Ch. 280.200 Km to Jakkampudi village on NH-16 at Design Ch. 309.909 Km Package-III,2026-07,1183.23,31.0,228.68,19.3268,0.02,0.0087,5.8,1.43,32.7231,19.0,9.0,10.0,0.4737,0.0,-13.5268,3.3322,47.3684,-41.5684,5,6,1.43,2.8,0.02,226.67,0.96,45.554,0,0,0,0,0,0,Ministry of Road Transport & Highways,Roads & Highways,NHAI,"Multi-States
(Andhra Pradesh,
Telangana)"
618819,Balance work of Panikoili Rimoli Section of new NH-20 from Km 0.00 to Km. 163.000,2026-05,183.03,6.0,89.36,48.8226,0.0,0.0,99.0,0.0,0.0,12.0,62.0,-50.0,5.1667,1.0,50.1774,0.4932,100.0,-1.0,5,6,0.0,0.0,0.0,0.0,0.0,0.0,0,0,0,1,0,0,Ministry of Road Transport & Highways,Roads & Highways,National Highways Authority of India [NHAI],Odisha
618820,Rehabilitation and Up gradation from 4 to 8 laning of Chandikhole Paradip Section of NH-53 Old NH 5A from Km.39.000 to Km.60.00 Package-3,2026-07,861.84,9.0,395.96,45.9436,5.93,1.5204,92.02,0.22,0.2397,24.0,31.0,-7.0,1.2917,1.0,46.0764,0.4993,100.0,-7.98,7,8,0.22,1.02,5.93,5.95,1.5743,7.3886,0,0,0,1,0,0,Ministry of Road Transport & Highways,Roads & Highways,NHAI,Odisha
618821,Rehabilitation and Up gradation from 4 to 8 laning of Chandikhole Paradip Section of NH-53 Old NH 5A from Km 18.00 to Km 39.00 in the State of Odisha on HAM mode Package-2,2026-07,920.47,9.0,424.45,46.1123,2.85,0.676,98.22,7.22,7.9341,24.0,31.0,-7.0,1.2917,1.0,52.1077,0.4695,100.0,-1.78,7,8,7.22,7.22,2.85,2.87,2.1743,8.6614,0,0,0,1,0,0,Ministry of Road Transport & Highways,Roads & Highways,NHAI,Odisha
618822,Rehabilitation and Up gradation from 4 to 8 laning of Chandikhole Paradip Section of NH-53 Old NH 5A from Km.0.00 to Km.18.00Package-1,2026-07,929.91,9.0,398.91,42.8977,0.0,0.0,96.75,4.45,4.8212,24.0,31.0,-7.0,1.2917,1.0,53.8523,0.4434,100.0,-3.25,5,6,4.45,4.45,0.0,33.85,0.95,7.346,0,0,0,1,0,0,Ministry of Road Transport & Highways,Roads & Highways,NHAI,Odisha
618823,4 laning of Barasat - Barajaguli Section of NH-12 from Km. 31.000 to Km. 48.679 in the district of North 24 - Parganas,2026-07,352.01,6.0,97.88,27.806,10.47,11.978,43.52,1.85,4.4396,18.0,23.0,-5.0,1.2778,1.0,15.714,0.6389,100.0,-56.48,5,6,1.85,3.97,10.47,10.68,2.704,8.708,0,0,0,1,0,0,Ministry of Road Transport & Highways,Roads & Highways,NHAI,West Bengal
618824,"Development to 4-laning of the de-scoped stretches from Km 115.342 to Km 191.700 of NH-34 in Nadia District 3.962 & Murshidabad District 5.538 pertaining to Krishnagar to Berhampore section of NH-34 New NH-12 , in the state of West Bengal under NHO.",2026-07,201.1,4.0,64.63,32.1382,7.66,13.4457,54.79,0.77,1.4254,18.0,24.0,-6.0,1.3333,1.0,22.6518,0.5866,100.0,-45.21,5,6,0.77,2.19,7.66,7.64,1.958,3.462,0,0,0,1,0,0,Ministry of Road Transport & Highways,Roads & Highways,NHAI,West Bengal
618825,Bridge over Ganga River at d/s of Farraka Barrage including Approaches connecting Farakka-Raiganj,2026-07,622.04,4.0,628.08,100.971,4.39,0.7039,96.71,0.0,0.0,36.0,91.0,-55.0,2.5278,1.0,-4.261,1.0441,100.0,-3.29,7,8,0.0,0.54,4.39,260.91,0.2443,41.2829,0,0,0,1,0,0,Ministry of Road Transport & Highways,Roads & Highways,NHAI,West Bengal
618826,4 Laning of NH-544D from Km 0.000 to km 37.000 of Anantapur- Muchukota section Pkg-1,2026-07,907.76,9.0,468.12,51.5687,0.0,0.0,92.34,0.37,0.4023,24.0,36.0,-12.0,1.5,1.0,40.7713,0.5585,100.0,-7.66,7,8,0.37,0.37,0.0,17.96,0.1914,8.2629,0,0,0,1,0,0,Ministry of Road Transport & Highways,Roads & Highways,NHAI,Andhra Pradesh
618827,4 Laning of NH-544D from Km 37.000 to km 69.000 of Muchukota- Bugga section Pkg-2,2026-07,1097.57,10.0,466.9,42.5394,0.01,0.0021,84.92,2.87,3.4979,24.0,35.0,-11.0,1.4583,1.0,42.3806,0.5009,100.0,-15.08,7,8,2.87,2.87,0.01,78.36,2.1314,20.9643,0,0,0,1,0,0,Ministry of Road Transport & Highways,Roads & Highways,NHAI,Andhra Pradesh
618828,4L from Km 219.600 Khajuri to Km 260.483 Wyndhamganj on NH-75 Sec-V,2026-05,1436.49,18.0,830.18,57.7923,0.0,0.0,92.02,0.0,0.0,24.0,32.0,-8.0,1.3333,1.0,34.2277,0.628,100.0,-7.98,5,6,0.0,0.0,0.0,3.51,0.404,0.726,0,0,0,1,0,0,Ministry of Road Transport & Highways,Roads & Highways,National Highways Authority of India [NHAI],"Multi-States
(Jharkhand, Uttar
Pradesh)"
618829,4L from km 196.87 Sankha to km 219.6 Khajuri on NH-75 [Rehla / Garhwa Bypass],2026-05,1129.48,13.0,527.11,46.6684,0.0,0.0,93.45,0.0,0.0,24.0,55.0,-31.0,2.2917,1.0,46.7816,0.4994,100.0,-6.55,5,6,0.0,0.0,0.0,0.0,0.09,0.0,0,0,0,1,0,0,Ministry of Road Transport & Highways,Roads & Highways,National Highways Authority of India [NHAI],Jharkhand
618830,4L from Km 147.450 Bhogu to Km 196.870 Sankha on NH-75 Sec-III,2026-07,1517.87,13.0,1131.52,74.5466,28.52,2.5857,76.95,0.0,0.0,24.0,32.0,-8.0,1.3333,1.0,2.4034,0.9688,100.0,-23.05,7,8,0.0,0.0,28.52,139.43,0.1357,24.2,0,0,0,1,0,0,Ministry of Road Transport & Highways,Roads & Highways,NHAI,Jharkhand
618831,4L from Km 95.400 Udaipura to Km 147.450 Bhogu on NH-75 Sec-II,2026-07,1436.8,19.0,419.62,29.2052,0.01,0.0024,29.2,1.3,4.6595,24.0,21.0,3.0,0.875,0.0,-0.0052,1.0002,87.5,-58.3,5,6,1.3,1.6,0.01,218.75,0.84,48.436,0,0,0,0,0,0,Ministry of Road Transport & Highways,Roads & Highways,NHAI,Jharkhand
618832,4L from Km 55.00 Kuru to Km 95.400 Udaipura on NH-75 Sec-I,2026-07,1274.82,23.0,253.64,19.8961,22.02,9.507,11.1,1.44,14.9068,24.0,6.0,18.0,0.25,0.0,-8.7961,1.7924,25.0,-13.9,5,6,1.44,3.69,22.02,167.18,2.22,50.39,0,0,0,0,0,0,Ministry of Road Transport & Highways,Roads & Highways,NHAI,Jharkhand
618833,Kodinar - Veraval Package VI from km. 221.610 to km. 263.00 of NH-8E & km. 120.900 to km. 121.150 of NH-8D,2026-06,894.01,24.0,730.04,81.659,272.98,59.7252,98.79,0.0,0.0,29.0,100.0,-71.0,3.4483,1.0,17.131,0.8266,100.0,-1.21,6,7,0.0,0.0,272.98,272.99,0.1317,48.4233,0,0,0,1,0,0,Ministry of Road Transport & Highways,Roads & Highways,NHAI,Gujarat
618834,4L Kodinar - Veraval Package VI from km. 222.400 to km. 230.00 Kodinar Bypass of NH-8E NH 51 new,2026-05,162.73,1.0,174.82,107.4295,0.0,0.0,100.0,0.0,0.0,17.0,49.0,-32.0,2.8824,1.0,-7.4295,1.0743,100.0,0.0,5,6,0.0,0.0,0.0,0.0,0.0,2.564,0,0,0,1,0,0,Ministry of Road Transport & Highways,Roads & Highways,National Highways Authority of India [NHAI],Gujarat
618835,4L of Bal Works of Talaja - Mahuva from 54.990 km. to 100.450 km. of Old NH-8E Package-II,2026-05,698.4,7.0,418.41,59.9098,0.0,0.0,100.0,0.0,0.0,18.0,62.0,-44.0,3.4444,1.0,40.0902,0.5991,100.0,0.0,5,6,0.0,0.0,0.0,0.0,0.0,0.03,0,0,0,1,0,0,Ministry of Road Transport & Highways,Roads & Highways,National Highways Authority of India [NHAI],Gujarat
618836,4L of Ratnagiri - Kolhapur section from km 67.140 to km 112.340 of NH-166 Pkg II,2026-07,1985.38,15.0,1239.53,62.4329,4.24,0.3432,81.57,1.59,1.988,24.0,38.0,-14.0,1.5833,1.0,19.1371,0.7654,100.0,-18.43,7,8,1.59,1.59,4.24,776.13,2.7957,134.1371,0,0,0,1,0,0,Ministry of Road Transport & Highways,Roads & Highways,NHAI,Maharashtra
618837,4L of Ratnagiri - Kolhapur section from km 112.340 to km 145.300 of NH-166 PkgIII,2026-07,1939.23,15.0,1079.17,55.6494,0.32,0.0297,68.95,1.38,2.0423,24.0,38.0,-14.0,1.5833,1.0,13.3006,0.8071,100.0,-31.05,7,8,1.38,1.38,0.32,595.76,0.9929,98.4629,0,0,0,1,0,0,Ministry of Road Transport & Highways,Roads & Highways,NHAI,Maharashtra
618838,4L of Karwar Km. 281.980 of NH-62 Nagaur road to Dangiyavas of Jodhpur Ring Road Pkg-II,2026-07,736.75,9.0,463.98,62.9766,-6.42,-1.3648,100.0,0.0,0.0,24.0,47.0,-23.0,1.9583,1.0,37.0234,0.6298,100.0,0.0,7,8,0.0,1.0,-6.42,63.66,0.2857,9.8057,0,0,0,1,0,0,Ministry of Road Transport & Highways,Roads & Highways,NHAI,Rajasthan
618839,Aunta - Simaria including Ganga Bridge,2026-05,1309.47,19.0,812.81,62.0717,0.0,0.0,100.0,0.0,0.0,42.0,93.0,-51.0,2.2143,1.0,37.9283,0.6207,100.0,0.0,5,6,0.0,0.0,0.0,0.0,0.0,3.164,0,0,0,1,0,0,Ministry of Road Transport & Highways,Roads & Highways,National Highways Authority of India [NHAI],Bihar
618840,Simaria Km. 206.050 to Khagaria Km. 266.282,2026-07,664.02,10.0,814.22,122.6198,0.24,0.0295,97.73,0.01,0.0102,30.0,117.0,-87.0,3.9,1.0,-24.8898,1.2547,100.0,-2.27,7,8,0.01,0.02,0.24,461.94,0.1043,68.1414,0,0,0,1,0,0,Ministry of Road Transport & Highways,Roads & Highways,NHAI,Bihar
618841,4L Elevated Section and at-grade improvements at Begusarai town Simaria - Khagaria section from Km. 221.047 to Km. 225.302 of NH-31,2026-07,491.04,8.0,354.17,72.1265,6.13,1.7613,95.72,0.0,0.0,30.0,49.0,-19.0,1.6333,1.0,23.5935,0.7535,100.0,-4.28,7,8,0.0,0.0,6.13,8.96,0.5314,5.3571,0,0,0,1,0,0,Ministry of Road Transport & Highways,Roads & Highways,NHAI,Bihar
618842,"2L PS Greenfield bypass lalganj ajhara, mohanganj and Raniganj on Raebareli - Jaunpur Section Design km 0.00 to Km 53177 of NH-31",2026-07,1280.68,18.0,199.56,15.5823,13.27,7.1233,0.0,0.0,,24.0,1.0,23.0,0.0417,0.0,-15.5823,,4.1667,-4.1667,1,2,0.0,,13.27,,0.0,13.27,0,0,0,0,0,0,Ministry of Road Transport & Highways,Roads & Highways,NHAI,Uttar Pradesh
618843,Construction of two lane with paved shoulders bypass to Mungrabadshapur town starting from near Kodahu at Km 47/225 of NH-319D and ending near Nauwadandi at Km 219/720 of NH-31 under NHO in the state of Uttar Pradesh on EPC mode,2026-07,197.6,7.0,54.54,27.6012,1.01,1.8868,22.79,5.57,32.3461,18.0,10.0,8.0,0.5556,0.0,-4.8112,1.2111,55.5556,-32.7656,6,7,5.57,7.74,1.01,16.6,3.7983,5.5667,0,0,0,0,0,0,Ministry of Road Transport & Highways,Roads & Highways,NHAI,Uttar Pradesh
618844,Viluppuram Km.0.000 to Puducherry Km.29.000,2026-07,1358.31,44.0,526.41,38.7548,0.01,0.0019,98.32,0.0,0.0,24.0,56.0,-32.0,2.3333,1.0,59.5652,0.3942,100.0,-1.68,5,6,0.0,0.0,0.01,1.52,0.064,24.758,0,0,0,1,0,0,Ministry of Road Transport & Highways,Roads & Highways,NHAI,"Multi-States
(Puducherry, Tamil
Nadu)"
618845,Puducherry Km.29.000 to Poondiyankuppam Km.67.000,2026-07,1588.4,44.0,460.45,28.9883,0.06,0.013,98.75,0.0,0.0,24.0,56.0,-32.0,2.3333,1.0,69.7617,0.2936,100.0,-1.25,7,8,0.0,0.0,0.06,11.73,0.1071,26.18,0,0,0,1,0,0,Ministry of Road Transport & Highways,Roads & Highways,NHAI,"Multi-States
(Puducherry, Tamil
Nadu)"
618846,Poondiyankuppam Km.67.000 to Sattanathapuram Km.123.800,2026-07,2565.63,46.0,1210.2,47.1697,3.17,0.2626,99.8,0.0,0.0,24.0,54.0,-30.0,2.25,1.0,52.6303,0.4726,100.0,-0.2,5,6,0.0,0.0,3.17,121.87,0.16,26.498,0,0,0,1,0,0,Ministry of Road Transport & Highways,Roads & Highways,NHAI,Tamil Nadu
618847,Sattanathapuram to Nagapattinam from Km 123.800 to Km 179.555,2026-07,2899.77,31.0,1595.37,55.0171,2.05,0.1287,85.6,0.6,0.7059,24.0,69.0,-45.0,2.875,1.0,30.5829,0.6427,100.0,-14.4,7,8,0.6,1.4,2.05,389.06,1.5143,83.3857,0,0,0,1,0,0,Ministry of Road Transport & Highways,Roads & Highways,NHAI,"Multi-States
(Puducherry, Tamil
Nadu)"
618848,Construction of Underpass beneath airport runway on NH-31 old NH-56 for proposed expansion of runway of Babatpur Airport Varanasi,2026-07,649.44,7.0,0.09,0.0139,0.0,0.0,22.0,15.3,228.3582,24.0,10.0,14.0,0.4167,0.0,21.9861,0.0006,41.6667,-19.6667,6,7,15.3,15.3,0.0,0.0,2.8333,0.0,0,0,0,0,0,0,Ministry of Road Transport & Highways,Roads & Highways,NHAI,Uttar Pradesh
618849,Conversion of Partially Excavated Escape Tunnel to Uni-Directional 2L Tunnelincluding construction of cross passages and approach roads on either side of the tunnel from Km 12.732 to Km 14.568 of Kiratpur to Nerchowk Section of NH-21,2026-05,444.21,4.0,394.65,88.8431,0.0,0.0,100.0,0.0,0.0,18.0,44.0,-26.0,2.4444,1.0,11.1569,0.8884,100.0,0.0,5,6,0.0,0.0,0.0,0.05,0.0,0.03,0,0,0,1,0,0,Ministry of Road Transport & Highways,Roads & Highways,National Highways Authority of India [NHAI],Chhattisgarh
618850,Nerchowk km 190.000 to Pandoh including Pandoh bypass km221.305,2026-07,1464.12,22.0,1574.85,107.5629,7.73,0.4933,100.0,0.0,0.0,30.0,102.0,-72.0,3.4,1.0,-7.5629,1.0756,100.0,0.0,7,8,0.0,0.0,7.73,723.29,0.1429,105.3686,0,0,0,1,0,0,Ministry of Road Transport & Highways,Roads & Highways,NHAI,Himachal Pradesh
618851,Pandoh bypass 221.305 to Takoli 242.000 of NH-21 in the state of Himachal Pradesh,2026-07,3419.95,9.0,2883.58,84.3164,2.39,0.083,95.65,0.0,0.0,42.0,100.0,-58.0,2.381,1.0,11.3336,0.8815,100.0,-4.35,5,6,0.0,0.0,2.39,960.56,0.13,206.554,0,0,0,1,0,0,Ministry of Road Transport & Highways,Roads & Highways,NHAI,Himachal Pradesh
618852,4L Sundar Nagar Bypass from Km.173.900 to Km.179.600 of NH-21,2026-07,191.11,4.0,182.6,95.5471,0.34,0.1865,100.0,0.0,0.0,24.0,49.0,-25.0,2.0417,1.0,4.4529,0.9555,100.0,0.0,7,8,0.0,0.0,0.34,0.4,0.0,0.19,0,0,0,1,0,0,Ministry of Road Transport & Highways,Roads & Highways,NHAI,Himachal Pradesh
618853,Construction of Four lane Elevated Structure at Raniwada Circle in Sanchore City on NH-68,2026-07,353.3,6.0,192.88,54.5938,8.04,4.3497,89.37,3.19,3.7016,24.0,24.0,0.0,1.0,0.0,34.7762,0.6109,100.0,-10.63,5,6,3.19,6.76,8.04,12.33,2.874,7.244,0,0,0,0,0,0,Ministry of Road Transport & Highways,Roads & Highways,NHAI,Rajasthan
618854,2L PS of Raebareli - Jagdishpur with 4L Jagdishpur Bypass Spur,2026-05,706.41,11.0,515.53,72.9789,0.0,0.0,97.2,0.0,0.0,24.0,52.0,-28.0,2.1667,1.0,24.2211,0.7508,100.0,-2.8,5,6,0.0,0.0,0.0,0.0,0.04,0.032,0,0,0,1,0,0,Ministry of Road Transport & Highways,Roads & Highways,National Highways Authority of India [NHAI],Uttar Pradesh
618855,"Improvement and Up-Gradation of Existing Road to 2/4L PS from Km 40.000 to 88.750, start of Khutar bypass to start of Shahjahanpur bypass of NH 731Pkg-I",2026-05,838.68,11.0,560.48,66.8288,0.0,0.0,99.2,0.0,0.0,24.0,39.0,-15.0,1.625,1.0,32.3712,0.6737,100.0,-0.8,5,6,0.0,0.0,0.0,0.0,0.04,0.744,0,0,0,1,0,0,Ministry of Road Transport & Highways,Roads & Highways,National Highways Authority of India [NHAI],Uttar Pradesh
618856,"Improvement and Up-Gradation of Existing Road to 4L PS from Km 123.650 to 175.080, from Start of Shahabad Bypass to End of Hardoi bypass of NH 731 Pkg-2B",2026-07,1101.79,14.0,519.69,47.1678,32.71,6.7169,68.8,0.0,0.0,24.0,32.0,-8.0,1.3333,1.0,21.6322,0.6856,100.0,-31.2,7,8,0.0,5.29,32.71,162.51,2.6857,29.59,0,0,0,1,0,0,Ministry of Road Transport & Highways,Roads & Highways,NHAI,Uttar Pradesh
618858,"Improvement and Up-Gradation of Existing Road to 4L PS from Km 88.750 to 123.650, from Start of Shahjahanpur Bypass to start of Shahabad bypass of NH 731Pkg.-2A",2026-07,955.34,16.0,369.94,38.7234,21.56,6.1886,70.56,0.0,0.0,24.0,30.0,-6.0,1.25,1.0,31.8366,0.5488,100.0,-29.44,5,6,0.0,4.21,21.56,86.32,2.512,25.902,0,0,0,1,0,0,Ministry of Road Transport & Highways,Roads & Highways,NHAI,Uttar Pradesh
618859,"Improvement and Up-Gradation of Existing Road to 4L PS from Km 229.070 to 260.800, End of Hardoi District to Lucknow Ring road of NH 731 Pkg-4",2026-07,575.66,13.0,390.09,67.764,0.0,0.0,99.33,0.0,0.0,24.0,45.0,-21.0,1.875,1.0,31.566,0.6822,100.0,-0.67,7,8,0.0,0.0,0.0,18.11,0.9043,2.71,0,0,0,1,0,0,Ministry of Road Transport & Highways,Roads & Highways,NHAI,Uttar Pradesh
618861,Bakhtiyarpur-Rajauli Pkg-II from km. 54.405 to km.101.630,2026-07,897.45,7.0,914.25,101.872,0.0,0.0,97.85,0.0,0.0,27.0,63.0,-36.0,2.3333,1.0,-4.022,1.0411,100.0,-2.15,7,8,0.0,0.0,0.0,17.12,0.9786,30.9786,0,0,0,1,0,0,Ministry of Road Transport & Highways,Roads & Highways,NHAI,Bihar
618862,Bakhtiyarpur-Rajauli Pkg-III from km. 101.630 to km.152.520,2026-07,2156.22,15.0,1818.91,84.3564,3.71,0.2044,99.14,0.0,0.0,30.0,55.0,-25.0,1.8333,1.0,14.7836,0.8509,100.0,-0.86,5,6,0.0,0.0,3.71,150.63,0.028,45.816,0,0,0,1,0,0,Ministry of Road Transport & Highways,Roads & Highways,NHAI,Bihar
618863,Barhi-Koderma Section of NH31 km 0.00 - km 27.5,2026-07,662.44,33.0,825.2,124.5698,0.25,0.0303,98.5,0.0,0.0,57.0,80.0,-23.0,1.4035,1.0,-26.0698,1.2647,100.0,-1.5,5,6,0.0,0.0,0.25,314.48,0.1,69.346,0,0,0,1,0,0,Ministry of Road Transport & Highways,Roads & Highways,NHAI,Jharkhand
618864,4L from Mathura Bypass Start at Existing Km. 154.20 of NH-44 to Gaju Village at Km 32.982 of NH-530B Pkg-IB,2026-05,1722.11,14.0,1050.08,60.9764,0.21,0.02,100.0,0.1,0.1001,24.0,38.0,-14.0,1.5833,1.0,39.0236,0.6098,100.0,0.0,5,6,0.1,0.1,0.21,0.24,0.2,9.914,0,0,0,1,0,0,Ministry of Road Transport & Highways,Roads & Highways,National Highways Authority of India [NHAI],Uttar Pradesh
618865,4L from Gaju Village at Km. 32.982 to Devinagar Bypass End at Km. 208.000 of NH- 530B Pkg-1C.,2026-05,1384.79,13.0,823.04,59.4343,0.0,0.0,99.99,0.0,0.0,24.0,40.0,-16.0,1.6667,1.0,40.5557,0.5944,100.0,-0.01,5,6,0.0,0.0,0.0,0.0,0.198,0.0,0,0,0,1,0,0,Ministry of Road Transport & Highways,Roads & Highways,National Highways Authority of India [NHAI],Uttar Pradesh
618866,"Four Lane Highway from Chandan Nagar Existing Km. 59.025 of NH 530B/Design Km. 179.5000 to Bareilly BypassStartExisting Km. 59.025 of NH 530B/Design Km. 218.000 Section of NH 530B, in the State of Uttar Pradesh on HAM Mode under NH0",2026-07,2077.0,11.0,486.09,23.4035,47.16,10.7443,34.5,4.2,13.8614,24.0,8.0,16.0,0.3333,0.0,11.0965,0.6784,33.3333,1.1667,6,7,4.2,12.5,47.16,180.77,5.25,69.7183,0,0,0,0,0,0,Ministry of Road Transport & Highways,Roads & Highways,NHAI,Uttar Pradesh
618867,4L Kasganj-Badaun Section from Km. 123.100 to Km. 179.500 Pkg-III of NH530B,2026-07,2009.11,26.0,590.99,29.4155,41.94,7.6386,40.0,2.97,8.0205,24.0,14.0,10.0,0.5833,0.0,10.5845,0.7354,58.3333,-18.3333,6,7,2.97,7.05,41.94,396.61,5.6667,95.0117,0,0,0,0,0,0,Ministry of Road Transport & Highways,Roads & Highways,NHAI,Uttar Pradesh
618868,4L from Devinagar Bypass End Existing Km. 208.000 of NH 530B/Design Km. 66.000 to Kasganj Bypass End Existing Km.150.100 of NH 530B/ Design Km. 123.100 of NH 530B,2026-07,2289.52,15.0,1027.01,44.857,0.01,0.001,77.0,6.98,9.9686,24.0,25.0,-1.0,1.0417,1.0,32.143,0.5826,100.0,-23.0,5,6,6.98,8.6,0.01,540.32,4.2,124.338,0,0,0,1,0,0,Ministry of Road Transport & Highways,Roads & Highways,NHAI,Uttar Pradesh
618869,"Construction of 4/6 lane Highway of Southern Bareilly Bypass, starting at Ch. 237000 of NH 530 near Jhumka chauraha, Dhantiya village and ending at Ch. 267000 of NH 30 near Invertis University including Trumpet Interchange",2026-07,1122.02,12.0,620.25,55.2798,16.89,2.7993,16.4,0.92,5.9432,30.0,7.0,23.0,0.2333,0.0,-38.8798,3.3707,23.3333,-6.9333,6,7,0.92,3.4,16.89,450.48,2.7333,94.7117,0,0,0,0,0,0,Ministry of Road Transport & Highways,Roads & Highways,NHAI,Uttar Pradesh
618870,4L PS from near Hemmige Village Periyapatna - Hassan Road Jn. to near Hunsur - KR Nagar Jn section from Km. 144.900 to Km. 169.000 of NH-275 Pkg. III,2026-07,883.62,26.0,447.11,50.5998,9.34,2.1335,27.8,3.53,14.5447,24.0,15.0,9.0,0.625,0.0,-22.7998,1.8201,62.5,-34.7,5,6,3.53,6.01,9.34,385.5,2.56,77.24,0,0,0,0,0,0,Ministry of Road Transport & Highways,Roads & Highways,NHAI,Karnataka
618871,4L PS from Near Guddehosur to Start of Kushalnagara Bypass to near Hemmige Village Periyapatna - Hassan Road Jn from Km. 122.200 to Km. 144.900 of NH-275 Pkg. II,2026-07,909.86,34.0,325.85,35.8132,12.64,4.0356,14.53,0.92,6.7597,24.0,7.0,17.0,0.2917,0.0,-21.2832,2.4648,29.1667,-14.6367,6,7,0.92,4.68,12.64,292.71,2.4217,53.9967,0,0,0,0,0,0,Ministry of Road Transport & Highways,Roads & Highways,NHAI,Karnataka
618872,4L PS from near Hunsur - KR Nagar Junction to near Yalachahalli village KR Nagara - Yelawala Road Junction fcrom Km 169.000 to Km 195.550 of NH-275 Pkg-IV,2026-07,1062.76,26.0,272.55,25.6455,0.01,0.0037,19.58,1.45,7.9978,24.0,15.0,9.0,0.625,0.0,-6.0655,1.3098,62.5,-42.92,5,6,1.45,3.25,0.01,179.28,1.716,36.012,0,0,0,0,0,0,Ministry of Road Transport & Highways,Roads & Highways,NHAI,Karnataka
618873,4L PS from near Yalachahalli village KR Nagara - Yelawala Road junction to Srirangapatna Bypass Near Paschima Vahini from km 195.550 to Km 214.535 of NH- 275 Pkg-V,2026-07,1272.71,27.0,462.59,36.3469,0.0,0.0,17.36,0.91,5.5319,24.0,15.0,9.0,0.625,0.0,-18.9869,2.0937,62.5,-45.14,5,6,0.91,1.52,0.0,364.74,1.272,73.068,0,0,0,0,0,0,Ministry of Road Transport & Highways,Roads & Highways,NHAI,Karnataka
618874,Four Laning of Trichy - Dindigul from km. 333.00 to km. 421.273 of NH-45,2026-05,1003.11,13.0,9.74,0.971,0.31,3.2874,100.0,0.0,0.0,30.0,220.0,-190.0,7.3333,1.0,99.029,0.0097,100.0,0.0,3,4,0.0,0.0,0.31,1.38,0.0,2.97,0,0,0,1,0,0,Ministry of Road Transport & Highways,Roads & Highways,National Highways Authority of India [NHAI],Tamil Nadu
618875,4L of Haridwar Nagina section Design Ch. LME from km 13.829 to km 17.110 & km 26.077 to km 27.508 and Design Ch. RME from km 13.839 to km 17.120 & km 26.078 to km 27.509 of EUP mitigation measures on NH74,2026-07,183.92,9.0,119.67,65.0663,4.25,3.6822,70.42,0.0,0.0,18.0,47.0,-29.0,2.6111,1.0,5.3537,0.924,100.0,-29.58,5,6,0.0,0.0,4.25,6.61,0.084,4.672,0,0,0,1,0,0,Ministry of Road Transport & Highways,Roads & Highways,NHAI,Uttarakhand
618876,4L of Nagina-Kashipur section from km. 73.00 to km. 175.00 of NH-74,2026-02,2125.03,33.0,354.2,16.668,,,98.0,,,30.0,100.0,-70.0,3.3333,1.0,81.332,0.1701,100.0,-2.0,0,1,,,,,,,0,1,0,1,0,0,Ministry of Road Transport & Highways,Roads & Highways,National Highways Authority of India [NHAI],"Multi-States (Uttar
Pradesh,
Uttarakhand)"
618878,Rehabilitation and Upgradation to 4L configuration & Strengthening of Sihuni to Rajol from Km 51.000 to Km 72.000 of NH-154 Package-IIA,2026-07,696.65,18.0,496.48,71.2668,3.38,0.6855,99.18,0.6,0.6086,24.0,34.0,-10.0,1.4167,1.0,27.9132,0.7186,100.0,-0.82,7,8,0.6,0.94,3.38,178.38,2.4543,29.7629,0,0,0,1,0,0,Ministry of Road Transport & Highways,Roads & Highways,NHAI,Himachal Pradesh
618879,Rehabilitation and Upgradation to 2L PS configuration & Strengthening of Padhar to Bijni section from Km 180.000 to Km 202.815 of NH-154 Pkg-VA,2026-07,930.86,29.0,666.12,71.5596,0.84,0.1263,99.86,0.67,0.6755,24.0,20.0,4.0,0.8333,0.0,28.3004,0.7166,83.3333,16.5267,5,6,0.67,5.03,0.84,295.93,3.972,65.532,0,0,0,0,0,0,Ministry of Road Transport & Highways,Roads & Highways,NHAI,Himachal Pradesh
618880,Rehabilitation and Up-gradation to 4L configuration & Strengthening of Thanpuri to Paror section from Km 85.135 to Km 100.840 of NH-154 Pkg-IIC,2026-07,815.68,20.0,496.91,60.9197,10.18,2.0915,56.61,1.7,3.096,21.0,28.0,-7.0,1.3333,1.0,-4.3097,1.0761,100.0,-43.39,5,6,1.7,2.39,10.18,278.25,1.922,60.192,0,0,0,1,0,0,Ministry of Road Transport & Highways,Roads & Highways,NHAI,Himachal Pradesh
618881,4L PS bijni to mandi section from Km 202.815 to Km 208.000 of NH-20 New NH-154 of Pathankot-Mandi Package-VB,2026-07,1113.02,25.0,547.08,49.1528,21.85,4.1601,35.3,0.73,2.1117,30.0,16.0,14.0,0.5333,0.0,-13.8528,1.3924,53.3333,-18.0333,6,7,0.73,4.21,21.85,148.37,2.3833,63.185,0,0,0,0,0,0,Ministry of Road Transport & Highways,Roads & Highways,NHAI,Himachal Pradesh
618882,Construction of additional 3-Lane Bridge over River Ganga for connection between Buxar and Bharauli on NH-922 in the State of Uttar Pradesh and Bihar on Hybrid Annuity Mode,2026-07,531.61,17.0,47.11,8.8618,0.35,0.7485,22.26,2.1,10.4167,30.0,11.0,19.0,0.3667,0.0,13.3982,0.3981,36.6667,-14.4067,6,7,2.1,4.64,0.35,10.36,2.71,7.695,0,0,0,0,0,0,Ministry of Road Transport & Highways,Roads & Highways,NHAI,"Multi-States
(Bihar, Uttar
Pradesh)"
618883,Construction of Four Lane Highway form Ghazipur- Ballia-UP/Bihar State Border Greenfield section of NH-31 Package I [from Hridaipur km 0.000 to Shahapur km 42.500] on EPC Mode in the state of Uttar Pradesh.,2026-07,1706.47,9.0,1447.58,84.8289,7.12,0.4943,100.0,0.0,0.0,24.0,36.0,-12.0,1.5,1.0,15.1711,0.8483,100.0,0.0,7,8,0.0,0.0,7.12,581.34,1.1429,103.4971,0,0,0,1,0,0,Ministry of Road Transport & Highways,Roads & Highways,NHAI,Uttar Pradesh
618884,Construction of Four Lane Highway from Ghazipur- Ballia-UP/Bihar State Border Greenfield section of NH-31 Package II [from Shahapur km 42.500 to Pindari km 78.150] on EPC Mode in the state of Uttar Pradesh.,2026-07,1493.65,12.0,775.96,51.9506,18.27,2.4113,98.4,2.11,2.1913,24.0,33.0,-9.0,1.375,1.0,46.4494,0.528,100.0,-1.6,7,8,2.11,2.11,18.27,48.94,2.6286,23.6357,0,0,0,1,0,0,Ministry of Road Transport & Highways,Roads & Highways,NHAI,Uttar Pradesh
618885,Construction of Four Lane Highway from Ghazipur- Ballia-UP/Bihar State Border Greenfield section of NH-31 Package IV [from Buxur Spur of length km 17.270 on EPC Mode in the state of Uttar Pradesh.,2026-07,617.88,8.0,286.1,46.3035,4.1,1.4539,90.57,-0.53,-0.5818,24.0,37.0,-13.0,1.5417,1.0,44.2665,0.5112,100.0,-9.43,7,8,-0.53,-0.53,4.1,36.61,2.3671,9.6171,0,0,0,1,0,0,Ministry of Road Transport & Highways,Roads & Highways,NHAI,Uttar Pradesh
618886,Road Safety Improvement of Critical Junctions on MuzaffarnagarHaridwar Section of NH-334 from Km 143000 to Km 196000,2026-07,238.66,6.0,42.08,17.6318,9.01,27.2452,22.64,2.14,10.439,24.0,9.0,15.0,0.375,0.0,5.0082,0.7788,37.5,-14.86,6,7,2.14,6.24,9.01,21.88,3.2733,6.5833,0,0,0,0,0,0,Ministry of Road Transport & Highways,Roads & Highways,NHAI,"Multi-States (Uttar
Pradesh,
Uttarakhand)"
618887,4L of Bettadahalli- Shivamogga section from Km.170.415 to km. 226.750 of NH-206 Tumkur- Shivamogga Pkg-IV,2026-07,2082.98,33.0,1645.24,78.9849,23.43,1.4447,84.25,0.47,0.561,24.0,57.0,-33.0,2.375,1.0,5.2651,0.9375,100.0,-15.75,7,8,0.47,0.89,23.43,779.48,0.6071,112.2314,0,0,0,1,0,0,Ministry of Road Transport & Highways,Roads & Highways,NHAI,Karnataka
618888,Rehabilitation and Up-gradation of existing road to 2L PS from End of Hamirpur Bypass near Chilbahal to Bhangbar section from Km. 138.295 to Km.175.270 of NH- 88 Pkg-IV,2026-07,1146.19,13.0,987.35,86.1419,0.12,0.0122,97.2,1.48,1.5462,24.0,39.0,-15.0,1.625,1.0,11.0581,0.8862,100.0,-2.8,7,8,1.48,4.15,0.12,693.79,1.8857,102.4114,0,0,0,1,0,0,Ministry of Road Transport & Highways,Roads & Highways,NHAI,Himachal Pradesh
618889,"4L of Bhangbar Near Ranital to Kangra Bypass Section of Old NH-88 New NH- 303,503 up to Intersection with NH-154 from Km 175.270 to Km 193.400 Pkg-VB",2026-07,1322.95,21.0,1102.58,83.3425,1.43,0.1299,97.45,0.0,0.0,24.0,43.0,-19.0,1.7917,1.0,14.1075,0.8552,100.0,-2.55,7,8,0.0,0.0,1.43,224.0,0.2071,51.9157,0,0,0,1,0,0,Ministry of Road Transport & Highways,Roads & Highways,NHAI,Himachal Pradesh
618890,2L PS of Hamirpur Bypass from Km 121.175 to Km.138.295 of NH-103&3,2026-07,739.39,14.0,369.94,50.0331,0.35,0.0947,94.37,1.12,1.2011,24.0,33.0,-9.0,1.375,1.0,44.3369,0.5302,100.0,-5.63,7,8,1.12,1.57,0.35,136.48,0.4814,19.8457,0,0,0,1,0,0,Ministry of Road Transport & Highways,Roads & Highways,NHAI,Himachal Pradesh
618891,4L PS from Kalar Bala Village to Nauni Chowk of NH 205 from Km 41.000 to Km 58.450,2026-07,1244.43,16.0,145.72,11.7098,28.22,24.017,31.46,1.03,3.3848,24.0,14.0,10.0,0.5833,0.0,19.7502,0.3722,58.3333,-26.8733,5,6,1.03,9.22,28.22,51.05,4.292,17.27,0,0,0,0,0,0,Ministry of Road Transport & Highways,Roads & Highways,NHAI,Himachal Pradesh
618892,"4 Lane with Paved Shoulder from Dareota Village to Kalar Bala NH 205, Design Chainage -Km 33185 to Km 41000, Design Length-7.815 Km Package-IIB",2026-07,992.85,12.0,5.27,0.5308,0.12,2.3301,0.68,0.68,,24.0,1.0,23.0,0.0417,0.0,0.1492,0.7806,4.1667,-3.4867,1,2,0.68,,0.12,,0.68,0.12,0,0,0,0,0,0,Ministry of Road Transport & Highways,Roads & Highways,NHAI,Himachal Pradesh
618893,Varanasi Gorakhpur Section Packege IV from km. 149.540 to km. 215.160 Mau- Gorakhpur,2026-07,2966.63,24.0,3455.15,116.4672,1.24,0.0359,97.35,0.0,0.0,30.0,111.0,-81.0,3.7,1.0,-19.1172,1.1964,100.0,-2.65,5,6,0.0,0.0,1.24,2588.45,0.07,518.514,0,0,0,1,0,0,Ministry of Road Transport & Highways,Roads & Highways,NHAI,Uttar Pradesh
618894,4L of Madathukulam - Pollachi from km. 74.38 to km. 116.95 of old NH-209 New NH- 83,2026-07,1772.13,23.0,1062.67,59.9657,1.41,0.1329,97.65,2.13,2.2299,24.0,67.0,-43.0,2.7917,1.0,37.6843,0.6141,100.0,-2.35,7,8,2.13,2.13,1.41,563.01,1.0929,121.5629,0,0,0,1,0,0,Ministry of Road Transport & Highways,Roads & Highways,NHAI,Tamil Nadu
618895,Kamalapuram to Oddanchatram from km. 0.00 to km. 35.822,2026-07,1319.42,24.0,649.83,49.2512,0.14,0.0215,93.6,1.11,1.2001,24.0,66.0,-42.0,2.75,1.0,44.3488,0.5262,100.0,-6.4,7,8,1.11,1.6,0.14,232.1,0.8,45.4857,0,0,0,1,0,0,Ministry of Road Transport & Highways,Roads & Highways,NHAI,Tamil Nadu
618896,4L of Sannur to Bikarnakatte section from Km 691.350 to Km 736.362 of NH-169 Karkala - Mangalore Package-III,2026-07,1386.41,19.0,1251.68,90.2821,38.62,3.1837,76.1,0.0,0.0,24.0,45.0,-21.0,1.875,1.0,-14.1821,1.1864,100.0,-23.9,7,8,0.0,5.69,38.62,274.89,2.3,50.1529,0,0,0,1,0,0,Ministry of Road Transport & Highways,Roads & Highways,NHAI,Karnataka
618897,4L of Sethiyathope -Cholapuram section from Km. 65.960 to Km. 116.440 section of NH45 C Pkg-II,2026-05,2356.19,17.0,1011.39,42.9248,0.0,0.0,100.0,0.0,0.0,24.0,93.0,-69.0,3.875,1.0,57.0752,0.4292,100.0,0.0,5,6,0.0,0.0,0.0,0.0,0.0,0.024,0,0,0,1,0,0,Ministry of Road Transport & Highways,Roads & Highways,National Highways Authority of India [NHAI],Tamil Nadu
618898,Balance Works for Four laning of Vikravandi to Sethiyathope section from Km 0.0 to Km 65.96 of NH-45C in Tamil Nadu under NHDP Phase-IV on EPC mode,2026-07,1163.17,5.0,264.13,22.7078,29.08,12.3718,37.62,3.98,11.8312,24.0,13.0,11.0,0.5417,0.0,14.9122,0.6036,54.1667,-16.5467,5,6,3.98,7.9,29.08,64.47,3.924,25.082,0,0,0,0,0,0,Ministry of Road Transport & Highways,Roads & Highways,NHAI,Tamil Nadu
618899,Kallagam km.38.700 to Meensurutti Km.98.433 of NH-227 in Tamil Nadu,2026-07,1499.12,14.0,1111.9,74.1702,0.1,0.009,100.0,0.0,0.0,24.0,87.0,-63.0,3.625,1.0,25.8298,0.7417,100.0,0.0,5,6,0.0,0.0,0.1,426.2,0.0,168.112,0,0,0,1,0,0,Ministry of Road Transport & Highways,Roads & Highways,NHAI,Tamil Nadu
618901,4L PS Divided Carriageway from Patan Near Rajpur to Gojariya From Km 52.000 to Km 128.940 of NH-68,2026-07,1181.34,15.0,934.16,79.0763,10.31,1.116,87.12,0.0,0.0,24.0,40.0,-16.0,1.6667,1.0,8.0437,0.9077,100.0,-12.88,5,6,0.0,0.92,10.31,15.29,0.624,17.43,0,0,0,1,0,0,Ministry of Road Transport & Highways,Roads & Highways,NHAI,Gujarat
618902,Maheshkunt-Saharsa-Purnea Pkg I km 0.00 to km. 90.00 of NH-107,2026-07,662.44,34.0,1126.22,170.0109,1.02,0.0907,90.07,0.0,0.0,24.0,79.0,-55.0,3.2917,1.0,-79.9409,1.8875,100.0,-9.93,7,8,0.0,1.69,1.02,193.14,0.7243,36.9443,0,0,0,1,0,0,Ministry of Road Transport & Highways,Roads & Highways,NHAI,Bihar
618903,Maheshkunt -Saharsa-Purnea Pkg II,2026-07,1245.33,21.0,1230.43,98.8035,9.78,0.8012,94.0,0.0,0.0,24.0,91.0,-67.0,3.7917,1.0,-4.8035,1.0511,100.0,-6.0,7,8,0.0,2.97,9.78,398.74,0.7143,60.7143,0,0,0,1,0,0,Ministry of Road Transport & Highways,Roads & Highways,NHAI,Bihar
618904,Chhapra - Hajipur from km. 143.200 to km. 209.200,2026-06,2127.86,6.0,526.04,24.7216,427.97,436.3924,89.81,0.0,0.0,30.0,185.0,-155.0,6.1667,1.0,65.0884,0.2753,100.0,-10.19,6,7,0.0,0.0,427.97,427.97,5.4683,87.0433,0,0,0,1,0,0,Ministry of Road Transport & Highways,Roads & Highways,NHAI,Bihar
618905,Widening with additional 3L abetting Chhapra Bypass Section of NH-19 from Km. 143.200 to Km. 159.255 Pkg-1,2026-07,470.5,6.0,302.74,64.3443,15.22,5.2935,77.28,4.02,5.4873,24.0,23.0,1.0,0.9583,0.0,12.9357,0.8326,95.8333,-18.5533,5,6,4.02,8.85,15.22,52.32,4.456,25.038,0,0,0,0,0,0,Ministry of Road Transport & Highways,Roads & Highways,NHAI,Bihar
618906,4L of Amritsar-Ghoman - Tanda - Una Section from Km 8.270 to Km 54.000 of NH- 503A Package-I,2026-07,857.91,18.0,772.91,90.0922,18.47,2.4482,68.9,0.5,0.731,24.0,49.0,-25.0,2.0417,1.0,-21.1922,1.3076,100.0,-31.1,7,8,0.5,1.0,18.47,255.56,1.5571,43.7257,0,0,0,1,0,0,Ministry of Road Transport & Highways,Roads & Highways,NHAI,Punjab
618907,2L/4L of Hoshiarpur to Una section including Hoshiarpur Bypass of NH 503A,2026-07,571.34,26.0,257.79,45.1202,0.02,0.0078,26.43,0.25,0.9549,24.0,14.0,10.0,0.5833,0.0,-18.6902,1.7072,58.3333,-31.9033,5,6,0.25,0.7,0.02,191.42,2.286,44.14,0,0,0,0,0,0,Ministry of Road Transport & Highways,Roads & Highways,NHAI,"Multi-States
(Himachal
Pradesh, Punjab)"
618908,3L Major Bridge over River Brahmani at Km. 401.250 Duburi - Chandikhole Section of NH-200 New NH -53,2026-07,153.61,4.0,73.76,48.0177,0.17,0.231,38.0,0.0,0.0,29.0,47.0,-18.0,1.6207,1.0,-10.0177,1.2636,100.0,-62.0,7,8,0.0,0.0,0.17,0.17,5.4286,1.7057,0,0,0,1,0,0,Ministry of Road Transport & Highways,Roads & Highways,NHAI,Odisha
618909,2L PS of JH / WB Border km. 70.524 - Purulia km.84.400 & Purulia km. 94.30 - Chandil Junction with NH-33 km. 153.705 of Old NH-32,2026-07,1652.4,21.0,1652.04,99.9782,2.79,0.1692,97.65,0.0,0.0,32.0,79.0,-47.0,2.4688,1.0,-2.3282,1.0238,100.0,-2.35,7,8,0.0,0.25,2.79,902.55,0.0929,130.1414,0,0,0,1,0,0,Ministry of Road Transport & Highways,Roads & Highways,NHAI,"Multi-States
(Jharkhand, West
Bengal)"
618910,4L of Purulia Bypass section from Km 84.030 to Km 94.345 of NH-32,2026-06,557.55,13.0,488.7,87.6513,19.92,4.2493,94.12,0.0,0.0,18.0,52.0,-34.0,2.8889,1.0,6.4687,0.9313,100.0,-5.88,6,7,0.0,0.0,19.92,19.92,4.8533,7.3783,0,0,0,1,0,0,Ministry of Road Transport & Highways,Roads & Highways,NHAI,West Bengal
618911,4L Greenfield Western Side spur of Rampur-Rudrapur Section from Km 0.000 to Km 13.700 connecting NH-24 to NH-87 bypassing rampur town,2026-07,646.27,17.0,369.67,57.2006,0.0,0.0,63.79,0.0,0.0,18.0,38.0,-20.0,2.1111,1.0,6.5894,0.8967,100.0,-36.21,7,8,0.0,0.0,0.0,201.11,0.3986,31.94,0,0,0,1,0,0,Ministry of Road Transport & Highways,Roads & Highways,NHAI,Uttar Pradesh
618912,Construction of Rudrapur Bypass Section from Km. 0.000 to 20.640 in the state of Uttar Pradesh & Uttarakhand,2026-05,1051.73,10.0,665.1,63.2387,0.0,0.0,99.1,0.0,0.0,24.0,28.0,-4.0,1.1667,1.0,35.8613,0.6381,100.0,-0.9,3,4,0.0,1.04,0.0,12.59,1.0333,4.1967,0,0,0,1,0,0,Ministry of Road Transport & Highways,Roads & Highways,National Highways Authority of India [NHAI],"Multi-States (Uttar
Pradesh,
Uttarakhand)"
618913,4-L of Rajamunda to Barkote Section of NH-23 from km. 287.200 to km. 337.185,2026-05,609.63,14.0,114.77,18.8262,0.0,0.0,96.52,0.0,0.0,30.0,89.0,-59.0,2.9667,1.0,77.6938,0.195,100.0,-3.48,5,6,0.0,0.0,0.0,0.0,0.104,0.0,0,0,0,1,0,0,Ministry of Road Transport & Highways,Roads & Highways,National Highways Authority of India [NHAI],Odisha
618914,"4L Elevated Corridor and at-grade improvements from Design Ch0000 to Design Ch 19870 of Danapur Bihta Section, Design Ch0000 to Design Ch0231 connecting the existing RoB near Danapur station ,1.35 Km ramps and at-grade improvements to 4- lane section on Danapur side and Upgradation of existing Two lane carriageway to Four Lane carriageway from Design Ch19870 to Design Ch23500 of Bihta - Koilwar section",2026-07,4432.97,17.0,1578.15,35.6003,60.86,4.0111,63.91,2.79,4.5648,30.0,28.0,2.0,0.9333,0.0,28.3097,0.557,93.3333,-29.4233,5,6,2.79,5.03,60.86,134.05,2.982,70.226,0,0,0,0,0,0,Ministry of Road Transport & Highways,Roads & Highways,NHAI,Bihar
618915,4L of Bal. works of Patna - Gaya -Dobhi Pkg-II from km. 39.00 to km. 83.00 of Old NH- 83,2026-05,1637.29,14.0,728.91,44.5193,0.0,0.0,89.01,0.0,0.0,24.0,66.0,-42.0,2.75,1.0,44.4907,0.5002,100.0,-10.99,5,6,0.0,0.0,0.0,0.0,0.002,0.0,0,0,0,1,0,0,Ministry of Road Transport & Highways,Roads & Highways,National Highways Authority of India [NHAI],Bihar
618916,4L of Bal. works of Patna - Gaya -Dobhi Pkg-III from km. 83.00 to km. 127.217 of Old NH-83,2026-05,1077.46,14.0,774.78,71.908,0.0,0.0,92.0,0.0,0.0,24.0,66.0,-42.0,2.75,1.0,20.092,0.7816,100.0,-8.0,5,6,0.0,0.0,0.0,0.0,0.0,0.0,0,0,0,1,0,0,Ministry of Road Transport & Highways,Roads & Highways,National Highways Authority of India [NHAI],Bihar
618917,4L Greenfield starting from NH-30 near Saristabad Patna to Nathupur Project end point of Patna-Gaya-Dobhi Section of NH-83,2026-07,488.24,8.0,101.06,20.6988,0.0,0.0,88.3,1.27,1.4593,17.0,28.0,-11.0,1.6471,1.0,67.6012,0.2344,100.0,-11.7,5,6,1.27,7.47,0.0,0.01,2.06,3.676,0,0,0,1,0,0,Ministry of Road Transport & Highways,Roads & Highways,NHAI,Bihar
618919,4L PS from Mandlem Existing Km. 38.000/Design Km.30.600 to Atmakur Existing Km.73.000/Design Km 66.115 of NH340C Package2,2026-05,887.28,8.0,374.39,42.1952,0.0,0.0,99.94,0.0,0.0,24.0,30.0,-6.0,1.25,1.0,57.7448,0.4222,100.0,-0.06,5,6,0.0,0.0,0.0,0.0,0.188,0.01,0,0,0,1,0,0,Ministry of Road Transport & Highways,Roads & Highways,National Highways Authority of India [NHAI],Andhra Pradesh
618920,Access Controlled Highway of 4 Lane with Paved Shoulders from TN/AP Border Design Chainage Km 6151 to Puttur Design Chainage Km 81540 of NH-716 & 6 Lane with Paved Shoulders from Mallavaram to Renigunta,2026-07,1346.82,9.0,188.68,14.0093,0.02,0.0106,42.48,2.91,7.3541,24.0,19.0,5.0,0.7917,0.0,28.4707,0.3298,79.1667,-36.6867,5,6,2.91,5.99,0.02,17.4,2.496,12.06,0,0,0,0,0,0,Ministry of Road Transport & Highways,Roads & Highways,NHAI,Andhra Pradesh
618921,4L of Kathlighat to Shakral Village from Km 128.835 to Km 146.300 of NH- 5 Shimla Bypass - Pkg I,2026-07,1703.48,13.0,1182.61,69.4232,42.89,3.7632,64.2,1.06,1.6788,36.0,39.0,-3.0,1.0833,1.0,-5.2232,1.0814,100.0,-35.8,7,8,1.06,10.39,42.89,201.64,2.1714,61.4629,0,0,0,1,0,0,Ministry of Road Transport & Highways,Roads & Highways,NHAI,Himachal Pradesh
618922,4L of Shakral Village to Dhalli Section from Km 146.300 to Km 156.560 Shimla Bypass - Pkg II and Shimla connectivity from Km 0.000 to Km 0.725 of NH-5,2026-07,1956.26,23.0,1505.86,76.9765,53.21,3.663,59.88,-3.29,-5.2082,36.0,28.0,8.0,0.7778,0.0,-17.0965,1.2855,77.7778,-17.8978,5,6,-3.29,-3.29,53.21,240.34,1.776,70.038,0,0,0,0,0,0,Ministry of Road Transport & Highways,Roads & Highways,NHAI,Himachal Pradesh
618923,4L Behsuma at Km 39.250 Ex. Km 39240 To Bijnor at Km 78.810 Ex. Km 86590 Design Length 39.560 Km of NH-119 Pkg-II,2026-07,2158.2,14.0,1234.06,57.1801,38.83,3.2487,70.12,0.0,0.0,24.0,26.0,-2.0,1.0833,1.0,12.9399,0.8155,100.0,-29.88,5,6,0.0,3.31,38.83,528.41,3.224,136.96,0,0,0,1,0,0,Ministry of Road Transport & Highways,Roads & Highways,NHAI,Uttar Pradesh
618924,2L PS of Najibabad Kotdwar section from 112.575 to Km. 138.635 of NH 119,2026-07,188.87,29.0,51.17,27.0927,0.83,1.6488,55.9,0.0,0.0,18.0,28.0,-10.0,1.5556,1.0,28.8073,0.4847,100.0,-44.1,5,6,0.0,0.0,0.83,17.45,2.38,5.124,0,0,0,1,0,0,Ministry of Road Transport & Highways,Roads & Highways,NHAI,Uttar Pradesh
618925,Bijnor-Kotawali,2026-07,300.58,9.0,299.77,99.7305,3.3,1.1131,99.02,0.0,0.0,18.0,56.0,-38.0,3.1111,1.0,-0.7105,1.0072,100.0,-0.98,7,8,0.0,0.01,3.3,34.68,0.5743,7.5314,0,0,0,1,0,0,Ministry of Road Transport & Highways,Roads & Highways,NHAI,Uttar Pradesh
618926,4L of Siwan- Masrakh section of Ram Janki Marg from Km 230.385 to Km 281.391 of NH-227A,2026-07,1431.36,27.0,504.03,35.2134,1.14,0.2267,10.97,0.64,6.1955,24.0,20.0,4.0,0.8333,0.0,-24.2434,3.21,83.3333,-72.3633,5,6,0.64,0.89,1.14,313.25,0.794,81.11,0,0,0,0,0,0,Ministry of Road Transport & Highways,Roads & Highways,NHAI,Bihar
618927,4L of Moradabad-Thakurdwara-Kashipur Section from Km. 0.000 to Km. 38.77 of NH- 734 Pkg-II,2026-07,2006.82,17.0,981.64,48.9152,12.15,1.2532,54.55,1.87,3.5497,24.0,28.0,-4.0,1.1667,1.0,5.6348,0.8967,100.0,-45.45,5,6,1.87,4.91,12.15,62.39,2.71,29.744,0,0,0,1,0,0,Ministry of Road Transport & Highways,Roads & Highways,NHAI,Uttar Pradesh
618928,"Improvement & Up-gradation of NH-734 Section of Moradabad-Thakurdwara Kashipur including Moradabad & Kashipur Bypasse Package-III Kashipur Bypass Length 14.490 Km., Starts from Ch. 38770 and ends at Ch. 53260 existing Ch. 05560",2026-07,936.12,13.0,386.34,41.2703,16.49,4.4586,53.84,0.0,0.0,18.0,28.0,-10.0,1.5556,1.0,12.5697,0.7665,100.0,-46.16,7,8,0.0,3.73,16.49,37.54,3.4057,16.4143,0,0,0,1,0,0,Ministry of Road Transport & Highways,Roads & Highways,NHAI,"Multi-States (Uttar
Pradesh,
Uttarakhand)"
618929,4L of Moradabad western side spur connecting NH-734 & NH-24 from Km. 0.000 to Km. 33.200 Pkg-I,2026-07,1841.92,10.0,1132.25,61.4712,11.49,1.0252,83.06,1.58,1.9391,24.0,34.0,-10.0,1.4167,1.0,21.5888,0.7401,100.0,-16.94,5,6,1.58,3.1,11.49,136.25,2.012,39.624,0,0,0,1,0,0,Ministry of Road Transport & Highways,Roads & Highways,NHAI,Uttar Pradesh
618930,4L PS from Ch. 94.030 in Jabugam Village to Ch. 132.320 in Dhamasiya Village of NH-56 Pkg-III,2026-07,1188.46,32.0,179.47,15.1011,32.05,21.7406,25.82,2.0,8.3963,24.0,8.0,16.0,0.3333,0.0,10.7189,0.5849,33.3333,-7.5133,6,5,2.0,8.63,32.05,80.0,4.1367,30.725,0,0,0,0,0,0,Ministry of Road Transport & Highways,Roads & Highways,NHAI,Gujarat
618931,4L PS from Ch. 179.780 in Bitada/Movi Village to Ch. 208.900 in Nasarpore Village of NH-56 Pkg-V,2026-07,764.02,32.0,82.38,10.7824,2.82,3.5445,10.08,2.49,32.8063,24.0,8.0,16.0,0.3333,0.0,-0.7024,1.0697,33.3333,-23.2533,6,7,2.49,5.45,2.82,56.5,1.68,13.69,0,0,0,0,0,0,Ministry of Road Transport & Highways,Roads & Highways,NHAI,Gujarat
618932,Construction of 6 lane Indore western bypass from km 0000 to Km 34000 Pkg -l in the State of Madhya Pradesh on Hybrid Annuity Mode under NHO,2026-07,1534.7,23.0,657.89,42.8677,2.06,0.3141,27.6,4.64,20.2091,23.0,6.0,17.0,0.2609,0.0,-15.2677,1.5532,26.087,1.513,6,7,4.64,7.82,2.06,344.74,4.6,80.4333,0,0,0,0,0,0,Ministry of Road Transport & Highways,Roads & Highways,NHAI,Madhya Pradesh
618933,Construction of 6 lane Indore western bypass from km 34000 to Km 64000 Pkg-II in the state of Madhya Pradesh on Hybrid Annuity Mode under NHO,2026-07,1430.56,23.0,662.93,46.3406,0.81,0.1223,17.5,0.0,0.0,24.0,5.0,19.0,0.2083,0.0,-28.8406,2.648,20.8333,-3.3333,5,6,0.0,17.5,0.81,654.31,3.5,130.862,0,0,0,0,0,0,Ministry of Road Transport & Highways,Roads & Highways,NHAI,Madhya Pradesh
618934,Guwahati Ring Road in the State of Assam,2026-07,5729.47,17.0,328.42,5.7321,0.0,0.0,0.0,0.0,,48.0,6.0,42.0,0.125,0.0,-5.7321,,12.5,-12.5,6,7,0.0,0.0,0.0,324.93,0.0,54.5433,0,0,0,0,0,0,Ministry of Road Transport & Highways,Roads & Highways,NHAI,Assam
618935,4L Ambala - Kalaamb from Km. -0.800 to Km. 33.015 of old NH-72,2026-05,1183.7,8.0,452.48,38.2259,0.0,0.0,100.0,0.0,0.0,24.0,35.0,-11.0,1.4583,1.0,61.7741,0.3823,100.0,0.0,5,6,0.0,0.0,0.0,0.34,0.2,0.39,0,0,0,1,0,0,Ministry of Road Transport & Highways,Roads & Highways,National Highways Authority of India [NHAI],"Multi-States
(Haryana, Punjab)"
618936,Jagadhari - Tajewala from Km -0.175 to 32.337 km of NH-344,2026-07,1269.5,11.0,712.77,56.1457,3.88,0.5473,68.0,0.2,0.295,24.0,41.0,-17.0,1.7083,1.0,11.8543,0.8257,100.0,-32.0,7,8,0.2,3.3,3.88,33.25,2.1429,14.6,0,0,0,1,0,0,Ministry of Road Transport & Highways,Roads & Highways,NHAI,Haryana
618937,4L of Nagpur-Katol Section from Km. 13.00 to Km. 62.900 of NH-353J,2026-07,1166.96,8.0,1181.42,101.2391,-0.86,-0.0727,81.54,0.0,0.0,24.0,57.0,-33.0,2.375,1.0,-19.6991,1.2416,100.0,-18.46,7,8,0.0,0.0,-0.86,201.77,3.6486,49.3271,0,0,0,1,0,0,Ministry of Road Transport & Highways,Roads & Highways,NHAI,Maharashtra
618938,4L of Rajura-Korpana-Adilabad Road upto M.S. Border from km 32.910 to km 89.090 of NH-353B,2026-05,1013.33,7.0,630.06,62.1772,0.0,0.0,100.0,0.0,0.0,24.0,43.0,-19.0,1.7917,1.0,37.8228,0.6218,100.0,0.0,5,6,0.0,0.0,0.0,75.98,2.2,16.716,0,0,0,1,0,0,Ministry of Road Transport & Highways,Roads & Highways,National Highways Authority of India [NHAI],"Multi-States
(Maharashtra,
Telangana)"
618939,Construction of Standalone Flyover cum ROB from Design Ch.66.600 to Design Ch.68.800 in Gadchandur Town on NH-353B,2026-07,191.31,5.0,37.07,19.3769,3.1,9.1257,40.11,3.12,8.4347,24.0,12.0,12.0,0.5,0.0,20.7331,0.4831,50.0,-9.89,6,7,3.12,6.06,3.1,8.75,4.185,3.685,0,0,0,0,0,0,Ministry of Road Transport & Highways,Roads & Highways,NHAI,Maharashtra
618941,4L of Bamni - Rajura - Warur - Devada upto M.S. Border of NH - 930D from km 19.000 to km 51.985,2026-07,968.05,24.0,826.96,85.4253,21.25,2.6374,78.16,4.43,6.0084,24.0,28.0,-4.0,1.1667,1.0,-7.2653,1.093,100.0,-21.84,5,6,4.43,8.14,21.25,226.85,3.232,85.646,0,0,0,1,0,0,Ministry of Road Transport & Highways,Roads & Highways,NHAI,"Multi-States
(Maharashtra,
Telangana)"
618942,Balance work of 2L PS from Km 30.800 to Km 70.800 and 2L with Rigid Carriageway from Km 70.800 to km 84.120 of Khanapur- KA/GOA Border section of NH-4A,2026-07,226.76,10.0,110.31,48.6461,0.0,0.0,84.7,0.0,0.0,18.0,44.0,-26.0,2.4444,1.0,36.0539,0.5743,100.0,-15.3,7,8,0.0,2.25,0.0,0.08,1.1,1.1243,0,0,0,1,0,0,Ministry of Road Transport & Highways,Roads & Highways,NHAI,"Multi-States (Goa,
Karnataka)"
618943,Salem - Ulundurpet section from km 0.313 to km 136.670 of NH-68,2026-05,861.23,13.0,140.31,16.2918,3.02,2.1997,100.0,0.0,0.0,36.0,220.0,-184.0,6.1111,1.0,83.7082,0.1629,100.0,0.0,4,5,0.0,0.0,3.02,5.14,0.0,30.515,0,0,0,1,0,0,Ministry of Road Transport & Highways,Roads & Highways,National Highways Authority of India [NHAI],Tamil Nadu
618944,Hyderabad - Maneguda,2026-07,958.86,37.0,431.45,44.9961,23.39,5.732,24.2,2.36,10.8059,24.0,20.0,4.0,0.8333,0.0,-20.7961,1.8593,83.3333,-59.1333,5,6,2.36,3.8,23.39,218.67,2.84,57.712,0,0,0,0,0,0,Ministry of Road Transport & Highways,Roads & Highways,NHAI,Telangana
618945,4L of Kodad Design Km 0.00/Existing Km 185.00 of NH-65 to Khammam Design Km 31.800/Existing Km 29.400 of NH-365A,2026-07,1149.17,12.0,871.58,75.8443,0.0,0.0,99.98,0.0,0.0,28.0,54.0,-26.0,1.9286,1.0,24.1357,0.7586,100.0,-0.02,7,8,0.0,0.0,0.0,83.68,0.14,26.2,0,0,0,1,0,0,Ministry of Road Transport & Highways,Roads & Highways,NHAI,Telangana
618946,4L of Mehgama - Hansdiha from km. 41.900 to km. 93.000 of NH -133A Pkg-II,2026-05,1479.72,14.0,878.21,59.3497,0.01,0.0011,99.5,0.0,0.0,24.0,36.0,-12.0,1.5,1.0,40.1503,0.5965,100.0,-0.5,5,6,0.0,0.0,0.01,11.59,0.3,5.84,0,0,0,1,0,0,Ministry of Road Transport & Highways,Roads & Highways,National Highways Authority of India [NHAI],Jharkhand
618947,4L of NH-80 from km 215.00 to km 260.00 Mirza Chauki to Farkka Pkg-I,2026-07,1504.8,45.0,1038.65,69.0225,8.92,0.8662,91.83,0.0,0.0,19.0,55.0,-36.0,2.8947,1.0,22.8075,0.7516,100.0,-8.17,7,8,0.0,0.0,8.92,233.88,2.4043,56.5057,0,0,0,1,0,0,Ministry of Road Transport & Highways,Roads & Highways,NHAI,Jharkhand
618948,4L of NH-80 section of Mirza Chauki to Farakka section from existing km 190.00 to design km 200.75 junction at km 3.100 of NH 133 B and from existing km 260.00 to existing km 283.00 design km 274.133 in the state of Jharkhand package - II,2026-07,782.18,12.0,224.06,28.6456,21.37,10.5432,8.65,3.01,53.3688,23.0,5.0,18.0,0.2174,0.0,-19.9956,3.3116,21.7391,-13.0891,6,7,3.01,4.21,21.37,179.75,1.4417,37.3433,0,0,0,0,0,0,Ministry of Road Transport & Highways,Roads & Highways,NHAI,"Multi-States
(Jharkhand, West
Bengal)"
618949,4L of Basukinath- Deoghar Section of NH-114A,2026-07,1444.94,15.0,781.51,54.086,58.03,8.021,90.53,0.51,0.5665,24.0,31.0,-7.0,1.2917,1.0,36.444,0.5974,100.0,-9.47,7,8,0.51,4.09,58.03,128.84,2.0757,26.8457,0,0,0,1,0,0,Ministry of Road Transport & Highways,Roads & Highways,NHAI,Jharkhand
618950,Construction of Bypass to NH-114A Connecting NH-333 and NH-133 Deoghar Bypass from design km 0.000 to design Km 49.000,2026-07,1565.47,14.0,106.04,6.7737,50.8,91.9623,12.0,3.0,33.3333,24.0,6.0,18.0,0.25,0.0,5.2263,0.5645,25.0,-13.0,6,7,3.0,5.45,50.8,56.96,2.0,17.6733,0,0,0,0,0,0,Ministry of Road Transport & Highways,Roads & Highways,NHAI,Jharkhand
618951,Hariharganj to Parwa Mode section from km 23.284 to km 57.049 of NH-98,2026-07,1125.78,18.0,830.06,73.732,0.0,0.0,91.3,0.0,0.0,23.0,52.0,-29.0,2.2609,1.0,17.568,0.8076,100.0,-8.7,7,8,0.0,0.0,0.0,220.12,1.7571,50.8386,0,0,0,1,0,0,Ministry of Road Transport & Highways,Roads & Highways,NHAI,"Multi-States
(Bihar, Jharkhand)"
618952,4L of Sahibganj - Manihari Ganga Bridge including Manihari Bypass,2026-07,1954.77,49.0,2025.05,103.5953,16.8,0.8365,87.02,0.48,0.5547,47.0,68.0,-21.0,1.4468,1.0,-16.5753,1.1905,100.0,-12.98,7,8,0.48,1.06,16.8,162.18,0.86,49.4129,0,0,0,1,0,0,Ministry of Road Transport & Highways,Roads & Highways,NHAI,"Multi-States
(Bihar, Jharkhand)"
618953,Umagaon-Saharsa Package-IV Koshi Bridge & approach Road - Bheja-Bakaur,2026-07,1199.58,12.0,1312.28,109.395,4.28,0.3272,92.4,0.41,0.4457,42.0,77.0,-35.0,1.8333,1.0,-16.995,1.1839,100.0,-7.6,7,8,0.41,1.26,4.28,165.04,1.6286,67.77,0,0,0,1,0,0,Ministry of Road Transport & Highways,Roads & Highways,NHAI,Bihar
618954,Umagaon - Saharsa Package - I Combined Umagaon-Kaluahi0.000KM to 21.609Km of NH227LSaharghat-Rahika0.000 Km to 26.130KM of NH227JRahika-Rampatti 0.00 KM to 15.00KM of NH527ABideshwarsthan-Bheja0.000KM to 25.915KM of NH527A.,2026-07,1473.2,29.0,644.37,43.7395,2.49,0.3879,23.78,2.28,10.6047,30.0,18.0,12.0,0.6,0.0,-19.9595,1.8393,60.0,-36.22,5,6,2.28,6.33,2.49,57.22,2.756,18.814,0,0,0,0,0,0,Ministry of Road Transport & Highways,Roads & Highways,NHAI,Bihar
618955,2L PS of Majhauli to Charout section from km. 0.00 to km. 63.655,2026-07,638.29,22.0,1096.16,171.7339,0.07,0.0064,99.8,0.0,0.0,24.0,80.0,-56.0,3.3333,1.0,-71.9339,1.7208,100.0,-0.2,7,8,0.0,0.0,0.07,473.3,0.6857,138.7143,0,0,0,1,0,0,Ministry of Road Transport & Highways,Roads & Highways,NHAI,Bihar
618956,Construction of Major Bridge over Baghmati and Lakhandei River along with Approaches from Design km.16.500 to km.21.500,2026-07,498.97,8.0,57.23,11.4696,13.28,30.2162,26.84,1.81,7.2313,30.0,21.0,9.0,0.7,0.0,15.3704,0.4273,70.0,-43.16,5,6,1.81,4.44,13.28,13.28,2.768,10.808,0,0,0,0,0,0,Ministry of Road Transport & Highways,Roads & Highways,NHAI,Bihar
618957,4 laning of Champa - Korba from km 0.00 to km 38.2,2026-07,1002.33,11.0,944.68,94.2484,0.05,0.0053,98.75,0.0,0.0,24.0,54.0,-30.0,2.25,1.0,4.5016,0.9544,100.0,-1.25,5,6,0.0,0.0,0.05,163.47,0.15,74.754,0,0,0,1,0,0,Ministry of Road Transport & Highways,Roads & Highways,NHAI,Chhattisgarh
618958,2L with ES of Yagyi - Kalewa section from Milepost 40/0 to Milepost 115/5 in Myanmar,2026-07,1200.14,5.0,0.0,0.0,0.0,,52.0,0.0,0.0,61.0,98.0,-37.0,1.6066,1.0,52.0,0.0,100.0,-48.0,5,6,0.0,0.0,0.0,0.0,0.0,0.0,0,0,0,1,0,0,Ministry of Road Transport & Highways,Roads & Highways,NHAI,Assam
618959,4L Prayagraj Greenfield By-pass from design Km 50860 near Nibi Kala Uperhar to design Km 64763 on NH-19 near Khodaypur Kasgaon including Interchange loop at NH-19,2026-05,1017.99,4.0,406.6,39.9415,0.0,0.0,100.0,0.0,0.0,15.0,29.0,-14.0,1.9333,1.0,60.0585,0.3994,100.0,0.0,5,6,0.0,0.0,0.0,0.0,0.2,0.1,0,0,0,1,0,0,Ministry of Road Transport & Highways,Roads & Highways,National Highways Authority of India [NHAI],Uttar Pradesh
618960,4 Lane Inner Ring Road around Allahabad City Pkg-2 Prayagraj Southern Bypass 43.200 - 50.860,2026-07,1377.51,4.0,448.99,32.5943,1.73,0.3868,44.64,0.0,0.0,30.0,31.0,-1.0,1.0333,1.0,12.0457,0.7302,100.0,-55.36,7,8,0.0,1.88,1.73,23.08,0.8057,22.4157,0,0,0,1,0,0,Ministry of Road Transport & Highways,Roads & Highways,NHAI,Uttar Pradesh
618961,4 Lane Inner Ring Road around Allahabad City Pkg-1 Prayagraj Southern Bypass 34.400 43.200,2026-07,775.94,10.0,70.02,9.0239,27.05,62.9509,24.55,6.05,32.7027,24.0,7.0,17.0,0.2917,0.0,15.5261,0.3676,29.1667,-4.6167,6,7,6.05,15.37,27.05,48.8,4.0917,11.6683,0,0,0,0,0,0,Ministry of Road Transport & Highways,Roads & Highways,NHAI,Uttar Pradesh
618962,4L of Budhni to Shahganj Bypass End Package-III of NH-146B from Km. 73.750 to Km. 102.000,2026-07,1102.97,17.0,196.68,17.8319,22.13,12.6783,28.28,1.03,3.7798,24.0,11.0,13.0,0.4583,0.0,10.4481,0.6305,45.8333,-17.5533,6,7,1.03,5.88,22.13,102.98,3.2133,30.8467,0,0,0,0,0,0,Ministry of Road Transport & Highways,Roads & Highways,NHAI,Madhya Pradesh
618963,Construction work of 4-laning of Shahganj bypass end to Badi Package-IV of NH-146B from design km 102.000 to design km 142.357 Design length 40.357 km,2026-07,784.14,13.0,318.16,40.5744,0.01,0.0031,52.15,2.02,4.0295,24.0,16.0,8.0,0.6667,0.0,11.5756,0.778,66.6667,-14.5167,5,6,2.02,7.78,0.01,0.03,4.23,6.828,0,0,0,0,0,0,Ministry of Road Transport & Highways,Roads & Highways,NHAI,Madhya Pradesh
618964,4 Laning of Sandalpur to Nasrullaganj Pkg-1 section of NH-146B Length 43.2 Km.,2026-07,1425.98,10.0,197.81,13.8719,0.33,0.1671,11.57,0.67,6.1468,24.0,6.0,18.0,0.25,0.0,-2.3019,1.199,25.0,-13.43,6,7,0.67,1.27,0.33,128.37,1.9283,31.8683,0,0,0,0,0,0,Ministry of Road Transport & Highways,Roads & Highways,NHAI,Madhya Pradesh
618966,Six laning with both sides Service Road of Ayodhya Bypass from Design Km 0000 near Ashram Tiraha on NH-46 to Km 16439 end at Ratnagiri Tiraha on Nh-146,2026-07,1123.17,18.0,173.6,15.4563,31.89,22.5037,21.61,1.52,7.566,24.0,11.0,13.0,0.4583,0.0,6.1537,0.7152,45.8333,-24.2233,6,7,1.52,5.35,31.89,54.47,2.7683,26.84,0,0,0,0,0,0,Ministry of Road Transport & Highways,Roads & Highways,NHAI,Madhya Pradesh
618967,Upgradation and Strengthening of Chenani to Nashri Section via Patnitop of NH244 from Km 0.000 to Km 39.100,2026-07,295.06,5.0,176.25,59.7336,0.14,0.0795,64.88,0.7,1.0907,24.0,23.0,1.0,0.9583,0.0,5.1464,0.9207,95.8333,-30.9533,6,7,0.7,0.88,0.14,0.28,3.98,12.455,0,0,0,0,0,0,Ministry of Road Transport & Highways,Roads & Highways,NHAI,"Jammu and
Kashmir"
618968,6L access control Greenfield highway of Vill-Khyawari to Vill-Latifpur at Saharanpur Bypass from Km. 82.000 to Km. 119.790 Pkg-4,2026-07,1428.19,18.0,1394.63,97.6502,0.19,0.0136,99.24,0.0,0.0,24.0,46.0,-22.0,1.9167,1.0,1.5898,0.984,100.0,-0.76,7,8,0.0,1.74,0.19,173.47,4.32,32.5814,0,0,0,1,0,0,Ministry of Road Transport & Highways,Roads & Highways,NHAI,Uttar Pradesh
618969,4/6L of Spur to Haridwar Greenfield from Km. 0.000 to Km. 50.70,2026-07,2155.95,15.0,1543.12,71.5749,2.95,0.1915,92.98,1.03,1.1202,24.0,41.0,-17.0,1.7083,1.0,21.4051,0.7698,100.0,-7.02,7,8,1.03,1.38,2.95,60.58,0.4257,24.0057,0,0,0,1,0,0,Ministry of Road Transport & Highways,Roads & Highways,NHAI,"Multi-States (Uttar
Pradesh,
Uttarakhand)"
618970,6L access control Greenfield highway of Vill-Lohadda to Vill-Karaunda Mahajan from Km. 27.000 to Km. 56.500 Pkg-2,2026-07,1335.45,18.0,1253.61,93.8717,0.0,0.0,98.06,0.0,0.0,24.0,46.0,-22.0,1.9167,1.0,4.1883,0.9573,100.0,-1.94,7,8,0.0,5.17,0.0,232.29,5.1514,39.3757,0,0,0,1,0,0,Ministry of Road Transport & Highways,Roads & Highways,NHAI,Uttar Pradesh
618971,Pune Metro Rail Project Phase-2 Corridor 2A Vanaz to Chandani Chowk and Corridor 2B Ramwadi to Wagholi/Vitthalwadi,2026-07,3626.24,0.0,16.17,0.4459,11.69,260.9375,2.4,0.52,27.6596,48.0,12.0,36.0,0.25,0.0,1.9541,0.1858,25.0,-22.6,7,8,0.52,0.95,11.69,12.84,0.3429,2.2514,0,0,0,0,0,0,Ministry of Housing & Urban Affairs,Urban Public Transport,Maharashtra Metro Rail Corporation Limited [MMRCL],Maharashtra
618972,Devbhumi Dwarka [Okha] - Kanalus Doubling,2026-06,1456.77,0.0,0.28,0.0192,0.0,0.0,0.0,0.0,,36.0,6.0,30.0,0.1667,0.0,-0.0192,,16.6667,-16.6667,6,7,0.0,0.0,0.0,0.28,0.0,0.0467,0,0,0,0,0,0,Ministry of Railways,Railways,Western Railway [WR] - II,Gujarat
618976,"Gadarwara Super Thermal Power Project, Stage-II [2x800 MW]",2026-07,20446.0,6.0,2329.76,11.3947,188.29,8.7926,11.5,1.5,15.0,58.0,14.0,44.0,0.2414,0.0,0.1053,0.9908,24.1379,-12.6379,7,8,1.5,3.3,188.29,384.66,1.0714,169.1329,0,0,0,0,0,0,Ministry of Power,Electricity Generation,National Thermal Power Corporation [NTPC],Madhya Pradesh
618977,"Development of New Greenfield Airport at Bundi, Kota Rajasthan.",2026-07,1507.0,2.0,81.41,5.4021,10.28,14.4524,13.6,0.3,2.2556,24.0,9.0,15.0,0.375,0.0,8.1979,0.3972,37.5,-23.9,7,8,0.3,0.5,10.28,34.75,1.8,10.1943,0,0,0,0,0,0,Ministry of Civil Aviation,Aviation & Aviation Infrastructure,Airport Authority of India [AAI],Rajasthan
618978,Gondia - Dongargarh 4th line [84 Km],2026-06,2222.53,0.0,0.35,0.0157,0.35,,1.0,1.0,,60.0,8.0,52.0,0.1333,0.0,0.9843,0.0157,13.3333,-12.3333,6,7,1.0,1.0,0.35,0.35,0.1667,0.0583,0,0,0,0,0,0,Ministry of Railways,Railways,South Eastern Central Railway,"Multi-States
(Chhattisgarh,
Maharashtra)"
618981,810 MW Solar Power Project - Rajasthan,2026-07,4147.07,11.0,249.95,6.0271,0.0,0.0,0.0,0.0,,30.0,10.0,20.0,0.3333,0.0,-6.0271,,33.3333,-33.3333,3,4,0.0,0.0,0.0,25.18,0.0,8.3933,0,0,0,0,0,0,Ministry of Coal,Electricity Generation,NLC India Limited [NLCIL],Rajasthan
618982,Talabira II & III OCP - FMC,2026-07,522.45,7.0,334.44,64.0138,9.7,2.987,74.8,1.15,1.5614,37.0,38.0,-1.0,1.027,1.0,10.7862,0.8558,100.0,-25.2,7,8,1.15,1.15,9.7,9.7,0.9714,3.3086,0,0,0,1,0,0,Ministry of Coal,Coal,NLC India Limited [NLCIL],Odisha
618985,Pune Metro Rail Project Phase-2 Line-4 Kharadi to Khadakwasla with Spur Line 4A Nal Stop - Warje - Manikbaug,2026-07,9857.85,0.0,8.62,0.0874,1.21,16.3293,1.51,0.21,16.1538,60.0,7.0,53.0,0.1167,0.0,1.4226,0.0579,11.6667,-10.1567,7,8,0.21,0.99,1.21,3.13,0.2157,1.2314,0,0,0,0,0,0,Ministry of Housing & Urban Affairs,Urban Public Transport,Maharashtra Metro Rail Corporation Limited [MMRCL],Maharashtra
618986,Furkating-New Tinsukia[194 Km],2026-06,3633.58,0.0,0.0,0.0,0.0,,0.0,0.0,,45.0,9.0,36.0,0.2,0.0,0.0,,20.0,-20.0,6,7,0.0,0.0,0.0,0.0,0.0,0.0,0,0,0,0,0,0,Ministry of Railways,Railways,Northeast Frontier Railway [NFR],Assam
618991,200 MW SPP part of 510 MW CPSU scheme,2026-07,1221.41,20.0,71.51,5.8547,5.44,8.2337,0.0,0.0,,33.0,28.0,5.0,0.8485,0.0,-5.8547,,84.8485,-84.8485,7,8,0.0,0.0,5.44,7.48,0.0,1.3857,0,0,0,0,0,0,Ministry of Coal,Electricity Generation,NLC India Limited [NLCIL],Gujarat
618992,100 MW SPP part of SECI 150 MW Hybrid,2026-07,480.68,21.0,2.75,0.5721,0.09,3.3835,1.2,0.0,0.0,32.0,27.0,5.0,0.8438,0.0,0.6279,0.4768,84.375,-83.175,7,8,0.0,0.0,0.09,0.13,0.0286,0.0329,0,0,0,0,0,0,Ministry of Coal,Electricity Generation,NLC India Limited [NLCIL],Gujarat
618995,New Line between Junagarh - Nabarangpur [116.21 Km],2026-06,2864.51,12.0,1.06,0.037,0.0,0.0,0.0,0.0,,60.0,10.0,50.0,0.1667,0.0,-0.037,,16.6667,-16.6667,6,7,0.0,0.0,0.0,1.06,0.0,0.1767,0,0,0,0,0,0,Ministry of Railways,Railways,Indian Railway,Odisha
619003,Solan - Kaithlighat Section of NH-22 Now NH-5 from Km. 106.139 to Km.129.05,2026-07,881.74,8.0,1347.79,152.8557,2.67,0.1985,90.11,0.0,0.0,30.0,92.0,-62.0,3.0667,1.0,-62.7457,1.6963,100.0,-9.89,6,7,0.0,0.0,2.67,667.88,0.0183,130.3833,0,0,0,1,0,0,Ministry of Road Transport & Highways,Roads & Highways,NHAI,Himachal Pradesh
619004,"Construction of Dubrajpur Bypass with 4-lane configuration of length 5.676 km on NH- 60 new NH-14 from design chainage 0.00 existing km 316.135 on NH-60 to design chainage 5.676 existing km 320.980 on NH-60 in the district of Birbhum, West Bengal under Annual Plan 2022-23 in EPC Mode- reg. Job. No. 014-WB-2022- 23/518 .",2026-07,560.79,33.0,0.31,0.0553,0.28,933.3333,8.0,2.5,45.4545,24.0,7.0,17.0,0.2917,0.0,7.9447,0.0069,29.1667,-21.1667,6,7,2.5,4.0,0.28,0.31,1.3333,0.0517,0,0,0,0,0,0,Ministry of Road Transport & Highways,Roads & Highways,MoRTH,West Bengal
619005,Construction of bypass around Chatra Town on NH-22 old NH-99 in the state of Jharkhand under EPC Mode,2026-07,235.42,34.0,0.86,0.3653,0.0,0.0,13.0,1.0,8.3333,24.0,6.0,18.0,0.25,0.0,12.6347,0.0281,25.0,-12.0,6,7,1.0,1.0,0.0,0.86,2.1667,0.1433,0,0,0,0,0,0,Ministry of Road Transport & Highways,Roads & Highways,MoRTH,Jharkhand
619007,Upgradation of Sarvardewla to Pal MP/MH Border Road section of NH-347 C from Design Chainge km 81.600 to 137.400 Total length 55.80 km to two lane with paved shoulder configuration along with One time improvement of 1 .95 km in the State of Madhya Pradesh on EPC mode.,2026-07,461.23,34.0,2.77,0.6006,2.77,,0.0,0.0,,24.0,6.0,18.0,0.25,0.0,-0.6006,,25.0,-25.0,5,6,0.0,0.0,2.77,2.77,0.0,0.554,0,0,0,0,0,0,Ministry of Road Transport & Highways,Roads & Highways,MoRTH,Madhya Pradesh
619008,Rehabilitation and Up gradation of Charthana Jintur Section of NH 752 I Km 25100 to 47100 to 2 Lane with Paved Shoulder configuration Flexible Pavement in the state of Maharashtra on EPC mode. Reg- Resubmission of Annual Plan Estimate.,2026-07,157.69,10.0,0.01,0.0063,0.0,0.0,51.0,0.0,0.0,18.0,6.0,12.0,0.3333,0.0,50.9937,0.0001,33.3333,17.6667,5,6,0.0,0.0,0.0,0.01,10.2,0.002,0,0,0,0,0,0,Ministry of Road Transport & Highways,Roads & Highways,MoRTH,Maharashtra
619009,Upgradation to Two Lane with Paved Shoulders from Km 0.000 to Km 41.920 Green Field Alignment of Gowrelly to Valigonda Section of NH-930P in the State of Telangana on EPC Mode under Annual Plan 2022-23,2026-07,690.33,42.0,0.0,0.0,0.0,,0.0,0.0,,23.0,2.0,21.0,0.087,0.0,0.0,,8.6957,-8.6957,3,4,0.0,0.0,0.0,0.0,0.0,0.0,0,0,0,0,0,0,Ministry of Road Transport & Highways,Roads & Highways,MoRTH,Telangana
619010,Up-gradation to 2 lane with paved shoutders of Pawlrang - Rulchawm section- of NH- 102B of Aizawl - Imphal Economic Corridor from Existing Chainage km 72.030 to km 104.129 including 2.459 km re-alignment section from Tuivai River to Rulchawm connecting km 48.150 of NH-6 [Design Chainage km 68.170 to km 98.579] in the State of Mizoram under Bharatmala Pariyojna on EPC mode under NHO-NE Package-3 Keifang- Tuivai Pkg-3,2026-07,500.88,23.0,443.61,88.5661,1.53,0.3461,99.52,0.0,0.0,18.0,32.0,-14.0,1.7778,1.0,10.9539,0.8899,100.0,-0.48,6,7,0.0,24.17,1.53,138.16,4.0867,23.0267,0,0,0,1,0,0,Ministry of Road Transport & Highways,Roads & Highways,NHIDCL,Mizoram
619013,"Construction of Balance Work of 4-Laning of the Section from Jhanji to Demow of NH- 37 Old from Km 501.800 to Km 514.800 13.000 Km, under SARDP- NE under EPC Mode in the state of Assam Pkg-II Road Works",2026-07,508.76,120.0,111.18,21.8531,0.17,0.1531,73.88,0.0,0.0,15.0,21.0,-6.0,1.4,1.0,52.0269,0.2958,100.0,-26.12,6,7,0.0,26.54,0.17,53.06,4.48,8.8433,0,0,0,1,0,0,Ministry of Road Transport & Highways,Roads & Highways,NHIDCL,Assam
619014,"lmprovement and Widening to 2 lane with paved Shoulder of NH-15 old NH-52 from Existing Km 770.600 Design Km 24.819 to Existing km 805.750 Design Km 59.885 Kamlang T-Junction to Chowkham, Existing Length 35.150 Km, Design Length-35.066 Km in the state of Arunachal Pradesh on EPC mode Pkg-2",2026-07,316.73,26.0,34.98,11.0441,34.98,,15.06,3.32,28.2794,24.0,5.0,19.0,0.2083,0.0,4.0159,0.7333,20.8333,-5.7733,3,4,3.32,13.35,34.98,34.98,5.02,11.66,0,0,0,0,0,0,Ministry of Road Transport & Highways,Roads & Highways,NHIDCL,Arunachal Pradesh
619022,"Metro connectivity from Millennium City Centre to Cyber City with Spur to Dwarka Expressway, Gurugram.",2026-07,5452.72,13.0,193.32,3.5454,33.65,21.0747,10.05,5.75,133.7209,35.0,23.0,12.0,0.6571,0.0,6.5046,0.3528,65.7143,-55.6643,6,7,5.75,5.75,33.65,33.65,1.675,16.8667,0,0,0,0,0,0,Ministry of Housing & Urban Affairs,Urban Public Transport,Gurugram Metro Rail Limited [GMRL],Haryana
619024,Mahan Transmission Limited,2026-07,3125.32,0.0,542.79,17.3675,225.0,70.8015,30.0,12.0,66.6667,25.0,16.0,9.0,0.64,0.0,12.6325,0.5789,64.0,-34.0,6,7,12.0,12.0,225.0,225.0,3.0,82.0,0,0,0,0,0,0,Ministry of Power,Transmission & Distribution,Adani Transmission Limited,Madhya Pradesh
619025,RAJASTHAN PART I POWER TRANSMISSION LIMITED,2026-07,25000.0,0.0,735.05,2.9402,309.0,72.5267,10.0,6.0,150.0,54.0,18.0,36.0,0.3333,0.0,7.0598,0.294,33.3333,-23.3333,6,7,6.0,6.0,309.0,309.0,1.6667,107.5,0,0,0,0,0,0,Ministry of Power,Transmission & Distribution,Adani Transmission Limited,"Multi-States
(Madhya Pradesh,
Rajasthan, Uttar
Pradesh)"
619026,KPSIII HVDC Transmission Limited,2026-07,19000.0,0.0,20.0,0.1053,0.0,0.0,1.0,0.0,0.0,48.0,7.0,41.0,0.1458,0.0,0.8947,0.1053,14.5833,-13.5833,6,7,0.0,0.0,0.0,0.0,0.1667,3.3333,0,0,0,0,0,0,Ministry of Power,Transmission & Distribution,Adani Transmission Limited,Gujarat
619027,WRNES Talegaon Power Transmission Limited,2026-07,2000.0,0.0,25.0,1.25,7.0,38.8889,5.0,0.0,0.0,32.0,14.0,18.0,0.4375,0.0,3.75,0.25,43.75,-38.75,6,7,0.0,0.0,7.0,-11.0,0.0,4.1667,0,0,0,0,0,0,Ministry of Power,Transmission & Distribution,Adani Transmission Limited,Maharashtra
619028,Augmentation of 1x500 MVA 400/220kV ICT [3rd] at Thrissur VSC HVDC Station in Kerala,2026-07,173.14,0.0,2.08,1.2013,0.0,0.0,1.5,0.0,0.0,24.0,11.0,13.0,0.4583,0.0,0.2987,0.8009,45.8333,-44.3333,6,7,0.0,0.0,0.0,0.0,0.25,0.1967,0,0,0,0,0,0,Ministry of Power,Transmission & Distribution,Power Grid Corporation of India Limited [POWERGRID],Kerala
619029,Transmission System for Reliable Power Supply to Dholera,2026-07,319.42,0.0,70.27,21.9992,6.39,10.0031,35.2,4.2,13.5484,18.0,22.0,-4.0,1.2222,1.0,13.2008,0.625,100.0,-64.8,6,7,4.2,14.2,6.39,19.17,4.8667,9.5783,0,0,0,1,0,0,Ministry of Power,Transmission & Distribution,Power Grid Corporation of India Limited [POWERGRID],Gujarat
619030,Inter-Regional Strengthening between SR Grid and ER Grid,2026-07,2722.5,0.0,190.57,6.9998,47.37,33.0796,3.0,1.23,69.4915,30.0,5.0,25.0,0.1667,0.0,-3.9998,2.3333,16.6667,-13.6667,6,7,1.23,2.0,47.37,177.17,0.5,31.7617,0,0,0,0,0,0,Ministry of Power,Transmission & Distribution,Power Grid Corporation of India Limited [POWERGRID],"Multi-States
(Andhra Pradesh,
Odisha)"
619031,Delhi Metro Rail Phase V A,2026-07,12014.91,0.0,264.98,2.2054,11.02,4.3393,5.65,0.02,0.3552,35.0,6.0,29.0,0.1714,0.0,3.4446,0.3903,17.1429,-11.4929,6,7,0.02,0.1,11.02,8.87,0.9417,43.8183,0,0,0,0,0,0,Ministry of Housing & Urban Affairs,Urban Public Transport,Delhi Metro Rail Corporation Limited [DMRC],Delhi
619032,JAYANT EXPN. [20 TO 38 MTPA],2026-07,25560.48,0.0,333.3,1.304,76.6,29.8403,2.1,0.08,3.9604,85.0,17.0,68.0,0.2,0.0,0.796,0.6209,20.0,-17.9,6,7,0.08,0.5,76.6,146.62,0.35,50.9667,0,0,0,0,0,0,Ministry of Coal,Coal,NCL - CIL,Madhya Pradesh
619033,"1000 seater Boys hostel, 500 seater Girls hostel, 1.5 MLD Sewage Treatment Plant and Faculty Residence - 72 nos. Flats",2026-07,198.97,4.0,53.01,26.6422,1.28,2.4744,50.0,3.0,6.383,29.0,30.0,-1.0,1.0345,1.0,23.3578,0.5328,100.0,-50.0,6,7,3.0,7.0,1.28,10.46,2.8333,3.5883,0,0,0,1,0,0,Department of Higher Education,Education,NIT Rourkela,Odisha
619038,Construction/upgradation to 2-lane with paved shoulder from Design Km 95.55 Bandarkoot to Km. 111.06 Chattroo of 15.52 Km length on Khellani-Kishtwar-Chattroo section on NH-244 in UT of Jammu and Kashmir on EPC Mode Pkg-5,2026-07,497.09,5.0,270.82,54.4811,0.02,0.0074,99.97,0.0,0.0,18.0,59.0,-41.0,3.2778,1.0,45.4889,0.545,100.0,-0.03,6,7,0.0,0.0,0.02,25.57,0.8283,30.4283,0,0,0,1,0,0,Ministry of Road Transport & Highways,Roads & Highways,NHIDCL,"Jammu and
Kashmir"
619039,"Balance Works of Rehabilitation and Up gradation of NH-43 New NH-30 from Krn 162120 to Krn 173500 Length 11.380 Km. Keshkal Bypass 4-Lane with Paved shoulder in the State Of Chhattisgarh under NHDP-IV through Engineering, Procurement & Construction EPC Basis",2026-07,307.96,12.0,0.0,0.0,0.0,,0.0,0.0,,24.0,1.0,23.0,0.0417,0.0,0.0,,4.1667,-4.1667,1,2,0.0,,0.0,,0.0,0.0,0,0,0,0,0,0,Ministry of Road Transport & Highways,Roads & Highways,MoRTH,Chhattisgarh
619042,"Construction of six lane Flyover at Katraj junction at Km, 3/880 of NH 548-DD Vadgaon - Katraj - Kondhwa - Mantarwadi Chowk - Loni Kalbhor - Theur Phata - Lonikand Road in Pune Dist of the State of Maharashtra. On Engineering Procurement and construction EPC Basis mode L.1.326 Km,",2026-07,163.51,13.0,80.23,49.0673,80.23,,83.19,0.0,0.0,47.0,52.0,-5.0,1.1064,1.0,34.1227,0.5898,100.0,-16.81,6,7,0.0,0.0,80.23,80.23,13.865,13.3717,0,0,0,1,0,0,Ministry of Road Transport & Highways,Roads & Highways,MoRTH,Maharashtra
619043,Capacity Augmentation in the stretch of DhulePimpalgaon section of NH60 Km. 261.720 to Km. 380.000 by Construction of Slip/Service Road on either side at various locations total length 30.30 Km LHSRHS and Flyover 2 x 30m at Sawadgaon Phata Km. 310.415,2026-07,341.63,4.0,10.9,3.1906,,,5.1,,,6.0,3.0,3.0,0.5,0.0,1.9094,0.6256,50.0,-44.9,0,1,,,,,,,0,1,0,0,0,0,Ministry of Road Transport & Highways,Roads & Highways,NHAI,Maharashtra
619045,Construction of New Double Tier 4L Elevated Corridor from Chennai Port to Maduravoyal in Chennai District from km -0.342 to Km 20.593 and Package IV from Km 14.185 to Km 20.593,2026-07,1205.4,8.0,88.16,7.3138,2.16,2.5116,8.58,0.0,0.0,30.0,32.0,-2.0,1.0667,1.0,1.2662,0.8524,100.0,-91.42,5,6,0.0,0.0,2.16,26.15,0.516,9.82,0,0,0,1,0,0,Ministry of Road Transport & Highways,Roads & Highways,NHAI,Tamil Nadu
619049,Khavda IVA Power Transmission Limited,2026-07,4500.0,0.0,2772.7,61.6156,440.0,18.8623,70.0,10.0,16.6667,24.0,23.0,1.0,0.9583,0.0,8.3844,0.8802,95.8333,-25.8333,6,7,10.0,10.0,440.0,509.0,2.5,149.395,0,0,0,0,0,0,Ministry of Power,Transmission & Distribution,Adani Transmission Limited,Gujarat
619051,"Nabinagar Super Thermal Power Project, Stage-II [3x800 MW]",2026-07,29948.0,4.0,3422.25,11.4273,322.31,10.3973,15.0,1.35,9.8901,64.0,16.0,48.0,0.25,0.0,3.5727,0.7618,25.0,-10.0,6,7,1.35,3.55,322.31,556.96,1.5,248.6683,0,0,0,0,0,0,Ministry of Power,Electricity Generation,National Thermal Power Corporation [NTPC],Bihar
619052,LUCKNOW METRO RAIL PROJECT PHASE-1B EAST WEST CORRIDOR,2026-07,5801.05,8.0,0.05,0.0009,0.05,,2.0,0.5,33.3333,59.0,2.0,57.0,0.0339,0.0,1.9991,0.0004,3.3898,-1.3898,6,7,0.5,0.9,0.05,0.05,0.3333,0.0083,0,0,0,0,0,0,Ministry of Housing & Urban Affairs,Urban Public Transport,Uttar Pradesh metro rail corporation [UPMRC],Uttar Pradesh
619053,RPR FOR RAMPUR BATURA OCP,2026-07,1604.69,0.0,75.28,4.6912,0.05,0.0665,0.3,0.0,0.0,58.0,14.0,44.0,0.2414,0.0,-4.3912,15.6375,24.1379,-23.8379,6,7,0.0,0.0,0.05,0.57,0.05,12.5467,0,0,0,0,0,0,Ministry of Coal,Coal,SECL - CIL,Madhya Pradesh
619054,Development of Keshod Airport.,2026-07,363.1,18.0,108.64,29.9201,6.34,6.1975,46.69,5.19,12.506,18.0,12.0,6.0,0.6667,0.0,16.7699,0.6408,66.6667,-19.9767,6,7,5.19,8.51,6.34,20.76,5.615,14.695,0,0,0,0,0,0,Ministry of Civil Aviation,Aviation & Aviation Infrastructure,Airport Authority of India [AAI],Gujarat
619055,SAONER-III EXPN UG MINE 1.54,2026-07,444.42,0.0,0.0,0.0,0.0,,0.0,0.0,,79.0,11.0,68.0,0.1392,0.0,0.0,,13.9241,-13.9241,6,7,0.0,0.0,0.0,0.0,0.0,0.0,0,0,0,0,0,0,Ministry of Coal,Coal,WCL - CIL,Maharashtra
619056,"Darlipali Super Thermal Power Project, Stage-II [1x800 MW]",2026-07,11131.0,0.0,566.2,5.0867,6.02,1.0747,2.7,0.25,10.2041,62.0,8.0,54.0,0.129,0.0,-2.3867,1.884,12.9032,-10.2032,3,4,0.25,0.35,6.02,93.4,0.25,35.1167,0,0,0,0,0,0,Ministry of Power,Electricity Generation,National Thermal Power Corporation [NTPC],Odisha
619057,Construction of 4-Lane Badarpur Bypass from Design Chainage km 27300 at crossing with NH-6 Old NH-44 Near Siddeswar Pt.-I Village to Design Chainage km 38600 on NH-37 Old NH-44 at Kandigram Chaita Village on Silchar - Churaibari stretch in the State of Assam on EPC Mode under Bharatmala Pariyojana in Economic Corridors Silchar- Churaibari Pkg-3,2026-07,574.26,12.0,330.98,57.6359,12.16,3.8141,71.09,0.0,0.0,30.0,29.0,1.0,0.9667,0.0,13.4541,0.8107,96.6667,-25.5767,6,7,0.0,0.0,12.16,14.46,1.3483,8.86,0,0,0,0,0,0,Ministry of Road Transport & Highways,Roads & Highways,NHIDCL,Assam
619059,Construction of 2-Lane with hard shoulders of Merangkong-Tamlu-Mon Road on EPC Basis from existing road Km. 76.640 to Km 98.065 Design chainage Km. 63.800 to Km. 86.835 Design Length-23.035 Km in the state of Nagaland under SARDP-NE PKG-IV Balance work,2026-07,323.98,66.0,147.37,45.4874,3.98,2.7756,79.03,0.0,0.0,24.0,34.0,-10.0,1.4167,1.0,33.5426,0.5756,100.0,-20.97,6,7,0.0,3.98,3.98,76.89,2.3383,13.6283,0,0,0,1,0,0,Ministry of Road Transport & Highways,Roads & Highways,NHIDCL,Nagaland
619060,"Construction of Balance Work of 4-Laning of the Section from Jhanji to Demow of NH- 37 Old from Km 514.800 to Km 534.800 20.000 Km, under SARDP- NE under EPC Mode in the state of Assam Pkg-III Road Works",2026-07,344.71,120.0,56.58,16.4138,2.1,3.8546,72.0,0.0,0.0,11.0,21.0,-10.0,1.9091,1.0,55.5862,0.228,100.0,-28.0,6,7,0.0,9.1,2.1,10.21,1.6667,1.7017,0,0,0,1,0,0,Ministry of Road Transport & Highways,Roads & Highways,NHIDCL,Assam
619061,Construction of 4 lane with PS Idar-Badoli bypass section from design km 81/300 to km 95/500 of NH 168G in the State of Gujarat,2026-07,705.09,14.0,0.0,0.0,0.0,,7.0,3.0,75.0,24.0,2.0,22.0,0.0833,0.0,7.0,0.0,8.3333,-1.3333,2,3,3.0,5.0,0.0,0.0,2.5,0.0,0,0,0,0,0,0,Ministry of Road Transport & Highways,Roads & Highways,MoRTH,Gujarat
619063,4L Greenfield spur from Delhi-Vadodara Greenfield expressway near Bandikui to Jaipur,2026-05,1636.15,8.0,1278.04,78.1126,72.75,6.0359,100.0,0.0,0.0,24.0,42.0,-18.0,1.75,1.0,21.8874,0.7811,100.0,0.0,4,5,0.0,0.0,72.75,73.15,0.0,18.325,0,0,0,1,0,0,Ministry of Road Transport & Highways,Roads & Highways,National Highways Authority of India [NHAI],Rajasthan
619064,Vadodara Mumbai Expressway Talsari to Karvad Phase IB - Pkg X [Km 103.400 to Km 128.000],2026-07,1909.74,17.0,1097.32,57.4591,0.81,0.0739,36.23,0.0,0.0,24.0,52.0,-28.0,2.1667,1.0,-21.2291,1.586,100.0,-63.77,6,7,0.0,0.0,0.81,424.88,0.0383,95.955,0,0,0,1,0,0,Ministry of Road Transport & Highways,Roads & Highways,NHAI,"Multi-States
(Dadra & Nagar
Haveli and Daman
& Diu, Gujarat,
Maharashtra)"
619065,4L Expressway from Km 26.400 to km 53.500 of Malur to Bangarpet section of Bangalore-Chennai Expressway Phase-I Package-II,2026-07,1745.0,9.0,1103.49,63.2372,0.36,0.0326,99.8,0.0,0.0,24.0,58.0,-34.0,2.4167,1.0,36.5628,0.6336,100.0,-0.2,6,3,0.0,,0.36,,0.1333,193.01,0,0,0,1,0,0,Ministry of Road Transport & Highways,Roads & Highways,NHAI,Karnataka
619066,Delhi-Amritsar-Katra Expressway Phase-II Pkg-XIV from Junction with Pathankot- Gurdaspur road NH-54 near Balsua to Junction with Hiranagar Road near village Gurha Baildaran km 423500 to km 468100,2026-07,3044.02,11.0,1776.5,58.3603,2.65,0.1494,87.3,3.7,4.4258,24.0,46.0,-22.0,1.9167,1.0,28.9397,0.6685,100.0,-12.7,6,7,3.7,3.7,2.65,225.03,0.8833,39.96,0,0,0,1,0,0,Ministry of Road Transport & Highways,Roads & Highways,NHAI,"Multi-States
(Jammu and
Kashmir, Punjab)"
619067,6L of Chiloda-Naroda section from Km. 540.595 to Km. 555.595 of NH-8Package-VII,2026-05,356.6,6.0,104.04,29.1755,0.81,0.7847,100.0,0.0,0.0,24.0,108.0,-84.0,4.5,1.0,70.8245,0.2918,100.0,0.0,4,5,0.0,0.0,0.81,0.94,0.0,16.245,0,0,0,1,0,0,Ministry of Road Transport & Highways,Roads & Highways,National Highways Authority of India [NHAI],Gujarat
619068,Construction of Greenfield Connectivity to Jewar International Airport from DND- Faridabad-Ballabhgarh Bypass KMP Link - Spur to Delhi Mumbai Expressway,2026-07,2920.69,11.0,1772.67,60.6935,16.14,0.9189,76.3,2.22,2.9968,24.0,37.0,-13.0,1.5417,1.0,15.6065,0.7955,100.0,-23.7,6,7,2.22,6.53,16.14,683.33,2.2167,150.395,0,0,0,1,0,0,Ministry of Road Transport & Highways,Roads & Highways,NHAI,"Multi-States
(Haryana, Uttar
Pradesh)"
619069,Satara Km 725.000 to Pune Km 865.350 of NH - 4 New NH - 48 in Maharashtra,2026-07,361.72,13.0,387.04,106.9999,2.49,0.6475,99.05,0.0,0.0,139.0,189.0,-50.0,1.3597,1.0,-7.9499,1.0803,100.0,-0.95,6,7,0.0,0.0,2.49,318.41,0.0083,56.6433,0,0,0,1,0,0,Ministry of Road Transport & Highways,Roads & Highways,NHAI,Maharashtra
619070,Tumkur-Chitradurga,2026-04,839.0,14.0,8.42,1.0036,0.18,2.1845,100.0,0.0,0.0,30.0,178.0,-148.0,5.9333,1.0,98.9964,0.01,100.0,0.0,3,4,0.0,0.0,0.18,7.64,0.0,2.59,0,0,0,1,0,0,Ministry of Road Transport & Highways,Roads & Highways,National Highways Authority of India [NHAI],Karnataka
619071,Tumkur - Nelamangala 6L,2026-07,2032.15,17.0,1086.24,53.4527,16.35,1.5282,61.36,0.2,0.327,36.0,47.0,-11.0,1.3056,1.0,7.9073,0.8711,100.0,-38.64,6,7,0.2,0.62,16.35,487.36,0.56,97.3033,0,0,0,1,0,0,Ministry of Road Transport & Highways,Roads & Highways,NHAI,Karnataka
619072,Bangalore/TN border to Hoskote,2026-07,1181.68,12.0,1153.14,97.5848,2.98,0.2591,94.89,0.0,0.0,24.0,41.0,-17.0,1.7083,1.0,-2.6948,1.0284,100.0,-5.11,6,7,0.0,0.0,2.98,353.29,0.315,63.2783,0,0,0,1,0,0,Ministry of Road Transport & Highways,Roads & Highways,NHAI,Karnataka
619073,4L of 42.000 to km 80.00 of Dodaballapur Bypass to Hoskote section of NH-648 Old NH-207 [Bangalore Ring Road Pkg 2],2026-07,1317.74,12.0,1367.2,103.7534,62.55,4.7944,99.2,0.0,0.0,24.0,65.0,-41.0,2.7083,1.0,-4.5534,1.0459,100.0,-0.8,6,7,0.0,0.0,62.55,338.92,0.0333,104.2583,0,0,0,1,0,0,Ministry of Road Transport & Highways,Roads & Highways,NHAI,Karnataka
619074,6-laning of Krishnagiri Km.0.000 to Walajahpet Km.148.300 section on NH-46 under NHDP-V,2026-07,1673.17,18.0,707.81,42.3035,6.44,0.9182,99.99,0.0,0.0,30.0,181.0,-151.0,6.0333,1.0,57.6865,0.4231,100.0,-0.01,6,7,0.0,0.0,6.44,437.44,0.165,116.56,0,0,0,1,0,0,Ministry of Road Transport & Highways,Roads & Highways,NHAI,Tamil Nadu
619075,6L of Bhubaneswar - Jagatpur - Chandikhole Section of NH-16,2026-05,639.3,35.0,52.23,8.1699,0.0,0.0,97.48,0.0,0.0,30.0,173.0,-143.0,5.7667,1.0,89.3101,0.0838,100.0,-2.52,4,5,0.0,0.0,0.0,50.16,0.12,12.9925,0,0,0,1,0,0,Ministry of Road Transport & Highways,Roads & Highways,National Highways Authority of India [NHAI],Odisha
619076,Six Laning of Vijayawada Bypass from Chinna Avutapalli to Gollapudi in Vijayawada - Gundugolanu Section from km. 0.00 to km. 30.00 Pkg-III,2026-07,1581.24,13.0,1024.51,64.7916,-0.24,-0.0234,98.2,0.0,0.0,24.0,65.0,-41.0,2.7083,1.0,33.4084,0.6598,100.0,-1.8,6,7,0.0,0.0,-0.24,85.01,0.0333,74.0333,0,0,0,1,0,0,Ministry of Road Transport & Highways,Roads & Highways,NHAI,Andhra Pradesh
619077,6 laning of Balance Work of Chennai - Tada from km. 21.40 to km. 54.40,2026-07,464.62,3.0,389.77,83.8901,0.02,0.0051,100.0,0.0,0.0,24.0,100.0,-76.0,4.1667,1.0,16.1099,0.8389,100.0,0.0,6,7,0.0,0.0,0.02,206.76,0.0,61.8233,0,0,0,1,0,0,Ministry of Road Transport & Highways,Roads & Highways,NHAI,"Multi-States
(Andhra Pradesh,
Tamil Nadu)"
619078,Six Laning of Bihar - Jharkhand Border Chordaha - Gorhar section of NH-2 from km 249.525 to km 320.810,2026-07,1772.7,18.0,1275.76,71.9671,2.2,0.1727,78.0,0.0,0.0,29.0,85.0,-56.0,2.931,1.0,6.0329,0.9227,100.0,-22.0,6,7,0.0,0.0,2.2,701.66,0.0,170.4233,0,0,0,1,0,0,Ministry of Road Transport & Highways,Roads & Highways,NHAI,"Multi-States
(Bihar, Jharkhand)"
619080,4L PS of Ambala Ring Road of New NH-44,2026-07,1093.35,8.0,595.59,54.4739,4.92,0.833,92.97,4.2,4.7313,24.0,33.0,-9.0,1.375,1.0,38.4961,0.5859,100.0,-7.03,6,7,4.2,9.22,4.92,165.65,4.1617,40.43,0,0,0,1,0,0,Ministry of Road Transport & Highways,Roads & Highways,NHAI,Haryana
619083,Thumbipadi-Namakkal from km. 180.00 to km. 248.625 Package No. NS-2/BOT/TN- 02,2026-05,255.53,14.0,206.64,80.8672,0.0,0.0,100.0,0.0,0.0,30.0,237.0,-207.0,7.9,1.0,19.1328,0.8087,100.0,0.0,4,5,0.0,0.0,0.0,0.67,0.0,47.8375,0,0,0,1,0,0,Ministry of Road Transport & Highways,Roads & Highways,National Highways Authority of India [NHAI],Tamil Nadu
619084,Start of Karur Bypass - Dindigul from km. 292.600 to km. 305.600 Contract Package No. NS2/BOT/TN-4,2026-05,461.54,14.0,42.28,9.1606,0.0,0.0,100.0,0.0,0.0,30.0,235.0,-205.0,7.8333,1.0,90.8394,0.0916,100.0,0.0,4,5,0.0,0.0,0.0,0.01,0.0,10.4975,0,0,0,1,0,0,Ministry of Road Transport & Highways,Roads & Highways,National Highways Authority of India [NHAI],Tamil Nadu
619086,Chengapalli km 102.035 to Neelambur Km144.680 and Madukkarai Km 170.880 to Walayar K183.010 Package No. NS-2/BOT/TN-08,2026-07,1247.43,11.0,7.24,0.5804,0.31,4.4733,100.0,0.0,0.0,30.0,190.0,-160.0,6.3333,1.0,99.4196,0.0058,100.0,0.0,6,7,0.0,0.0,0.31,2.1,0.0,1.1533,0,0,0,1,0,0,Ministry of Road Transport & Highways,Roads & Highways,NHAI,Tamil Nadu
619087,Widening to 6L of Existing 4L Jetpur - Gondal - Rajkot Section from Km. 117.600 to Km. 185.00 on NH-27,2026-07,2070.44,18.0,1117.01,53.9504,68.18,6.5006,76.83,3.75,5.1314,24.0,34.0,-10.0,1.4167,1.0,22.8796,0.7022,100.0,-23.17,6,7,3.75,5.2,68.18,149.25,3.4717,61.3933,0,0,0,1,0,0,Ministry of Road Transport & Highways,Roads & Highways,NHAI,Gujarat
619089,Balance work of 4L of NarimbangloJatinga Junction- Harangajoroad section from Km 0.000 to Km 49.230 of NH-27,2026-07,1909.98,10.0,1393.08,72.9369,6.21,0.4478,98.0,3.41,3.605,36.0,42.0,-6.0,1.1667,1.0,25.0631,0.7443,100.0,-2.0,6,7,3.41,3.41,6.21,52.64,1.5,37.1767,0,0,0,1,0,0,Ministry of Road Transport & Highways,Roads & Highways,NHAI,Assam
619090,8L of Dwarka Expressway Pkg-II RuB near Dwarka Sector 21-DL/HR Border from 5.300 Km.to 9.500 Km. of NH-248BB,2026-07,2067.67,21.0,2381.53,115.1794,39.74,1.697,100.0,0.0,0.0,24.0,81.0,-57.0,3.375,1.0,-15.1794,1.1518,100.0,0.0,6,7,0.0,0.0,39.74,471.81,0.0,292.1417,0,0,0,1,0,0,Ministry of Road Transport & Highways,Roads & Highways,NHAI,Delhi
619092,4L of Jind-Gohana road Package-1 from km. 0.00 to km. 40.601 of NH-352 A under NHO,2026-07,994.22,18.0,1064.47,107.0658,0.0,0.0,99.97,0.0,0.0,24.0,72.0,-48.0,3.0,1.0,-7.0958,1.071,100.0,-0.03,6,7,0.0,0.0,0.0,440.74,0.1617,107.9467,0,0,0,1,0,0,Ministry of Road Transport & Highways,Roads & Highways,NHAI,Haryana
619093,4L Ismailabad to Ambala Section of NH-152 Lot-4/Package-1,2026-07,609.32,10.0,308.0,50.5482,104.75,51.5375,76.3,1.25,1.6656,24.0,31.0,-7.0,1.2917,1.0,25.7518,0.6625,100.0,-23.7,6,7,1.25,3.6,104.75,116.26,2.7167,25.7617,0,0,0,1,0,0,Ministry of Road Transport & Highways,Roads & Highways,NHAI,"Multi-States
(Haryana, Punjab)"
619094,Thorapalli - Agraharam - Jittandahalli Section from km 23.350 to km 60.100 [Hosur to Dhamrapuri Pkg-2],2026-07,1243.57,34.0,827.88,66.5729,0.0,0.0,77.57,0.0,0.0,24.0,55.0,-31.0,2.2917,1.0,10.9971,0.8582,100.0,-22.43,6,7,0.0,0.0,0.0,198.07,-0.7383,52.9967,0,0,0,1,0,0,Ministry of Road Transport & Highways,Roads & Highways,NHAI,Tamil Nadu
619095,Balance works of 4L Panvel Indapur section of NH66 old NH17 from km 42.300 kasu to km 84.600 Indapur,2026-07,546.44,5.0,420.83,77.013,0.13,0.0309,96.73,15.1,18.4981,18.0,44.0,-26.0,2.4444,1.0,19.717,0.7962,100.0,-3.27,6,7,15.1,15.1,0.13,0.3,2.6217,6.67,0,0,0,1,0,0,Ministry of Road Transport & Highways,Roads & Highways,NHAI,Maharashtra
619096,Goa / Karnataka Km.93.700 to Kundapur Km.283.30,2026-07,1644.92,20.0,1849.51,112.4377,0.64,0.0346,97.94,0.0,0.0,29.0,148.0,-119.0,5.1034,1.0,-14.4977,1.148,100.0,-2.06,6,7,0.0,0.14,0.64,1520.0,0.1567,304.0417,0,0,0,1,0,0,Ministry of Road Transport & Highways,Roads & Highways,NHAI,Karnataka
619097,Thalassery Mahe Bypass Km 170.600 to Km 189.200 of NH-17New NH-66 in Kerala,2026-07,1181.12,3.0,1534.73,129.9385,0.0,0.0,100.0,0.0,0.0,29.0,103.0,-74.0,3.5517,1.0,-29.9385,1.2994,100.0,0.0,6,7,0.0,0.0,0.0,824.49,0.0,254.9867,0,0,0,1,0,0,Ministry of Road Transport & Highways,Roads & Highways,NHAI,"Multi-States
(Kerala,
Puducherry)"
619098,Kozhikode Bypass Calicut Bypass Vengalam Jn. to Ramanattukara Jn.,2026-07,1424.77,36.0,1066.67,74.8661,2.14,0.201,98.75,0.0,0.0,24.0,65.0,-41.0,2.7083,1.0,23.8839,0.7581,100.0,-1.25,6,7,0.0,0.0,2.14,17.74,0.125,100.0583,0,0,0,1,0,0,Ministry of Road Transport & Highways,Roads & Highways,NHAI,Kerala
619099,6L Amritsar-Bathinda Greenfield section from Jn. with Moga Jalandhar road NH-703 near Dharamkot to Jn. with Bhagta Bhai Ka-Bhadaur Road near Dyalpura Bhai Ka from km 39.000 to km 93.000 of NH-754A Pkg-2,2026-07,1801.37,39.0,1268.39,70.4125,0.0,0.0,66.53,1.93,2.9876,24.0,25.0,-1.0,1.0417,1.0,-3.8825,1.0584,100.0,-33.47,6,7,1.93,2.12,0.0,653.65,0.5883,114.835,0,0,0,1,0,0,Ministry of Road Transport & Highways,Roads & Highways,NHAI,Punjab
619100,Dhangaon - Borgaon section km 81.000 to km 139.000 [Indore - Edlabad Pkg IV],2026-07,866.0,19.0,746.57,86.209,0.21,0.0281,99.8,0.0,0.0,24.0,59.0,-35.0,2.4583,1.0,13.591,0.8638,100.0,-0.2,6,7,0.0,0.0,0.21,108.4,0.1333,36.895,0,0,0,1,0,0,Ministry of Road Transport & Highways,Roads & Highways,NHAI,Madhya Pradesh
619101,4L Shahpur to Muktainagar from Km. 186.000 to km 216.278 of NH 753L Pkg II of Boregaon Buzurg to Muktainagar,2026-07,784.35,15.0,330.42,42.1266,0.0,0.0,64.0,0.0,0.0,24.0,28.0,-4.0,1.1667,1.0,21.8734,0.6582,100.0,-36.0,6,7,0.0,0.0,0.0,1.31,1.0,12.3133,0,0,0,1,0,0,Ministry of Road Transport & Highways,Roads & Highways,NHAI,"Multi-States
(Madhya Pradesh,
Maharashtra)"
619102,4 L of China Orampadu-Renigunta section of NH-716 Package-II of Kadapa- Renigunta section,2026-07,1500.11,39.0,121.06,8.0701,0.6,0.4981,2.25,2.25,,24.0,4.0,20.0,0.1667,0.0,-5.8201,3.5867,16.6667,-14.4167,3,4,2.25,2.25,0.6,120.89,0.75,40.2967,0,0,0,0,0,0,Ministry of Road Transport & Highways,Roads & Highways,NHAI,Andhra Pradesh
619103,4/6 Laning of Raipur-Simga Pkg-I from km. 0.00 to km. 48.58,2026-07,1096.52,6.0,905.32,82.563,0.07,0.0077,100.0,0.0,0.0,24.0,123.0,-99.0,5.125,1.0,17.437,0.8256,100.0,0.0,6,7,0.0,0.0,0.07,799.35,0.0,147.7683,0,0,0,1,0,0,Ministry of Road Transport & Highways,Roads & Highways,NHAI,Chhattisgarh
619104,4L/2L PS of Govindpur Raiganj - Chas - WB border section of from km. 0.00 to km. 56.889 of Old NH-32,2026-05,1139.65,21.0,6.64,0.5826,0.0,0.0,99.84,0.0,0.0,24.0,101.0,-77.0,4.2083,1.0,99.2574,0.0058,100.0,-0.16,4,5,0.0,0.0,0.0,0.0,0.21,0.0,0,0,0,1,0,0,Ministry of Road Transport & Highways,Roads & Highways,National Highways Authority of India [NHAI],"Multi-States
(Jharkhand, West
Bengal)"
619105,6L Access Controlled Ludhiana-Bathinda Greenfield highway from Jn. with Moga- Barnala Road NH-703 near village Tallewal to Jn. with Delhi-Katra Expressway NE-5 near Ludhiana village Ballowal from Km 30.300 to Km 75.543 of NH-754AD Pkg-2,2026-07,1555.13,50.0,711.39,45.7447,12.52,1.7915,25.55,1.99,8.4465,24.0,10.0,14.0,0.4167,0.0,-20.1947,1.7904,41.6667,-16.1167,6,7,1.99,2.37,12.52,493.43,2.425,96.27,0,0,0,0,0,0,Ministry of Road Transport & Highways,Roads & Highways,NHAI,Punjab
619106,4 Lane with PS from Des. Ch 182.300 to Des. Ch. 228.500 of Belgaum-Hungund- Raichur Section of NH 748 A Package-5,2026-07,1141.88,20.0,255.41,22.3675,1.17,0.4602,40.63,2.73,7.2032,24.0,20.0,4.0,0.8333,0.0,18.2625,0.5505,83.3333,-42.7033,6,7,2.73,5.11,1.17,32.06,2.605,13.41,0,0,0,0,0,0,Ministry of Road Transport & Highways,Roads & Highways,NHAI,Karnataka
619107,4 Lane with PS from Des. Ch 136.100 to Des. Ch. 182.300 of Belgaum-Hungund- Raichur Section of NH-748A Package-4,2026-07,1311.41,19.0,227.73,17.3653,0.43,0.1892,15.0,1.82,13.8088,24.0,10.0,14.0,0.4167,0.0,-2.3653,1.1577,41.6667,-26.6667,6,7,1.82,4.65,0.43,180.18,2.0,37.7533,0,0,0,0,0,0,Ministry of Road Transport & Highways,Roads & Highways,NHAI,Karnataka
619108,4 Lane with PS from Des. Ch 0.000 to Des. Ch. 43.800 of Belgaum-Hungund-Raichur Section of NH-748A Package-1,2026-07,1452.43,16.0,490.31,33.7579,0.0,0.0,40.21,1.76,4.5774,24.0,13.0,11.0,0.5417,0.0,6.4521,0.8395,54.1667,-13.9567,6,7,1.76,4.61,0.0,279.83,4.535,62.265,0,0,0,0,0,0,Ministry of Road Transport & Highways,Roads & Highways,NHAI,Karnataka
619109,6L of Badakumari - Karki Section from Km 179.000 to km 226.500 of NH-130-CD Package OD-3,2026-07,1101.76,13.0,713.46,64.7564,0.06,0.0084,99.7,0.0,0.0,24.0,51.0,-27.0,2.125,1.0,34.9436,0.6495,100.0,-0.3,6,7,0.0,0.0,0.06,71.85,0.2833,33.4467,0,0,0,1,0,0,Ministry of Road Transport & Highways,Roads & Highways,NHAI,Odisha
619111,6L Jakkuva Korlam Section of NH-130CD Road from km 396.800 to km 421.100 Pkg 2,2026-07,840.51,13.0,573.9,68.28,0.01,0.0017,99.83,0.33,0.3317,24.0,52.0,-28.0,2.1667,1.0,31.55,0.684,100.0,-0.17,6,7,0.33,0.51,0.01,0.01,0.1383,28.22,0,0,0,1,0,0,Ministry of Road Transport & Highways,Roads & Highways,NHAI,Andhra Pradesh
619112,6L Kantakapalle Sabbavaram Section of NH-130CD Road from Km 445.100 to Km 464.662 Pkg-4,2026-07,1012.57,20.0,702.4,69.368,0.08,0.0114,84.6,0.6,0.7143,24.0,45.0,-21.0,1.875,1.0,15.232,0.82,100.0,-15.4,6,7,0.6,3.54,0.08,132.65,0.7667,32.4317,0,0,0,1,0,0,Ministry of Road Transport & Highways,Roads & Highways,NHAI,Andhra Pradesh
619113,4L of Padalur - Trichy section from km. 285.00 to km. 325.00 of NH - 45 Pkg VI-C,2026-06,555.8,11.0,235.51,42.3732,,,100.0,,,30.0,235.0,-205.0,7.8333,1.0,57.6268,0.4237,100.0,0.0,5,2,,,,,0.0,47.118,0,1,0,1,0,0,Ministry of Road Transport & Highways,Roads & Highways,NHAI,Tamil Nadu
619114,Indore - Harda Pkg-II [Raghavgarh to Nanasa from km. 29.30 to km. 92.30],2026-07,1081.51,14.0,369.46,34.1615,0.2,0.0542,40.25,0.0,0.0,24.0,28.0,-4.0,1.1667,1.0,6.0885,0.8487,100.0,-59.75,6,7,0.0,0.0,0.2,0.77,0.2083,11.5583,0,0,0,1,0,0,Ministry of Road Transport & Highways,Roads & Highways,NHAI,Madhya Pradesh
619115,4L of Byrapura to Challakere Section from km 308.550 to km 358.500 of NH-150 A,2026-02,796.77,9.0,201.53,25.2934,123.63,158.7035,100.0,0.0,0.0,24.0,86.0,-62.0,3.5833,1.0,74.7066,0.2529,100.0,0.0,1,2,0.0,,123.63,,0.0,123.63,0,0,0,1,0,0,Ministry of Road Transport & Highways,Roads & Highways,National Highways Authority of India [NHAI],Karnataka
619117,Hassan km 184.912 to Maranahally km 230.060 of NH - 75 in Karnataka,2026-07,1021.57,15.0,1068.91,104.634,0.14,0.0131,97.8,0.0,0.0,24.0,112.0,-88.0,4.6667,1.0,-6.834,1.0699,100.0,-2.2,6,7,0.0,0.0,0.14,370.06,0.1333,167.6783,0,0,0,1,0,0,Ministry of Road Transport & Highways,Roads & Highways,NHAI,Karnataka
619118,Four Laning of Angul to Sambalpur from Km.112.000 to Km.265.000,2026-07,2510.04,6.0,2464.91,98.202,5.46,0.222,99.98,0.0,0.0,29.0,112.0,-83.0,3.8621,1.0,1.778,0.9822,100.0,-0.02,6,7,0.0,0.0,5.46,1265.87,0.1633,405.6183,0,0,0,1,0,0,Ministry of Road Transport & Highways,Roads & Highways,NHAI,Odisha
619119,Cuttack-Angul Section of NH-42 New NH-55 from km 0.400 to km 60.200 Pkg-I in the State of Odisha,2026-07,999.32,3.0,1128.52,112.9288,0.08,0.0071,99.0,0.0,0.0,30.0,102.0,-72.0,3.4,1.0,-13.9288,1.1407,100.0,-1.0,6,7,0.0,0.0,0.08,614.99,0.0,185.415,0,0,0,1,0,0,Ministry of Road Transport & Highways,Roads & Highways,NHAI,Odisha
619120,Nidagatta-Mysore Pkg II,2026-07,2919.8,22.0,3715.84,127.2635,1.95,0.0525,99.19,0.0,0.0,30.0,79.0,-49.0,2.6333,1.0,-28.0735,1.283,100.0,-0.81,6,7,0.0,0.0,1.95,1435.74,0.0317,500.7333,0,0,0,1,0,0,Ministry of Road Transport & Highways,Roads & Highways,NHAI,Karnataka
619121,4L of Hubli - Hospet Section of NH-63 from Km 128.850 to Km 272.571,2026-05,2531.99,8.0,1360.9,53.7482,0.0,0.0,99.65,0.0,0.0,36.0,110.0,-74.0,3.0556,1.0,45.9018,0.5394,100.0,-0.35,4,5,0.0,0.0,0.0,85.57,0.1625,341.5125,0,0,0,1,0,0,Ministry of Road Transport & Highways,Roads & Highways,National Highways Authority of India [NHAI],Karnataka
619122,Akshardham - DL/UP Border Pkg-01,2026-05,1479.22,21.0,1351.78,91.3846,8.6,0.6403,100.0,0.0,0.0,30.0,47.0,-17.0,1.5667,1.0,8.6154,0.9138,100.0,0.0,4,5,0.0,0.0,8.6,24.39,0.0,6.1925,0,0,0,1,0,0,Ministry of Road Transport & Highways,Roads & Highways,National Highways Authority of India [NHAI],"Multi-States (Delhi,
Uttar Pradesh)"
619123,6L Access Controlled Greenfield Highway from Narayanmpet Ch. 203500 to Chandrasekharpuram Ch. 228000Package-10,2026-07,813.66,12.0,223.35,27.45,0.3,0.1345,66.12,0.0,0.0,24.0,29.0,-5.0,1.2083,1.0,38.67,0.4152,100.0,-33.88,6,7,0.0,1.12,0.3,26.45,2.3533,9.285,0,0,0,1,0,0,Ministry of Road Transport & Highways,Roads & Highways,NHAI,Andhra Pradesh
619124,6L Access Controlled Greenfield Highway from Polavaram Ch. 260000 to Marripudi Ch. 285500 of [NH-544G]Package-12,2026-07,747.29,12.0,250.93,33.5787,8.31,3.4251,70.2,0.0,0.0,24.0,29.0,-5.0,1.2083,1.0,36.6213,0.4783,100.0,-29.8,6,7,0.0,0.0,8.31,22.96,1.7,12.0283,0,0,0,1,0,0,Ministry of Road Transport & Highways,Roads & Highways,NHAI,Andhra Pradesh
619125,6L Access Controlled Greenfield Highway from Somavarappadu Ch.314.600 to Muppavaram Ch.343240 of [NH-544G] Package-14,2026-07,1103.9,12.0,267.61,24.2422,8.54,3.2964,44.56,0.0,0.0,24.0,29.0,-5.0,1.2083,1.0,20.3178,0.544,100.0,-55.44,6,7,0.0,0.46,8.54,59.79,1.5933,17.675,0,0,0,1,0,0,Ministry of Road Transport & Highways,Roads & Highways,NHAI,Andhra Pradesh
619126,6L Access Controlled Greenfield Highway from Marripudi Ch. 285500 to Somavarappadu Ch. 314600 of [NH-544G] Package-13,2026-07,976.41,12.0,370.82,37.9779,0.0,0.0,73.0,0.0,0.0,24.0,29.0,-5.0,1.2083,1.0,35.0221,0.5202,100.0,-27.0,6,7,0.0,0.0,0.0,37.88,0.8333,18.5167,0,0,0,1,0,0,Ministry of Road Transport & Highways,Roads & Highways,NHAI,Andhra Pradesh
619127,4L of Greenfield Alignment from Km. 47.000 to Km. 89.210 of Balbhadarpur to Bela Nawda Section of NH-119D,2026-07,2185.75,24.0,764.97,34.9981,47.96,6.6889,30.41,1.28,4.3941,24.0,28.0,-4.0,1.1667,1.0,-4.5881,1.1509,100.0,-69.59,6,7,1.28,4.65,47.96,353.19,1.4017,65.2283,0,0,0,1,0,0,Ministry of Road Transport & Highways,Roads & Highways,NHAI,Bihar
619128,Khammam-Devarapalle Pkg II [4L Access Controlled Greenfield from Somavaram village to Chintagudem village Design Chainage 33604 to 63117],2026-07,615.78,20.0,524.11,85.1132,0.08,0.0153,98.02,0.0,0.0,24.0,46.0,-22.0,1.9167,1.0,12.9068,0.8683,100.0,-1.98,6,7,0.0,0.0,0.08,92.44,0.0033,26.7417,0,0,0,1,0,0,Ministry of Road Transport & Highways,Roads & Highways,NHAI,Telangana
619129,Mahabalipuram - Pondicherry Pkg-I [Mamallapuram to Mugaiyur],2026-07,1360.54,39.0,904.84,66.5059,7.48,0.8336,58.65,0.0,0.0,24.0,50.0,-26.0,2.0833,1.0,-7.8559,1.1339,100.0,-41.35,6,7,0.0,0.0,7.48,343.98,0.1083,58.7817,0,0,0,1,0,0,Ministry of Road Transport & Highways,Roads & Highways,NHAI,Tamil Nadu
619130,Mahabalipuram - Pondicherry Pkg-II [Mugaiyur to Marakkanam],2026-07,1116.13,58.0,804.69,72.0964,32.84,4.2547,53.41,0.0,0.0,24.0,31.0,-7.0,1.2917,1.0,-18.6864,1.3499,100.0,-46.59,6,7,0.0,0.0,32.84,216.47,0.0683,47.6783,0,0,0,1,0,0,Ministry of Road Transport & Highways,Roads & Highways,NHAI,Tamil Nadu
619131,Four Laning of Chettikulam to Natham section of NH-785,2026-07,837.61,8.0,641.93,76.6383,0.0,0.0,99.75,0.0,0.0,24.0,92.0,-68.0,3.8333,1.0,23.1117,0.7683,100.0,-0.25,6,7,0.0,0.0,0.0,472.61,0.125,106.8933,0,0,0,1,0,0,Ministry of Road Transport & Highways,Roads & Highways,NHAI,Tamil Nadu
619132,4/6L of Gurgaon - Pataudi - Rewari from km. 0.00 to km.43.87 of NH-352W,2026-07,1810.04,18.0,1267.55,70.0288,0.36,0.0284,77.76,0.78,1.0133,24.0,56.0,-32.0,2.3333,1.0,7.7312,0.9006,100.0,-22.24,6,7,0.78,1.07,0.36,659.19,0.96,134.255,0,0,0,1,0,0,Ministry of Road Transport & Highways,Roads & Highways,NHAI,Haryana
619134,6L of Ambala-Chandigarh greenfield section from Km. 0.000 to Km. 25.000 with 4L spur to Lalru from Km. 0.000 to Km. 5.828 & spur to PR-7 road from Km. 0.000 to Km. 11.157,2026-07,1641.66,19.0,1277.92,77.8432,18.97,1.5068,90.01,4.51,5.2749,24.0,33.0,-9.0,1.375,1.0,12.1668,0.8648,100.0,-9.99,6,7,4.51,5.18,18.97,706.97,2.0017,130.3867,0,0,0,1,0,0,Ministry of Road Transport & Highways,Roads & Highways,NHAI,"Multi-States
(Haryana, Punjab)"
619136,Rehabilitation and Upgradation of Chorma - Bairgania Section of National Highway No 227F to 2 lane with paved shoulders from Design Ch.0.000 to Ch. 34.566,2026-07,610.78,20.0,337.4,55.2408,0.7,0.2079,100.0,0.0,0.0,23.0,29.0,-6.0,1.2609,1.0,44.7592,0.5524,100.0,0.0,6,7,0.0,0.0,0.7,2.32,0.5,6.305,0,0,0,1,0,0,Ministry of Road Transport & Highways,Roads & Highways,NHAI,Bihar
619137,4L of Dwarka-Khambaliya-Devariya section from km 203.500 to km 176.500 and from km 171.800 to km 125.000 of NH-151A,2026-04,1024.69,13.0,882.1,86.0846,0.1,0.0113,100.0,0.0,0.0,30.0,74.0,-44.0,2.4667,1.0,13.9154,0.8608,100.0,0.0,3,4,0.0,0.0,0.1,339.99,0.0,113.33,0,0,0,1,0,0,Ministry of Road Transport & Highways,Roads & Highways,National Highways Authority of India [NHAI],Gujarat
619138,Yekkambi-Haveri,2026-07,294.62,6.0,94.8,32.177,0.0,0.0,24.7,0.0,0.0,24.0,52.0,-28.0,2.1667,1.0,-7.477,1.3027,100.0,-75.3,6,7,0.0,0.86,0.0,12.52,1.1167,9.6617,0,0,0,1,0,0,Ministry of Road Transport & Highways,Roads & Highways,NHAI,Karnataka
619139,Construction of New Double Tier 4L Elevated Corridor from Chennai Port to Maduravoyal in Chennai District from km -0.342 to Km 20.593 and Package III from Km 9.700 to Km 14.185,2026-07,1299.36,8.0,193.34,14.8796,4.22,2.2314,17.24,0.0,0.0,30.0,32.0,-2.0,1.0667,1.0,2.3604,0.8631,100.0,-82.76,6,7,0.0,0.0,4.22,40.92,0.54,11.7017,0,0,0,1,0,0,Ministry of Road Transport & Highways,Roads & Highways,NHAI,Tamil Nadu
619140,6L of Naidupeta Junction - Turpukanupur Section from km 57.046 to km 91.927,2026-07,1398.84,14.0,388.87,27.7995,14.8,3.9565,53.7,4.8,9.816,24.0,33.0,-9.0,1.375,1.0,25.9005,0.5177,100.0,-46.3,6,7,4.8,4.8,14.8,54.26,3.1167,27.22,0,0,0,1,0,0,Ministry of Road Transport & Highways,Roads & Highways,NHAI,Andhra Pradesh
619141,Construction of four lane access controlled highway from Chillakuru cross road to Turpu KanupurPart 1 of Package - II km 0.000 131.500 of NH - 16 to km 23.770 on New NH-516W including six lane flyover and approaches on NH-16 length km 1.050 and six lane access controlled from Turpu Kanupur to Port South Gate Part 2 of Package - II km 23.770 to km 35.015 on New NH-516W in the state of Andhra Pradesh on HAM Mode under Bharatmala Pariyojana Phase I,2026-07,864.2,16.0,358.97,41.5378,0.0,0.0,55.53,1.42,2.6243,24.0,31.0,-7.0,1.2917,1.0,13.9922,0.748,100.0,-44.47,6,7,1.42,1.42,0.0,53.53,1.5883,16.6583,0,0,0,1,0,0,Ministry of Road Transport & Highways,Roads & Highways,NHAI,Andhra Pradesh
619142,Construction of 4-lane connectivity to Banbasa ICP at India Nepal border from NH-09 old NH-125 Sitarganj-Tanakpur at Km 40.00 near Jagbuda bridge under Bharatmala Priyojana of NH-109D on EPC mode in the State of Uttarakhand,2026-07,216.97,9.0,213.92,98.5943,0.0,0.0,75.24,0.0,0.0,18.0,40.0,-22.0,2.2222,1.0,-23.3543,1.3104,100.0,-24.76,6,7,0.0,0.0,0.0,48.11,0.2067,10.295,0,0,0,1,0,0,Ministry of Road Transport & Highways,Roads & Highways,NHAI,Uttarakhand
619143,4L Access Controlled Greenfield Highway section on NH-163G Khammam Vijayawada from BrahmanapalliK village at Design Ch. 250.400 Km to Remidicherla village at Design Ch. 280.200 KmPackage-II,2026-07,826.01,24.0,175.85,21.2891,10.57,6.3952,25.78,2.05,8.6389,24.0,16.0,8.0,0.6667,0.0,4.4909,0.8258,66.6667,-40.8867,6,7,2.05,3.2,10.57,72.77,3.13,23.4417,0,0,0,0,0,0,Ministry of Road Transport & Highways,Roads & Highways,NHAI,"Multi-States
(Andhra Pradesh,
Telangana)"
619144,Hospet - Chitradurga from km. 299.00 to km. 418.750,2026-05,1519.72,11.0,36.7,2.4149,0.34,0.9351,100.0,0.0,0.0,30.0,123.0,-93.0,4.1,1.0,97.5851,0.0241,100.0,0.0,4,5,0.0,0.0,0.34,1.22,0.0,8.5625,0,0,0,1,0,0,Ministry of Road Transport & Highways,Roads & Highways,National Highways Authority of India [NHAI],Karnataka
619145,Four Laning of Una to Kodinar from km. 180.478 to km. 221.610 Package-V,2026-07,877.71,12.0,1008.79,114.9343,0.02,0.002,100.0,0.0,0.0,30.0,113.0,-83.0,3.7667,1.0,-14.9343,1.1493,100.0,0.0,6,7,0.0,0.0,0.02,378.27,0.0,149.1133,0,0,0,1,0,0,Ministry of Road Transport & Highways,Roads & Highways,NHAI,Gujarat
619146,Kagvadar - Una Package-IV,2026-06,750.53,13.0,833.12,111.0042,469.7,129.2444,97.93,0.0,0.0,30.0,111.0,-81.0,3.7,1.0,-13.0742,1.1335,100.0,-2.07,5,6,0.0,0.0,469.7,469.71,0.186,158.316,0,0,0,1,0,0,Ministry of Road Transport & Highways,Roads & Highways,NHAI,Gujarat
619147,4L of Bal Works of Mahuva to Kagvadar from 100.450 Km. to 140.470 Km. of NH-8E Pkg- III,2026-05,603.08,7.0,624.41,103.5368,0.0,0.0,99.71,0.0,0.0,18.0,62.0,-44.0,3.4444,1.0,-3.8268,1.0384,100.0,-0.29,4,5,0.0,0.0,0.0,0.09,0.1775,98.5925,0,0,0,1,0,0,Ministry of Road Transport & Highways,Roads & Highways,National Highways Authority of India [NHAI],Gujarat
619148,4L of Bhavnagar - Talaja Package-I from Km. 6.945 to Km. 54.990 of Old NH-8E,2026-05,1185.66,11.0,53.18,4.4853,0.0,0.0,100.0,0.0,0.0,30.0,111.0,-81.0,3.7,1.0,95.5147,0.0449,100.0,0.0,4,5,0.0,0.0,0.0,0.0,0.0,0.0,0,0,0,1,0,0,Ministry of Road Transport & Highways,Roads & Highways,National Highways Authority of India [NHAI],Gujarat
619149,4L of Ratnagiri - Kolhapur section of NH-166 from km 0.000 to km 19.769 and km 31.000 to km 67.140 Pkg I,2026-07,1774.03,9.0,1444.74,81.4383,16.92,1.185,97.4,3.65,3.8933,24.0,44.0,-20.0,1.8333,1.0,15.9617,0.8361,100.0,-2.6,6,7,3.65,3.65,16.92,635.55,2.4,137.08,0,0,0,1,0,0,Ministry of Road Transport & Highways,Roads & Highways,NHAI,Maharashtra
619150,BRT Tiger Reserve Boundary Km.287.500 to Bangalore Section Km.458.420 of NH- 209 in Karnataka,2026-07,2082.69,16.0,2242.71,107.6833,0.0,0.0,99.7,0.0,0.0,24.0,107.0,-83.0,4.4583,1.0,-7.9833,1.0801,100.0,-0.3,6,7,0.0,0.0,0.0,1512.23,0.1167,349.7267,0,0,0,1,0,0,Ministry of Road Transport & Highways,Roads & Highways,NHAI,Karnataka
619152,Bakhtiyarpur Km 153.300 to Mokama Km 197.900,2026-07,1898.84,18.0,1799.23,94.7542,1.8,0.1001,99.95,0.0,0.0,30.0,109.0,-79.0,3.6333,1.0,5.1958,0.948,100.0,-0.05,6,7,0.0,0.0,1.8,955.99,0.1583,289.9367,0,0,0,1,0,0,Ministry of Road Transport & Highways,Roads & Highways,NHAI,Bihar
619153,4L of HP/Punjab Border - Mo from km. 11.00 to km. 42.00 of Old NH-20 New NH-154 Package-IA,2026-07,1002.11,14.0,819.72,81.7994,0.01,0.0012,68.65,0.99,1.4632,24.0,50.0,-26.0,2.0833,1.0,-13.1494,1.1915,100.0,-31.35,6,7,0.99,8.59,0.01,239.4,2.6083,54.815,0,0,0,1,0,0,Ministry of Road Transport & Highways,Roads & Highways,NHAI,Himachal Pradesh
619154,Construction of Four Lane Highway from Ghazipur- Ballia-UP/Bihar State Border Greenfield section of NH-31 Package III [from Pindari km 78.150 to Rawalganj Bypass Km 117.120] on EPC Mode in the state of Uttar Pradesh.,2026-07,1493.5,10.0,1044.81,69.9571,2.78,0.2668,86.11,3.11,3.747,24.0,35.0,-11.0,1.4583,1.0,16.1529,0.8124,100.0,-13.89,6,7,3.11,1.61,2.78,468.1,2.3517,94.4617,0,0,0,1,0,0,Ministry of Road Transport & Highways,Roads & Highways,NHAI,"Multi-States
(Bihar, Uttar
Pradesh)"
619155,Upgradation and 4L of Haridwar Bypass from Km 0.000 Km 188.100 of NH-58 to Km. 15.100 Km 5.100 of NH 74 PKg-1,2026-07,1602.89,11.0,770.27,48.0551,0.0,0.0,80.36,0.61,0.7649,24.0,45.0,-21.0,1.875,1.0,32.3049,0.598,100.0,-19.64,6,7,0.61,1.11,0.0,180.26,1.56,38.6717,0,0,0,1,0,0,Ministry of Road Transport & Highways,Roads & Highways,NHAI,Uttarakhand
619156,4 Laning of Paramakudi to Ramanathapuram Section of NH-87 Old NH-49,2026-07,1853.16,10.0,169.53,9.1482,10.27,6.4486,0.0,0.0,,24.0,2.0,22.0,0.0833,0.0,-9.1482,,8.3333,-8.3333,2,3,0.0,0.0,10.27,145.23,0.0,72.615,0,0,0,0,0,0,Ministry of Road Transport & Highways,Roads & Highways,NHAI,Tamil Nadu
619157,4 Laning of Talcher to end of Kamakhyanagar Bypass km 8.844 - km 15.725 of NH- 149 and km 301.875 - km 335.946 of NH-53 Pkg-I,2026-07,795.18,13.0,715.74,90.0098,2.12,0.2971,99.0,0.0,0.0,30.0,89.0,-59.0,2.9667,1.0,8.9902,0.9092,100.0,-1.0,6,7,0.0,0.0,2.12,312.5,0.0,87.8683,0,0,0,1,0,0,Ministry of Road Transport & Highways,Roads & Highways,NHAI,Odisha
619158,4 Laning of Duburi Chandikhole from km 388.376 to km 428.074 Pkg-III,2026-07,789.0,25.0,724.96,91.8834,0.1,0.0138,86.0,0.0,0.0,30.0,77.0,-47.0,2.5667,1.0,-5.8834,1.0684,100.0,-14.0,6,7,0.0,0.0,0.1,152.79,0.0,64.8083,0,0,0,1,0,0,Ministry of Road Transport & Highways,Roads & Highways,NHAI,Odisha
619160,Balance works in AP Portion and punch list items in TN & AP portion of NH-205,2026-07,166.52,9.0,98.52,59.1641,0.0,0.0,100.0,0.0,0.0,18.0,36.0,-18.0,2.0,1.0,40.8359,0.5916,100.0,0.0,6,7,0.0,0.0,0.0,0.26,0.0,0.17,0,0,0,1,0,0,Ministry of Road Transport & Highways,Roads & Highways,NHAI,Andhra Pradesh
619161,Access Controlled Highway of 4 Lane with Paved Shoulders from Tiruvallur Design Chainage Km 1756 to TN/AP Broder Design Chainage Km 6151 of NH-716 Chennai- Tirupati Package-1,2026-07,1376.1,9.0,181.78,13.2098,1.1,0.6088,46.31,5.51,13.5049,24.0,19.0,5.0,0.7917,0.0,33.1002,0.2852,79.1667,-32.8567,6,7,5.51,9.04,1.1,47.81,3.7183,15.4067,0,0,0,0,0,0,Ministry of Road Transport & Highways,Roads & Highways,NHAI,Tamil Nadu
619162,4L of Najibabad Bypass from Km. 105.423 to Km. 118.373 excluding 2.45 Km. of NH- 74 Bypass of NH-119,2026-07,578.02,11.0,440.93,76.2828,0.25,0.0567,100.0,0.0,0.0,18.0,43.0,-25.0,2.3889,1.0,23.7172,0.7628,100.0,0.0,6,7,0.0,0.0,0.25,2.05,0.0,0.4367,0,0,0,1,0,0,Ministry of Road Transport & Highways,Roads & Highways,NHAI,Uttar Pradesh
619163,4L of Baramati to Indapur Pkg-II from km. 41.400 to km. 84.550 of NH-965G Saint Tukaram Marg,2026-07,1471.32,8.0,1071.0,72.7918,0.0,0.0,86.2,0.0,0.0,24.0,58.0,-34.0,2.4167,1.0,13.4082,0.8445,100.0,-13.8,6,7,0.0,0.0,0.0,143.9,0.0333,35.1,0,0,0,1,0,0,Ministry of Road Transport & Highways,Roads & Highways,NHAI,Maharashtra
619164,Belgaum-Khanapur Pkg I Km 0.000-Km 30.800 of NH-4A,2026-07,1214.3,12.0,917.82,75.5843,0.0,0.0,75.72,0.09,0.119,30.0,88.0,-58.0,2.9333,1.0,0.1357,0.9982,100.0,-24.28,6,7,0.09,2.95,0.0,389.83,0.9533,124.665,0,0,0,1,0,0,Ministry of Road Transport & Highways,Roads & Highways,NHAI,Karnataka
619165,Thanamcherla-Jamandlapally 2LPS,2026-07,177.18,4.0,8.3,4.6845,0.0,0.0,100.0,0.0,0.0,107.0,148.0,-41.0,1.3832,1.0,95.3155,0.0468,100.0,0.0,6,7,0.0,0.0,0.0,-0.01,0.0,0.7817,0,0,0,1,0,0,Ministry of Road Transport & Highways,Roads & Highways,NHAI,Telangana
619166,Umagaon-Saharsa Package-V Bakaur-Parsarma-Bangaon-Bariyahi & Spur to Mahishi,2026-07,768.35,14.0,509.32,66.2875,6.3,1.2524,99.5,0.0,0.0,24.0,31.0,-7.0,1.2917,1.0,33.2125,0.6662,100.0,-0.5,6,7,0.0,0.0,6.3,98.75,0.25,21.0467,0,0,0,1,0,0,Ministry of Road Transport & Highways,Roads & Highways,NHAI,Bihar
619167,4 Laning with PS of Pathrapalli-Katghora km 53.3 to km 92.6 Pkg-II of Bilaspur Kathghora,2026-07,865.1,12.0,853.85,98.6996,2.47,0.2901,93.1,0.0,0.0,24.0,67.0,-43.0,2.7917,1.0,-5.5996,1.0601,100.0,-6.9,6,7,0.0,0.0,2.47,266.14,0.0167,73.585,0,0,0,1,0,0,Ministry of Road Transport & Highways,Roads & Highways,NHAI,Chhattisgarh
619168,6L access controlled Greenfield highway of Junction of EPE Vill.-Mavikalan to Vill.- Lohadda from Km. 0.000 to Km. 27.000 Pkg-1,2026-07,1602.48,18.0,1423.29,88.818,3.52,0.2479,99.29,0.0,0.0,24.0,46.0,-22.0,1.9167,1.0,10.472,0.8945,100.0,-0.71,6,7,0.0,0.18,3.52,208.21,0.0483,37.985,0,0,0,1,0,0,Ministry of Road Transport & Highways,Roads & Highways,NHAI,Uttar Pradesh
619171,RPR FOR DURGAPUR OCP 10 MTY,2026-07,2415.91,0.0,2.99,0.1238,0.64,27.234,0.01,0.0,0.0,78.0,10.0,68.0,0.1282,0.0,-0.1138,12.3763,12.8205,-12.8105,5,6,0.0,0.0,0.64,0.64,0.002,0.266,0,0,0,0,0,0,Ministry of Coal,Coal,SECL - CIL,Chhattisgarh
619172,MADANNAGAR OCP 12 MTY - MDO,2026-07,1859.19,0.0,0.45,0.0242,0.0,0.0,0.0,0.0,,99.0,19.0,80.0,0.1919,0.0,-0.0242,,19.1919,-19.1919,5,6,0.0,0.0,0.0,0.0,0.0,0.09,0,0,0,0,0,0,Ministry of Coal,Coal,SECL - CIL,Chhattisgarh
619181,Rehabilitation and Up gradation from 4 to 8 laning of Chandikhole Paradip Section of NH-53 Old NH 5A from Km.60.000 to Km.76.646 Package-4,2026-07,882.45,20.0,196.67,22.2868,0.04,0.0203,36.02,3.0,9.0854,23.0,20.0,3.0,0.8696,0.0,13.7332,0.6187,86.9565,-50.9365,5,6,3.0,4.02,0.04,13.47,2.004,14.78,0,0,0,0,0,0,Ministry of Road Transport & Highways,Roads & Highways,NHAI,Odisha
619183,Widening of Existing Road from Intermediate Lane 2-lane to 4-lane Between Km 19.994 to Km 35.180 of NH-848A Rakholi-Khadoli-Velugam Section in U.T. of Dadra and Nagar Haveli and Daman and Diu,2026-07,198.06,16.0,77.74,39.2507,1.79,2.3568,80.0,0.0,0.0,28.0,29.0,-1.0,1.0357,1.0,40.7493,0.4906,100.0,-20.0,5,6,0.0,28.0,1.79,4.71,5.6,0.942,0,0,0,1,0,0,Ministry of Road Transport & Highways,Roads & Highways,MoRTH,"Dadra & Nagar
Haveli and Daman
& Diu"
619184,"Rehabilitation and up-gradation and completion of balance works of the section from Km 107.760 km to 129.445 km After Middle strait to Humphrey, Km 130.600 to 138.300 After Humphrey to Kadamtala of NH-4 Intermediate/2-Lane with hard shoulder in the Union Territory of Andaman & Nicobar Islands on EPC basis Package- IIIA",2026-07,207.45,73.0,0.0,0.0,0.0,,81.95,0.63,0.7747,18.0,28.0,-10.0,1.5556,1.0,81.95,0.0,100.0,-18.05,5,6,0.63,3.94,0.0,0.0,5.59,0.0,0,0,0,1,0,0,Ministry of Road Transport & Highways,Roads & Highways,NHIDCL,"Andaman &
Nicobar"
619185,Rehabilitation and up-gradation and completion of balance work of section from Km 155.00 to Km 181.00 End of Jarwa to Rangat of NH -4 Total length 26 Km to Intermediate Lane/2-lane with hard shoulders in the UT of A&N Islands on EPC basis - Package-III.B Balance work,2026-07,183.56,75.0,163.63,89.1425,163.63,,50.15,0.0,0.0,17.0,26.0,-9.0,1.5294,1.0,-38.9925,1.7775,100.0,-49.85,5,6,0.0,2.87,163.63,163.63,1.43,32.726,0,0,0,1,0,0,Ministry of Road Transport & Highways,Roads & Highways,NHIDCL,"Andaman &
Nicobar"
619186,Construction of Balance works of Major Bridge over Middle Strait Creek between Km.106.590 to km108.553 of NH-04 connecting South Andaman & Baratang Island in the Union Territory of Andaman & Nicobar Islands on EPC basis,2026-07,262.96,110.0,112.15,42.6491,112.15,,12.98,0.0,0.0,21.0,26.0,-5.0,1.2381,1.0,-29.6691,3.2858,100.0,-87.02,5,6,0.0,0.34,112.15,112.15,0.796,22.43,0,0,0,1,0,0,Ministry of Road Transport & Highways,Roads & Highways,NHIDCL,"Andaman &
Nicobar"
619187,"Slope protection and landslide mitigation at 4 vulnerable locations km 1.950 to Km 2.100, km 11.100 to 11.450, km 22.435 to km 22.485 and km 22.610 to km 22.680 within Sevoke-Rangpo section of NH-10 old NH-31A in Darjeeling & Kalimpong district in the State of West Bengal on EPC mode",2026-07,152.27,16.0,21.2,13.9226,21.2,,34.47,2.26,7.0165,24.0,13.0,11.0,0.5417,0.0,20.5474,0.4039,54.1667,-19.6967,5,6,2.26,5.14,21.2,21.2,6.894,4.24,0,0,0,0,0,0,Ministry of Road Transport & Highways,Roads & Highways,NHIDCL,West Bengal
619191,Kanpur LPG Bottling Plant,2026-07,202.0,0.0,132.75,65.7178,1.95,1.4908,62.5,2.5,4.1667,24.0,10.0,14.0,0.4167,0.0,-3.2178,1.0515,41.6667,20.8333,5,6,2.5,4.5,1.95,3.06,3.7,25.344,0,0,0,0,0,0,Ministry of Petroleum & Natural Gas,Oil & Gas,Bharat Petroleum Corporation Limited [BPCL],Uttar Pradesh
619193,Rehabilitation and upgradation of NH-221 from km 121/0 to 165/0 Rudrampur to Bhadrachalam section to two lane with paved shoulder under NHDPIV in the state of Telangana through EPC mode,2026-07,295.47,1.0,375.14,126.9638,0.0,0.0,82.76,0.0,0.0,24.0,137.0,-113.0,5.7083,1.0,-44.2038,1.5341,100.0,-17.24,5,6,0.0,0.0,0.0,0.0,0.152,40.3,0,0,0,1,0,0,Ministry of Road Transport & Highways,Roads & Highways,MoRTH,Telangana
619194,"Construction of Four Lane Gola Flyover at Km 99.850 of NH 730 Major Junction with State Highways -93 of Engineering, Procurement and Construction EPC mode in the State of Uttar Pradesh.",2026-07,168.05,14.0,0.0,0.0,0.0,,12.0,10.0,500.0,17.0,2.0,15.0,0.1176,0.0,12.0,0.0,11.7647,0.2353,2,3,10.0,10.5,0.0,0.0,5.25,0.0,0,0,0,0,0,0,Ministry of Road Transport & Highways,Roads & Highways,MoRTH,Uttar Pradesh
619196,Change of service of existing Mundra-Panipat Pipeline [Panipat - Churwa section] from Crude oil to Product,2026-07,359.0,0.0,52.55,14.6379,11.69,28.6099,43.3,3.7,9.3434,23.0,14.0,9.0,0.6087,0.0,28.6621,0.3381,60.8696,-17.5696,5,6,3.7,5.1,11.69,18.61,3.86,8.812,0,0,0,0,0,0,Ministry of Petroleum & Natural Gas,Oil & Gas,Indian Oil Corporation Limited [IOCL],"Multi-States
(Gujarat, Haryana,
Rajasthan)"
619197,Delhi-Vadodara Greenfield Alignment NH-148N Pkg-27 Ch.729.700 to Ch.756.052,2026-07,1185.69,17.0,1045.08,88.1411,7.75,0.7471,98.9,1.69,1.7385,24.0,53.0,-29.0,2.2083,1.0,10.7589,0.8912,100.0,-1.1,5,6,1.69,1.3,7.75,44.36,0.78,64.384,0,0,0,1,0,0,Ministry of Road Transport & Highways,Roads & Highways,NHAI,Gujarat
619198,Vadodara Mumbai Expressway Phase II - Pkg XII [Km. 50.700 to Km. 77.000] Masvan - Ganjad,2026-07,1711.38,19.0,979.42,57.2298,0.01,0.001,99.87,0.49,0.4931,24.0,52.0,-28.0,2.1667,1.0,42.6402,0.573,100.0,-0.13,5,6,0.49,0.49,0.01,0.16,0.174,47.404,0,0,0,1,0,0,Ministry of Road Transport & Highways,Roads & Highways,NHAI,Maharashtra
619199,Bangalore Chennai Expressway Phase-II Pkg-I from km.71.000 to Km 96.000 Bethamangala in the state of Karnataka to Byreddypalli,2026-07,1410.01,22.0,744.42,52.7954,8.34,1.133,99.2,0.15,0.1514,24.0,45.0,-21.0,1.875,1.0,46.4046,0.5322,100.0,-0.8,5,6,0.15,0.28,8.34,503.0,0.24,27.148,0,0,0,1,0,0,Ministry of Road Transport & Highways,Roads & Highways,NHAI,"Multi-States
(Andhra Pradesh,
Karnataka)"
619200,Delhi-Amritsar-Katra Expressway Phase-I Spur-III from Junction with Amritsar- Jalandhar road NH-3 near Bhishambarpura to Junction with Amritsar-Anjala road NH- 354 near Amritsar Airport [Km 71000 to Km 99000 of Amritsar connectivity],2026-07,1641.75,20.0,1364.2,83.0943,18.94,1.4079,33.85,0.27,0.8041,23.0,44.0,-21.0,1.913,1.0,-49.2443,2.4548,100.0,-66.15,5,6,0.27,0.78,18.94,322.96,0.77,76.066,0,0,0,1,0,0,Ministry of Road Transport & Highways,Roads & Highways,NHAI,Punjab
619201,Karnal ring road Lot-4/Pkg-1,2026-07,1741.45,9.0,834.54,47.9221,3.43,0.4127,96.66,0.24,0.2489,24.0,35.0,-11.0,1.4583,1.0,48.7379,0.4958,100.0,-3.34,5,6,0.24,2.25,3.43,373.13,1.732,84.806,0,0,0,1,0,0,Ministry of Road Transport & Highways,Roads & Highways,NHAI,Haryana
619202,Dwarka Expressway from Km -0.600 to Km 5.300 - Pkg-I Shivmurti Chowk-RuB near Dwarka Sector 21,2026-07,2144.67,30.0,3512.17,163.7627,182.94,5.495,98.8,0.0,0.0,24.0,70.0,-46.0,2.9167,1.0,-64.9627,1.6575,100.0,-1.2,5,6,0.0,0.0,182.94,405.31,0.16,425.082,0,0,0,1,0,0,Ministry of Road Transport & Highways,Roads & Highways,NHAI,Delhi
619203,Vadape to Thane from km 539.202 to km 563.000 section of NH-3 new NH-848,2026-07,1252.92,10.0,491.86,39.2571,0.05,0.0102,87.0,6.22,7.6999,30.0,90.0,-60.0,3.0,1.0,47.7429,0.4512,100.0,-13.0,5,6,6.22,6.22,0.05,9.48,2.2,87.55,0,0,0,1,0,0,Ministry of Road Transport & Highways,Roads & Highways,NHAI,Maharashtra
619204,"Capacity Augmentation in the stretch of Pimpri Sado Vadape section of NH848 Km. 460900 to Km. 537000 by Construction of Slip/Service Road on either side at various locations total length 25.140 Km LHSRHS, Flyover 2 x 25m at Borivali Junction Km. 528550 & LVUP 1 x 15m at Sherekarpada Km. 528800",2026-07,372.03,4.0,1.5,0.4032,1.5,,1.0,0.0,0.0,18.0,3.0,15.0,0.1667,0.0,0.5968,0.4032,16.6667,-15.6667,1,2,0.0,,1.5,,0.0,1.5,0,0,0,0,0,0,Ministry of Road Transport & Highways,Roads & Highways,NHAI,Maharashtra
619205,Six Laning of KT/KL Border Thalapaddy -Chengala from Km. 17.200 to Km. 57.20,2026-07,1981.07,18.0,1701.33,85.8793,2.26,0.133,100.0,0.0,0.0,30.0,56.0,-26.0,1.8667,1.0,14.1207,0.8588,100.0,0.0,5,6,0.0,0.0,2.26,640.69,0.2,132.056,0,0,0,1,0,0,Ministry of Road Transport & Highways,Roads & Highways,NHAI,"Multi-States
(Karnataka,
Kerala)"
619206,6L of Perole Nileshwar town to Taliparamba from Km 94.248 to Km 134.650 of NH-66,2026-07,3041.65,16.0,2526.45,83.0618,0.04,0.0016,86.65,0.0,0.0,27.0,57.0,-30.0,2.1111,1.0,3.5882,0.9586,100.0,-13.35,5,6,0.0,0.0,0.04,1422.34,0.73,385.316,0,0,0,1,0,0,Ministry of Road Transport & Highways,Roads & Highways,NHAI,Kerala
619207,Start of Kollam Bypass - Kadambattukonam,2026-07,2641.37,16.0,1990.71,75.3666,0.01,0.0005,81.8,0.0,0.0,29.0,45.0,-16.0,1.5517,1.0,6.4334,0.9214,100.0,-18.2,5,6,0.0,0.0,0.01,1058.85,0.16,224.682,0,0,0,1,0,0,Ministry of Road Transport & Highways,Roads & Highways,NHAI,Kerala
619208,Kadambattukonam-Kazhakuttom,2026-07,3635.64,7.0,2124.13,58.4252,0.04,0.0019,44.34,0.0,0.0,30.0,48.0,-18.0,1.6,1.0,-14.0852,1.3177,100.0,-55.66,5,6,0.0,0.0,0.04,1528.44,0.068,319.97,0,0,0,1,0,0,Ministry of Road Transport & Highways,Roads & Highways,NHAI,Kerala
619209,4L of existing 2/4L stretch from Lonand to Dive Ghat Km 166.400 to Km 220.900 of Mohol Alandi section of NH-965 Pkg - V,2026-05,1709.56,7.0,1125.89,65.8585,0.0,0.0,98.52,0.0,0.0,24.0,48.0,-24.0,2.0,1.0,32.6615,0.6685,100.0,-1.48,3,4,0.0,0.0,0.0,0.0,0.1733,0.0,0,0,0,1,0,0,Ministry of Road Transport & Highways,Roads & Highways,National Highways Authority of India [NHAI],Maharashtra
619210,Dharampuri-Lonand from km. 117.00 to 166.40 Pkg-IV on Mohol-Alandi Section,2026-07,1411.71,8.0,1474.28,104.4322,2.87,0.1951,97.4,0.0,0.0,24.0,58.0,-34.0,2.4167,1.0,-7.0322,1.0722,100.0,-2.6,5,6,0.0,0.0,2.87,427.08,0.08,119.94,0,0,0,1,0,0,Ministry of Road Transport & Highways,Roads & Highways,NHAI,Maharashtra
619211,6L of MH/KN Border Nimbal Village to KN/TS Border Singnodi Village from Km. 97.000 to Km. 162.500 in Yadgir of NH-150C Pkg-III,2026-07,2104.7,13.0,984.28,46.7658,0.33,0.0335,73.9,0.0,0.0,30.0,39.0,-9.0,1.3,1.0,27.1342,0.6328,100.0,-26.1,5,6,0.0,0.0,0.33,189.15,0.18,58.848,0,0,0,1,0,0,Ministry of Road Transport & Highways,Roads & Highways,NHAI,Karnataka
619212,6L Access Controlled Greenfield Highway of Julekal village to Dinnedevarapadu village from Km 242.200 to Km 280.400 Pkg-2,2026-07,1227.57,12.0,539.17,43.9217,11.12,2.1059,70.6,2.07,3.0206,24.0,42.0,-18.0,1.75,1.0,26.6783,0.6221,100.0,-29.4,5,6,2.07,2.07,11.12,11.36,1.52,9.944,0,0,0,1,0,0,Ministry of Road Transport & Highways,Roads & Highways,NHAI,"Multi-States
(Andhra Pradesh,
Telangana)"
619213,6L of Hatibena - Badakumari Section from Km 146.50 to km 179.00 of NH-130-CD Package OD-2,2026-07,791.17,13.0,733.61,92.7247,0.03,0.0041,99.99,0.04,0.04,24.0,52.0,-28.0,2.1667,1.0,7.2653,0.9273,100.0,-0.01,5,6,0.04,0.04,0.03,6.19,0.198,52.838,0,0,0,1,0,0,Ministry of Road Transport & Highways,Roads & Highways,NHAI,Odisha
619214,4L of Channarayapatna Bypass and Hassan Bypass with structures in Devihalli - Hassan section,2026-07,688.0,9.0,600.43,87.2718,0.0,0.0,82.34,0.0,0.0,24.0,66.0,-42.0,2.75,1.0,-4.9318,1.0599,100.0,-17.66,5,6,0.0,0.0,0.0,14.37,0.068,37.082,0,0,0,1,0,0,Ministry of Road Transport & Highways,Roads & Highways,NHAI,Karnataka
619215,Cuttack-Angul Section of NH-42 New NH-55 from Km.60.200 to Km. 112.000 Pkg-II in the State of Odisha,2026-07,991.41,5.0,1083.8,109.3191,0.04,0.0037,99.66,0.0,0.0,30.0,100.0,-70.0,3.3333,1.0,-9.6591,1.0969,100.0,-0.34,5,6,0.0,0.0,0.04,583.55,0.132,210.092,0,0,0,1,0,0,Ministry of Road Transport & Highways,Roads & Highways,NHAI,Odisha
619216,6L access Controlled Greenfield Highway from Adhoya Musalmana to Sadopur section of Shamli -Ambala Package-III Design Ch. Form km 84.400 to km 121.786,2026-07,1491.72,12.0,791.92,53.0877,67.43,9.3072,81.33,1.77,2.2247,24.0,38.0,-14.0,1.5833,1.0,28.2423,0.6527,100.0,-18.67,5,6,1.77,6.35,67.43,70.78,2.066,29.562,0,0,0,1,0,0,Ministry of Road Transport & Highways,Roads & Highways,NHAI,"Multi-States
(Haryana, Punjab)"
619217,4L of Haridwar-Nagina section from km. 0.00 to km. 71.614 of NH-74,2026-07,1659.12,25.0,1546.89,93.2356,5.9,0.3829,99.85,0.0,0.0,30.0,102.0,-72.0,3.4,1.0,6.6144,0.9338,100.0,-0.15,5,6,0.0,2.21,5.9,704.21,0.57,276.682,0,0,0,1,0,0,Ministry of Road Transport & Highways,Roads & Highways,NHAI,"Multi-States (Uttar
Pradesh,
Uttarakhand)"
619218,4L Tumkur-Shimoga Pkg-I from Mallasandra to Karadi village of NH-206 from Km. 12.300 to Km. 65.195,2026-07,1364.14,20.0,1336.55,97.9775,0.05,0.0037,100.0,0.0,0.0,24.0,81.0,-57.0,3.375,1.0,2.0225,0.9798,100.0,0.0,5,6,0.0,0.0,0.05,721.82,0.0,231.91,0,0,0,1,0,0,Ministry of Road Transport & Highways,Roads & Highways,NHAI,Karnataka
619219,4L of Tumkur-Shimoga Pkg-II from Km 65.195 Karadi to Km 121.900 Banawara of NH-206,2026-07,1505.85,20.0,1298.78,86.249,0.79,0.0609,99.98,0.0,0.0,24.0,81.0,-57.0,3.375,1.0,13.731,0.8627,100.0,-0.02,5,6,0.0,0.01,0.79,642.26,0.196,222.058,0,0,0,1,0,0,Ministry of Road Transport & Highways,Roads & Highways,NHAI,Karnataka
619220,Tumkur-Shimoga Pkg-III from Km 121.900 Banawara to Km 170.415 Bettadahalli of Old NH-206,2026-07,1444.5,37.0,872.97,60.4341,0.05,0.0057,98.0,0.0,0.0,24.0,64.0,-40.0,2.6667,1.0,37.5659,0.6167,100.0,-2.0,5,6,0.0,0.25,0.05,0.52,0.4,76.024,0,0,0,1,0,0,Ministry of Road Transport & Highways,Roads & Highways,NHAI,Karnataka
619221,Realignment of Rudrapur-Kathgodam Section of NH-87 New NH-109 From Design Chainage 000 Existing Chainage Km.54050 To Design Chainage 7875 Existing Chainage Km.61550 Due To Proposed Expansion Of Pantnagar Airport in the state of Uttarakhand.,2026-07,252.97,10.0,0.14,0.0553,,,0.0,,,15.0,1.0,14.0,0.0667,0.0,-0.0553,,6.6667,-6.6667,0,1,,,,,,,0,1,0,0,0,0,Ministry of Road Transport & Highways,Roads & Highways,NHAI,Uttarakhand
619222,"Balance works of four lane from km 43.950 Thiruvallur Bypass to km 61.470 Veppampattu Bypass passing through Thannerkulam, Thozur and Sevapet Bypass 17.520 kms of Tirupathi- Tiruttani- Chennai section of NH 205",2026-07,467.99,6.0,595.08,127.1566,0.65,0.1093,97.92,0.0,0.0,24.0,46.0,-22.0,1.9167,1.0,-29.2366,1.2986,100.0,-2.08,5,6,0.0,0.0,0.65,143.61,0.184,30.25,0,0,0,1,0,0,Ministry of Road Transport & Highways,Roads & Highways,NHAI,Tamil Nadu
619223,Petro Resid Fluidized Catalytic Cracking [PRFCC] Unit and its associated facilities at Mumbai Refinery,2026-07,13626.0,0.0,93.6,0.6869,11.73,14.3276,7.2,1.1,18.0328,52.0,14.0,38.0,0.2692,0.0,6.5131,0.0954,26.9231,-19.7231,5,6,1.1,1.9,11.73,29.7,0.84,13.48,0,0,0,0,0,0,Ministry of Petroleum & Natural Gas,Oil & Gas,Bharat Petroleum Corporation Limited [BPCL],Maharashtra
619224,Augmentation of DUPL-DPPL Pipeline,2026-07,844.0,0.0,1.2,0.1422,0.59,96.7213,8.2,0.9,12.3288,33.0,13.0,20.0,0.3939,0.0,8.0578,0.0173,39.3939,-31.1939,5,6,0.9,1.5,0.59,0.59,1.64,0.24,0,0,0,0,0,0,Ministry of Petroleum & Natural Gas,Oil & Gas,Gas Authority of India Limited [GAIL],Maharashtra
619225,Installation of Compression facility at GAIL Usar,2026-07,260.2,0.0,0.0,0.0,0.0,,0.0,0.0,,24.0,15.0,9.0,0.625,0.0,0.0,,62.5,-62.5,5,6,0.0,0.0,0.0,0.0,0.0,0.0,0,0,0,0,0,0,Ministry of Petroleum & Natural Gas,Oil & Gas,Gas Authority of India Limited [GAIL],Maharashtra
619226,Provision of four bitumen tanks with capacity of 5 TMT each at Visakh Refinery,2026-07,258.34,0.0,8.67,3.356,1.55,21.7697,20.2,4.5,28.6624,30.0,10.0,20.0,0.3333,0.0,16.844,0.1661,33.3333,-13.1333,5,6,4.5,6.0,1.55,4.02,2.64,1.604,0,0,0,0,0,0,Ministry of Petroleum & Natural Gas,Oil & Gas,Hindustan Petroleum Corporation Limited,Andhra Pradesh
619227,Network Expansion Scheme in Maharashtra for removal of Transmission constraints in Pune Region-I [765/400kV AIS Pune East],2026-07,1420.0,0.0,38.9,2.7394,30.95,389.3082,3.92,3.42,684.0,24.0,4.0,20.0,0.1667,0.0,1.1806,0.6988,16.6667,-12.7467,3,4,3.42,3.42,30.95,36.06,1.14,12.02,0,0,0,0,0,0,Ministry of Power,Transmission & Distribution,Power Grid Corporation of India Limited [POWERGRID],Maharashtra
619228,Transmission System Strengthening for integration of additional RE Potential at Davanagere [0.25 GW] and Bellary [2.75 GW],2026-07,1111.0,0.0,22.22,2.0,8.78,65.3274,1.0,0.0,0.0,24.0,5.0,19.0,0.2083,0.0,-1.0,2.0,20.8333,-19.8333,3,4,0.0,0.0,8.78,16.72,0.0,5.5733,0,0,0,0,0,0,Ministry of Power,Transmission & Distribution,Power Grid Corporation of India Limited [POWERGRID],Karnataka
619229,"Integrated development of Outer Container Terminal and berth No. 1 though 5 NSD at KDS, SMPK on DBFOT basis through PPP mode",2026-06,832.25,23.0,0.0,0.0,0.0,,0.0,0.0,,18.0,-8.0,26.0,-0.4444,0.0,0.0,,0.0,0.0,1,2,0.0,,0.0,,0.0,0.0,0,0,0,0,0,0,"Ministry of Ports, Shipping and Waterways",Shipping,Syama Prasad Mookerjee Port Kolkata,West Bengal
619248,"lmprovement and Widening to 2-lane with Paved Shoulder of NH-13 & 15 Old NH-52 from Existing Km 745.60 Design Km 0.000 to Existing km 770.600 Design Km 24.819 Brahmakund T-junction to Kamlang T-Junction, Existing Length 25.00 Km, Design Length 24.819 Km in the state of Arunachal Pradesh on EPC mode Pkg-1",2026-07,441.41,30.0,25.88,5.863,25.88,,14.69,14.69,,24.0,1.0,23.0,0.0417,0.0,8.827,0.3991,4.1667,10.5233,1,2,14.69,,25.88,,14.69,25.88,0,0,0,0,0,0,Ministry of Road Transport & Highways,Roads & Highways,NHIDCL,Arunachal Pradesh
619251,Construction of two lane with paved shoulder of Ghatol Bypass from km 133.250 to km 140.950 of NH-56 old NH No. 113 on EPC mode in the State of Rajasthan.,2026-07,170.49,12.0,0.0,0.0,0.0,,17.0,6.0,54.5455,18.0,4.0,14.0,0.2222,0.0,17.0,0.0,22.2222,-5.2222,4,5,6.0,17.0,0.0,0.0,4.25,0.0,0,0,0,0,0,0,Ministry of Road Transport & Highways,Roads & Highways,MoRTH,Rajasthan
619253,Construction of 4 lane Bypass to Nalgonda Town lrorn Km 000 Existing Ch. 181590 to Km 14.00 Existing Ch. 28/685 ol Nakrekal to Nagarjunsagar Section of NH -565 in the State of Telangara on EPC under Annual Plan 2024 -25,2026-07,516.17,12.0,0.0,0.0,0.0,,55.62,6.28,12.728,24.0,9.0,15.0,0.375,0.0,55.62,0.0,37.5,18.12,3,4,6.28,8.42,0.0,0.0,4.1633,0.0,0,0,0,0,0,0,Ministry of Road Transport & Highways,Roads & Highways,MoRTH,Telangana
619265,Rehabilitation & Upgradation of Thorrur to Nehru Nagar section to Two Lane with Paved shoulders from Km 109/420 to Km 178/500 of NH 930P in the state of Telangana on EPC mode under Annual Plan 2022-2023,2026-07,675.45,18.0,0.0,0.0,,,0.0,,,24.0,0.0,24.0,0.0,0.0,0.0,,0.0,0.0,0,1,,,,,,,0,1,0,0,0,0,Ministry of Road Transport & Highways,Roads & Highways,MoRTH,Telangana
619270,"Upgradation of 6 laned Jaipur- Kishangarh section of NH-48 from km 274100 to 363885 involving construction of flyovers and Service road in Rajasthan On Engineering, Procurement & Construction EPC Mode",2026-07,910.91,5.0,0.0,0.0,0.0,,0.0,0.0,,29.0,-1.0,30.0,-0.0345,0.0,0.0,,0.0,0.0,1,2,0.0,,0.0,,0.0,0.0,0,0,0,0,0,0,Ministry of Road Transport & Highways,Roads & Highways,NHAI,Rajasthan
619271,Construction of Elevated Corridor at Kherwara Town on Udaipur Ratanpur Shamlaji Section of NH-48 in Udaipur District in the State of Rajasthan on EPC mode,2026-07,363.89,4.0,0.38,0.1044,0.0,0.0,0.0,0.0,,30.0,0.0,30.0,0.0,0.0,-0.1044,,0.0,0.0,1,2,0.0,,0.0,,0.0,0.0,0,0,0,0,0,0,Ministry of Road Transport & Highways,Roads & Highways,NHAI,Rajasthan
619289,4L of Munger Mirzachauki section from Munger to Kharia village junction from Km 69520 to Km 95580 Pkg-1,2026-07,1659.81,14.0,685.48,41.2987,14.92,2.225,82.72,0.0,0.0,24.0,52.0,-28.0,2.1667,1.0,41.4213,0.4993,100.0,-17.28,4,5,0.0,4.63,14.92,138.47,1.8175,60.0275,0,0,0,1,0,0,Ministry of Road Transport & Highways,Roads & Highways,NHAI,Bihar
619291,4L Poanta SahebMednipur from Km. 435.65 to km. 458.65 of NH-07Pkg-1,2026-06,524.54,14.0,319.77,60.962,65.5,25.76,94.25,0.0,0.0,24.0,37.0,-13.0,1.5417,1.0,33.288,0.6468,100.0,-5.75,3,4,0.0,0.0,65.5,65.89,0.0,29.0067,0,0,0,1,0,0,Ministry of Road Transport & Highways,Roads & Highways,NHAI,"Multi-States
(Himachal
Pradesh,
Uttarakhand)"
619292,4L Medinipur to Ballupur from Km. 458.65 to Km. 487.65 of NH-07Pkg-2,2026-07,1092.9,11.0,739.13,67.6302,2.42,0.3285,93.9,0.0,0.0,24.0,41.0,-17.0,1.7083,1.0,26.2698,0.7202,100.0,-6.1,4,5,0.0,0.0,2.42,3.06,0.0,6.7725,0,0,0,1,0,0,Ministry of Road Transport & Highways,Roads & Highways,NHAI,Uttarakhand
619293,Construction of 4 Lane Access Controlled Bypass for Dehradun on NH307 from Design Chainage km 0050 Jhajra on NH-07 to Design Chainage km 12220 Asharori on EPC Mode in the State of Uttarakhand under NHO,2026-07,715.97,16.0,191.78,26.786,12.75,7.1217,62.79,4.7,8.0909,24.0,15.0,9.0,0.625,0.0,36.004,0.4266,62.5,0.29,4,5,4.7,7.93,12.75,32.6,4.8775,19.115,0,0,0,0,0,0,Ministry of Road Transport & Highways,Roads & Highways,NHAI,Uttarakhand
619294,Road Safety Improvement of existing four lane section of Dehradun-Lal Tappar-Nepali Farm Section of NH-7 and Nepali Farm-Motichur NH-34 on EPC Mode in Uttarakhand under NHO.,2026-07,720.67,9.0,10.86,1.5069,8.16,302.2222,5.13,0.11,2.1912,30.0,5.0,25.0,0.1667,0.0,3.6231,0.2937,16.6667,-11.5367,4,5,0.11,4.13,8.16,8.26,1.2825,2.715,0,0,0,0,0,0,Ministry of Road Transport & Highways,Roads & Highways,NHAI,Uttarakhand
619295,Four/Six laning of Bhaniyawala-Jollygrant-Rishikesh spur section of NH-07 from Km. 0.000 to Km 19.780,2026-07,742.43,34.0,13.35,1.7981,0.88,7.0569,0.0,0.0,,23.0,7.0,16.0,0.3043,0.0,-1.7981,,30.4348,-30.4348,4,5,0.0,0.0,0.88,12.83,0.0,3.2625,0,0,0,0,0,0,Ministry of Road Transport & Highways,Roads & Highways,NHAI,Uttarakhand
619297,Upgradation of Existing Two Lane Carriageway to Two Lane Carriageway with Paved Shoulder from Ch. 665686 Existing Km. 665.686 in Khanpur Village in Vansda Taluka to Ch. 710470 Existing Km. 710.483 in Karvad Village in Vapi Taluka Length 44.784 Km Section of NH-56 in the State of Gujarat on EPC Mode,2026-07,647.2,5.0,9.24,1.4277,,,0.0,,,24.0,0.0,24.0,0.0,0.0,-1.4277,,0.0,0.0,0,1,,,,,,,0,1,0,0,0,0,Ministry of Road Transport & Highways,Roads & Highways,NHAI,Gujarat
619298,Construction of 6 Lane Elevated corridor from KM 612582 to KM 617540 including construction of Service Roads in Kolhapur City on NH -48 in the State of Maharashtra on EPC mode under NHO,2026-07,1039.0,4.0,0.06,0.0058,0.06,,0.0,0.0,,36.0,1.0,35.0,0.0278,0.0,-0.0058,,2.7778,-2.7778,1,2,0.0,,0.06,,0.0,0.06,0,0,0,0,0,0,Ministry of Road Transport & Highways,Roads & Highways,NHAI,Maharashtra
619299,Construction of a 6-Lane Elevated Corridor from Km 593766 to Km 596620 Including Construction of Service Roads in Kagal City on NH-48 in the State of Maharashtra on EPC Mode.,2026-07,357.99,3.0,0.08,0.0223,0.08,,0.0,0.0,,24.0,1.0,23.0,0.0417,0.0,-0.0223,,4.1667,-4.1667,1,2,0.0,,0.08,,0.0,0.08,0,0,0,0,0,0,Ministry of Road Transport & Highways,Roads & Highways,NHAI,Maharashtra
619300,Construction of Four Lane Nagpur-Katol section of NH-353J including Mitigation Structures from Design Ch. 37000 to Ch. 45990 Tiger Corridor-I Mitigation Structures from Design Ch. 37000 to Ch. 45990 Tiger Corridor-I in the State of Maharashtra on EPC Mode,2026-07,300.68,5.0,0.0,0.0,0.0,,0.0,0.0,,18.0,1.0,17.0,0.0556,0.0,0.0,,5.5556,-5.5556,1,2,0.0,,0.0,,0.0,0.0,0,0,0,0,0,0,Ministry of Road Transport & Highways,Roads & Highways,NHAI,Maharashtra
619301,Construction of Approach Road to Rail-cum- Road Bridge across river Ganga at Munger Ghat NH-333 B,2026-07,537.88,65.0,573.97,106.7097,0.07,0.0122,99.99,0.0,0.0,29.0,91.0,-62.0,3.1379,1.0,-6.7197,1.0672,100.0,-0.01,4,5,0.0,0.0,0.07,373.39,0.0,94.05,0,0,0,1,0,0,Ministry of Road Transport & Highways,Roads & Highways,NHAI,Bihar
619305,4L of Munger Mirzachauki section from start of existing Bhagalpur bypass to Rasulpur from Km 125000 to Km 157350 Pkg-3,2026-07,1769.5,15.0,675.5,38.1746,2.83,0.4207,77.3,0.0,0.0,24.0,51.0,-27.0,2.125,1.0,39.1254,0.4939,100.0,-22.7,4,5,0.0,1.29,2.83,101.4,1.3,42.8325,0,0,0,1,0,0,Ministry of Road Transport & Highways,Roads & Highways,NHAI,Bihar
619306,4L of Munger Mirzachauki section from Km 95580 to Km 125000 Pkg-2,2026-07,1020.84,13.0,643.0,62.9873,9.59,1.514,95.9,0.59,0.619,24.0,52.0,-28.0,2.1667,1.0,32.9127,0.6568,100.0,-4.1,4,5,0.59,2.77,9.59,162.47,0.6925,47.6975,0,0,0,1,0,0,Ministry of Road Transport & Highways,Roads & Highways,NHAI,Bihar
619307,4L of Munger Mirzachauki section from Km 157350 to Km 193931 Pkg-4,2026-07,1376.56,18.0,893.34,64.8966,0.06,0.0067,92.74,0.74,0.8043,24.0,47.0,-23.0,1.9583,1.0,27.8434,0.6998,100.0,-7.26,4,5,0.74,0.9,0.06,384.98,0.5025,116.31,0,0,0,1,0,0,Ministry of Road Transport & Highways,Roads & Highways,NHAI,"Multi-States
(Bihar, Jharkhand)"
619308,6L access-controlled highway from Ganeshpur tonear Mohand of Ganeshpur Dehradun section from Km.0 to Km.8.3 of NH-72A Package-1,2026-07,836.24,11.0,811.86,97.0846,0.02,0.0025,98.92,0.0,0.0,24.0,57.0,-33.0,2.375,1.0,1.8354,0.9814,100.0,-1.08,4,5,0.0,0.0,0.02,3.1,0.0,0.9725,0,0,0,1,0,0,Ministry of Road Transport & Highways,Roads & Highways,NHAI,Uttar Pradesh
619311,Kalai-II Hydro Electric Project [1200 MW],2026-07,14105.83,0.0,189.68,1.3447,1.06,0.562,0.0,0.0,,78.0,3.0,75.0,0.0385,0.0,-1.3447,,3.8462,-3.8462,3,4,0.0,0.0,1.06,1.54,0.0,0.84,0,0,0,0,0,0,Ministry of Power,Electricity Generation,THDC India Limited,Arunachal Pradesh
619312,Bulk Loading Hub- Kanpur,2026-07,186.0,0.0,104.24,56.043,9.03,9.4843,62.5,2.5,4.1667,24.0,10.0,14.0,0.4167,0.0,6.457,0.8967,41.6667,20.8333,3,4,2.5,4.5,9.03,9.03,2.8333,3.9233,0,0,0,0,0,0,Ministry of Petroleum & Natural Gas,Oil & Gas,Bharat Petroleum Corporation Limited [BPCL],Uttar Pradesh
619313,Setting up of 50 MW [plus/minus 5 percent] Wind Power Plant for Captive Consumption at MR,2026-07,483.14,0.0,380.62,78.7805,20.34,5.6456,77.9,12.0,18.2094,47.0,38.0,9.0,0.8085,0.0,-0.8805,1.0113,80.8511,-2.9511,3,4,12.0,16.1,20.34,20.43,6.6667,30.9433,0,0,0,0,0,0,Ministry of Petroleum & Natural Gas,Energy Storage,Bharat Petroleum Corporation Limited [BPCL],Maharashtra
619314,Pipeline Replacement Project- PRP-IX,2026-07,6684.0,0.0,979.47,14.6539,115.19,13.3279,23.5,2.3,10.8491,21.0,11.0,10.0,0.5238,0.0,8.8461,0.6236,52.381,-28.881,3,4,2.3,9.0,115.19,389.84,4.0667,152.92,0,0,0,0,0,0,Ministry of Petroleum & Natural Gas,Oil & Gas,Oil and Natural Gas Corporation Limited [ONGC],Offshore
619316,"Group Gathering Station, Lakwagaon",2026-07,495.59,0.0,20.04,4.0437,0.0,0.0,7.8,0.0,0.0,24.0,9.0,15.0,0.375,0.0,3.7563,0.5184,37.5,-29.7,3,4,0.0,0.0,0.0,0.0,0.7,0.6667,0,0,0,0,0,0,Ministry of Petroleum & Natural Gas,Oil & Gas,Oil India Limited,Assam
619317,4L of Hajipur-Muzaffarpur Section of the existing NH-77 from Km. 0000 Ramashish Chowk to Km. 46300 and new bypass starting at Km. 46300 and connecting NH-28 of E-W Corridor at Km. 515045,2026-07,2723.39,0.0,2160.8,79.3423,0.0,0.0,99.45,0.0,0.0,30.0,191.0,-161.0,6.3667,1.0,20.1077,0.7978,100.0,-0.55,3,4,0.0,0.0,0.0,1231.54,0.0,711.3533,0,0,0,1,0,0,Ministry of Road Transport & Highways,Roads & Highways,NHAI,Bihar
619318,4/6L Greenfield Ludhiana Rupnagar highway from Jn. with NE-5 village near to ManewalLudhiana to Jn. with NH-205 near Bheora Village Rupnagar from Km. 0.00 to Km. 37.7 including spur to Kharar with Ludhiana bypass of NH-205K Pkg-1,2026-07,1368.91,19.0,533.33,38.9602,3.01,0.5676,15.31,0.0,0.0,24.0,43.0,-19.0,1.7917,1.0,-23.6502,2.5448,100.0,-84.69,3,4,0.0,0.0,3.01,45.1,0.0,15.1133,0,0,0,1,0,0,Ministry of Road Transport & Highways,Roads & Highways,NHAI,Punjab
619320,Muzaffarpur - Sonbarsa Section of NH-77 from km 2.800 to km 89.000,2026-05,2290.72,0.0,468.71,20.4613,0.0,0.0,100.0,0.0,0.0,30.0,180.0,-150.0,6.0,1.0,79.5387,0.2046,100.0,0.0,1,2,0.0,,0.0,,0.0,0.0,0,0,0,1,0,0,Ministry of Road Transport & Highways,Roads & Highways,NHAI,Bihar
619321,Balance work of widening to two laning/re-alignment and geometric improvement from Km. 11000 to Km. 114618 with rectification of damaged stretches and provision of protection works in vulnerable location of NH-44 in the State of Mizoram.,2026-07,170.96,7.0,0.0,0.0,0.0,,2.0,0.0,0.0,24.0,2.0,22.0,0.0833,0.0,2.0,0.0,8.3333,-6.3333,2,3,0.0,2.0,0.0,0.0,1.0,0.0,0,0,0,0,0,0,Ministry of Road Transport & Highways,Roads & Highways,MoRTH,Mizoram
619326,Nidadavolu-Duvvada 3rd & 4th Lines,2026-06,9889.24,0.0,0.0,0.0,-0.01,-100.0,0.01,0.0,0.0,69.0,2.0,67.0,0.029,0.0,0.01,0.0,2.8986,-2.8886,1,2,0.0,,-0.01,,0.0,-0.01,0,0,0,0,0,0,Ministry of Railways,Railways,South Central Railway [SCR] - II,Andhra Pradesh
619328,ONGC-BP Redevelopment Phase-1 Scheme of Mumbai High Field,2026-07,3713.4,0.0,2304.68,62.0639,747.18,47.973,56.3,3.1,5.8271,16.0,8.0,8.0,0.5,0.0,-5.7639,1.1024,50.0,6.3,2,3,3.1,3.1,747.18,747.18,1.55,373.59,0,0,0,0,0,0,Ministry of Petroleum & Natural Gas,Oil & Gas,Oil and Natural Gas Corporation Limited [ONGC],Maharashtra
619341,"Telangana Super Thermal Power Project , Stage-II [3 x 800 MW]",2026-07,29344.85,0.0,732.96,2.4977,3.33,0.4564,0.97,0.19,24.359,70.0,4.0,66.0,0.0571,0.0,-1.5277,2.575,5.7143,-4.7443,2,3,0.19,0.84,3.33,3.33,0.42,1.665,0,0,0,0,0,0,Ministry of Power,Electricity Generation,National Thermal Power Corporation [NTPC],Telangana
619347,Balance Work Estimate of Rehabilitation and Up-gradation of NH- 43 from Km. 468.600 to Km. 531.250 Pathalgaon to kunkuri Section to two-lane with paved shoulder in the State of Chhattisgarh on SBD mode under NHO under Annual plan 2025-26,2026-07,201.16,3.0,0.0,0.0,0.0,,0.0,0.0,,24.0,1.0,23.0,0.0417,0.0,0.0,,4.1667,-4.1667,1,2,0.0,,0.0,,0.0,0.0,0,0,0,0,0,0,Ministry of Road Transport & Highways,Roads & Highways,MoRTH,Chhattisgarh
635651,"New Product Testing Laboratory for NPM, SPP & NHSM at RSP",2026-07,155.26,1.0,56.24,36.2231,,,71.75,,,25.0,12.0,13.0,0.48,0.0,35.5269,0.5049,48.0,23.75,0,1,,,,,,,0,1,0,0,0,0,Ministry of Steel,Steel,Steel Authority of India Limited (SAIL,Odisha
660056,Amended BharatNet Program - KL,2026-07,765.0,22.0,94.95,12.4118,,,1.63,,,36.0,13.0,23.0,0.3611,0.0,-10.7818,7.6146,36.1111,-34.4811,0,1,,,,,,,0,1,0,0,0,0,Department of Telecommunications,Telecommunication,Department of Telecommunications,PAN India
665021,Amended BharatNet Program - UKD,2026-07,1821.0,21.0,209.87,11.525,,,20.54,,,36.0,14.0,22.0,0.3889,0.0,9.015,0.5611,38.8889,-18.3489,0,1,,,,,,,0,1,0,0,0,0,Department of Telecommunications,Telecommunication,Department of Telecommunications,PAN India
701101,"Construction of New Domestic Terminal Building [Phase-I and II] and other allied structures at JPNI Airport, Patna",2026-07,1216.9,0.0,1203.48,98.8972,1.41,0.1173,99.26,0.07,0.0706,91.0,93.0,-2.0,1.022,1.0,0.3628,0.9963,100.0,-0.74,7,8,0.07,0.75,1.41,1.56,0.3229,5.2529,0,0,0,1,0,0,Ministry of Civil Aviation,Aviation & Aviation Infrastructure,Airport Authority of India [AAI],Bihar
701105,Goa Airport Terminal Building Extension Project,2026-05,255.69,25.0,158.78,62.0986,2.08,1.3274,100.0,0.0,0.0,24.0,77.0,-53.0,3.2083,1.0,37.9014,0.621,100.0,0.0,5,6,0.0,0.25,2.08,2.08,0.4,0.896,0,0,0,1,0,0,Ministry of Civil Aviation,Aviation & Aviation Infrastructure,Airport Authority of India [AAI],Goa
701107,Construction of New Integrated Terminal Building and associated works including apron to park 3 code E type of aircraft or 6 code C type of aircraft at Vijayawada Airport.,2026-07,611.8,3.0,572.99,93.6564,45.25,8.5743,89.7,1.45,1.6431,24.0,70.0,-46.0,2.9167,1.0,-3.9564,1.0441,100.0,-10.3,7,8,1.45,2.5,45.25,49.85,0.3857,7.1214,0,0,0,1,0,0,Ministry of Civil Aviation,Aviation & Aviation Infrastructure,Airport Authority of India [AAI],Andhra Pradesh
701113,"Development of Lal Bahadur Shastri International airport, Varanasi including C/o New Terminal Building, Apron Extension, Runway Extension, PTT and allied works.",2026-07,2869.65,0.0,746.93,26.0286,69.72,10.2952,33.0,2.0,6.4516,36.0,24.0,12.0,0.6667,0.0,6.9714,0.7887,66.6667,-33.6667,7,8,2.0,4.0,69.72,120.78,1.7143,48.0814,0,0,0,0,0,0,Ministry of Civil Aviation,Aviation & Aviation Infrastructure,Airport Authority of India [AAI],Uttar Pradesh
701121,Construction of New Domestic Terminal Building at Rajahmundry Airport.,2026-07,347.15,8.0,189.48,54.5816,0.0,0.0,96.0,1.5,1.5873,24.0,35.0,-11.0,1.4583,1.0,41.4184,0.5686,100.0,-4.0,7,8,1.5,4.0,0.0,0.0,4.0,8.5957,0,0,0,1,0,0,Ministry of Civil Aviation,Aviation & Aviation Infrastructure,Airport Authority of India [AAI],Andhra Pradesh
701122,Development of New Integrated Civil Enclave at Agra Airport,2026-07,579.0,1.0,224.58,38.7876,7.16,3.2932,44.94,1.72,3.9796,24.0,24.0,0.0,1.0,0.0,6.1524,0.8631,100.0,-55.06,7,8,1.72,3.23,7.16,15.9,2.42,12.9686,0,0,0,0,0,0,Ministry of Civil Aviation,Aviation & Aviation Infrastructure,Airport Authority of India [AAI],Uttar Pradesh
701126,"Development of Dholera International Greenfield Airport , Gujarat",2026-07,1305.0,1.0,966.36,74.0506,17.12,1.8035,88.0,1.0,1.1494,47.0,48.0,-1.0,1.0213,1.0,13.9494,0.8415,100.0,-12.0,7,8,1.0,4.0,17.12,43.58,2.2857,32.37,0,0,0,1,0,0,Ministry of Civil Aviation,Aviation & Aviation Infrastructure,Airport Authority of India [AAI],Gujarat
701127,Construction of New Passenger Terminal Building for Domestic Operations at Jodhpur Airport.,2026-07,480.0,11.0,348.2,72.5417,0.19,0.0546,100.0,0.0,0.0,34.0,38.0,-4.0,1.1176,1.0,27.4583,0.7254,100.0,0.0,7,8,0.0,2.15,0.19,2.75,1.0,2.5071,0,0,0,1,0,0,Ministry of Civil Aviation,Aviation & Aviation Infrastructure,Airport Authority of India [AAI],Rajasthan
701128,Construction of New Integrated Passenger Terminal Building at Udaipur Airport,2026-07,887.0,5.0,587.22,66.2029,21.81,3.8574,78.71,4.0,5.354,28.0,32.0,-4.0,1.1429,1.0,12.5071,0.8411,100.0,-21.29,7,8,4.0,7.0,21.81,49.22,3.1014,17.8343,0,0,0,1,0,0,Ministry of Civil Aviation,Aviation & Aviation Infrastructure,Airport Authority of India [AAI],Rajasthan
701167,AIIMS Kashmir at Awantipora Jammu & Kashmir,2026-07,1828.0,2.0,1602.61,87.6701,8.39,0.5263,79.0,1.0,1.2821,81.0,88.0,-7.0,1.0864,1.0,-8.6701,1.1097,100.0,-21.0,7,8,1.0,2.0,8.39,29.46,1.0,15.8057,0,0,0,1,0,0,Ministry of Health & Family Welfare,Healthcare,PMSSY AND Institute of NATIONAL Importance,"Jammu and
Kashmir"
701168,ALL India Institute of Medical Sciences-AIIMS Madurai,2026-07,1264.0,0.0,540.92,42.7943,18.2,3.4818,54.0,2.0,3.8462,44.0,91.0,-47.0,2.0682,1.0,11.2057,0.7925,100.0,-46.0,7,8,2.0,3.0,18.2,52.66,1.5714,24.9043,0,0,0,1,0,0,Ministry of Health & Family Welfare,Healthcare,PMSSY AND Institute of NATIONAL Importance,Tamil Nadu
701170,AIIMS Rajkot,2026-07,1195.0,0.0,805.48,67.4042,12.45,1.5699,94.0,0.15,0.1598,86.0,90.0,-4.0,1.0465,1.0,26.5958,0.7171,100.0,-6.0,7,8,0.15,0.15,12.45,28.38,0.1429,4.4114,0,0,0,1,0,0,Ministry of Health & Family Welfare,Healthcare,PMSSY AND Institute of NATIONAL Importance,Gujarat
701171,AIIMS Bibinagar,2026-07,1028.0,43.0,1028.94,100.0914,38.96,3.9354,87.58,0.26,0.2978,47.0,48.0,-1.0,1.0213,1.0,-12.5114,1.1429,100.0,-12.42,7,8,0.26,0.26,38.96,38.96,0.2257,12.7457,0,0,0,1,0,0,Ministry of Health & Family Welfare,Healthcare,PMSSY AND Institute of NATIONAL Importance,Telangana
701172,AIIMS Darbhanga,2026-07,2006.07,0.0,40.33,2.0104,12.52,45.0198,1.12,1.12,,106.0,70.0,36.0,0.6604,0.0,-0.8904,1.795,66.0377,-64.9177,7,8,1.12,1.12,12.52,40.33,0.16,5.7614,0,0,0,0,0,0,Ministry of Health & Family Welfare,Healthcare,PMSSY AND Institute of NATIONAL Importance,Bihar
701173,AIIMS Majra Rewari Haryana,2026-07,1299.0,0.0,747.62,57.5535,30.2,4.2095,67.45,2.6,4.0093,94.0,89.0,5.0,0.9468,0.0,9.8965,0.8533,94.6809,-27.2309,7,8,2.6,5.37,30.2,58.2,3.2071,38.2343,0,0,0,0,0,0,Ministry of Health & Family Welfare,Healthcare,Ministry of Health and Family Welfare,Haryana
701228,Kochi - Koottanad - Bangalore - Mangalore Pipeline Phase-II,2026-07,2915.0,0.0,4881.8,167.4717,25.5,0.5251,97.4,0.4,0.4124,42.0,205.0,-163.0,4.881,1.0,-70.0717,1.7194,100.0,-2.6,7,8,0.4,0.6,25.5,83.2,0.3429,47.6443,0,0,0,1,0,0,Ministry of Petroleum & Natural Gas,Oil & Gas,Gas Authority of India Limited [GAIL],Tamil Nadu
701263,Rajasthan Refinery Project,2026-05,43129.0,0.0,69996.68,162.2961,794.47,1.148,92.1,0.2,0.2176,60.0,103.0,-43.0,1.7167,1.0,-70.1961,1.7622,100.0,-7.9,5,6,0.2,0.5,794.47,1158.99,0.42,1285.028,0,0,0,1,0,0,Ministry of Petroleum & Natural Gas,Energy Storage,MinistryofPetroleumNaturalGas,Rajasthan
701289,Capacity Expansion of Panipat Refinery from 15 to 25 MMTPA,2026-07,34627.0,0.0,28007.35,80.883,489.32,1.7782,94.3,0.3,0.3191,43.0,65.0,-22.0,1.5116,1.0,13.417,0.8577,100.0,-5.7,7,8,0.3,0.7,489.32,992.91,0.4714,25.4443,0,0,0,1,0,0,Ministry of Petroleum & Natural Gas,Oil & Gas,Indian Oil Corporation Limited [IOCL],Haryana
701324,Barauni Refinery Capacity Expansion from 6.0 to 9.0 MMTPA,2026-07,14810.0,0.0,13089.84,88.3851,-61900.46,-82.5446,91.8,0.2,0.2183,39.0,78.0,-39.0,2.0,1.0,3.4149,0.9628,100.0,-8.2,7,8,0.2,0.4,-61900.46,-61798.9,0.4,86.49,0,0,0,1,0,0,Ministry of Petroleum & Natural Gas,Oil & Gas,Indian Oil Corporation Limited [IOCL],Bihar
701329,Petrochemical and Lube Integration Project at Gujarat Refinery,2026-07,18936.0,0.0,13901.13,73.4111,-61281.54,-81.5102,89.6,0.4,0.4484,47.0,70.0,-23.0,1.4894,1.0,16.1889,0.8193,100.0,-10.4,7,8,0.4,0.8,-61281.54,-61190.48,0.6571,95.9743,0,0,0,1,0,0,Ministry of Petroleum & Natural Gas,Oil & Gas,Indian Oil Corporation Limited [IOCL],Gujarat
701330,Mehsana-Bhatinda & Bhatinda-Jammu Natural Gas Pipeline,2026-07,7392.0,0.0,6360.86,86.0506,-1.45,-0.0228,90.2,0.0,0.0,155.0,180.0,-25.0,1.1613,1.0,4.1494,0.954,100.0,-9.8,7,8,0.0,0.0,-1.45,3.6,0.0286,3.4229,0,0,0,1,0,0,Ministry of Petroleum & Natural Gas,Oil & Gas,Indian Oil Corporation Limited [IOCL],Rajasthan
701338,City Gas Distribution Maharashtra Natural Gas Limited,2026-07,5535.0,0.0,4481.93,80.9743,89.35,2.0341,47.0,0.0,0.0,305.0,246.0,59.0,0.8066,0.0,-33.9743,1.7229,80.6557,-33.6557,7,8,0.0,0.0,89.35,154.54,6.7143,63.5214,0,0,0,0,0,0,Ministry of Petroleum & Natural Gas,Oil & Gas,Gas Authority of India Limited [GAIL],Karnataka
701343,Srikakulam Angul Gas Pipeline Project,2026-06,2658.34,0.0,2315.2,87.0919,0.0,0.0,98.1,0.3,0.3067,34.0,81.0,-47.0,2.3824,1.0,11.0081,0.8878,100.0,-1.9,6,7,0.3,0.5,0.0,0.0,0.35,5.37,0,0,0,1,0,0,Ministry of Petroleum & Natural Gas,Energy Storage,Ministry of Petroleum & Natural Gas,"Multi-States
(Andhra Pradesh,
Odisha)"
701344,Dhamra Haldia Pipeline Project,2026-07,1030.65,0.0,927.4,89.9821,3.0,0.3245,94.4,0.1,0.106,32.0,76.0,-44.0,2.375,1.0,4.4179,0.9532,100.0,-5.6,7,8,0.1,0.4,3.0,5.4,0.4857,6.0286,0,0,0,1,0,0,Ministry of Petroleum & Natural Gas,Oil & Gas,Gas Authority of India Limited [GAIL],West Bengal
701346,North East Gas Grid,2026-07,9265.0,0.0,7008.0,75.6395,108.0,1.5652,88.2,0.2,0.2273,47.0,75.0,-28.0,1.5957,1.0,12.5605,0.8576,100.0,-11.8,7,8,0.2,0.2,108.0,112.23,0.3143,55.1429,0,0,0,1,0,0,Ministry of Petroleum & Natural Gas,Oil & Gas,Indradhanush Gas Grid Limited,Tripura
701349,Paradip-Numaligarh Crude Oil Pipeline [PNCPL] & Crude Oil Import Terminal [COIT] at Paradip,2026-07,10228.0,0.0,11168.49,109.1952,132.49,1.2005,93.2,0.3,0.3229,66.0,90.0,-24.0,1.3636,1.0,-15.9952,1.1716,100.0,-6.8,7,8,0.3,0.5,132.49,181.27,0.6,128.33,0,0,0,1,0,0,Ministry of Petroleum & Natural Gas,Energy Storage,Numaligarh Refinery Limited,West Bengal
701350,Upgradation of Facilities of Numaligarh-Siliguri Product Pipeline [NSPL] for transportation of additional products from existing 1.72 MMTPA to 5.5 MMTPA,2026-02,860.0,0.0,636.92,74.0605,0.0,0.0,99.0,0.0,0.0,42.0,56.0,-14.0,1.3333,1.0,24.9395,0.7481,100.0,-1.0,2,3,0.0,0.0,0.0,0.0,0.0,0.0,0,0,0,1,0,0,Ministry of Petroleum & Natural Gas,Oil & Gas,Ministry of Petroleum & Natural Gas,"Multi-States
(Assam, West
Bengal)"
701354,Mumbai Nagpur Jharsuguda Pipeline Project,2026-04,7844.25,0.0,7070.1,90.131,100.4,1.4405,98.9,0.1,0.1012,35.0,70.0,-35.0,2.0,1.0,8.769,0.9113,100.0,-1.1,4,5,0.1,0.9,100.4,130.1,0.475,53.2,0,0,0,1,0,0,Ministry of Petroleum & Natural Gas,Oil & Gas,Ministry of Petroleum & Natural Gas,"Multi-States
(Chhattisgarh,
Madhya Pradesh,
Maharashtra,
Odisha)"
701370,Borolia Irrigation Project,2026-07,256.16,8.0,44.7,17.45,0.0,0.0,55.44,0.0,0.0,312.0,355.0,-43.0,1.1378,1.0,37.99,0.3148,100.0,-44.56,7,8,0.0,0.0,0.0,0.0,0.0629,0.0,0,0,0,1,0,0,"Department of Water Resources, River Development & GR",Water Resources,"Department of Water Resources, River Development & GR",Assam
701372,Sardar Sarovar Project,2026-07,20718.17,0.0,31969.4,154.3061,26.25,0.0822,93.7,0.0,0.0,284.0,363.0,-79.0,1.2782,1.0,-60.6061,1.6468,100.0,-6.3,7,8,0.0,0.0,26.25,26.25,0.1,15.5057,0,0,0,1,0,0,"Department of Water Resources, River Development & GR",Water Resources,"Narmada and Water Resources, Water Supply and Kalpsar Department-GJ",Gujarat
701376,"Subernarekha Multipurpose Project, Jharkhand",2026-07,3807.77,9.0,6040.27,158.6301,0.0,0.0,70.0,0.0,0.0,95.0,174.0,-79.0,1.8316,1.0,-88.6301,2.2661,100.0,-30.0,7,8,0.0,0.0,0.0,0.0,0.0,35.7114,0,0,0,1,0,0,"Department of Water Resources, River Development & GR",Water Resources,Department of Water Resources-JH,Jharkhand
701377,Upper Tunga Irrigation Project,2026-07,770.16,0.0,1515.6,196.7903,0.0,0.0,99.32,0.0,0.0,68.0,147.0,-79.0,2.1618,1.0,-97.4703,1.9814,100.0,-0.68,7,8,0.0,0.0,0.0,0.0,0.0457,0.04,0,0,0,1,0,0,"Department of Water Resources, River Development & GR",Water Resources,Water Resources-KA,Karnataka
701383,Waghur Project,2026-07,1058.99,0.0,1642.5,155.1006,8.14,0.4981,89.57,0.0,0.0,284.0,363.0,-79.0,1.2782,1.0,-65.5306,1.7316,100.0,-10.43,7,8,0.0,0.0,8.14,8.14,0.0814,12.1186,0,0,0,1,0,0,"Department of Water Resources, River Development & GR",Water Resources,Department of water resources-MH - II,Maharashtra
701386,Gosikhurd Project,2026-07,7196.47,0.0,14439.46,200.6464,53.73,0.3735,72.65,0.0,0.0,140.0,219.0,-79.0,1.5643,1.0,-127.9964,2.7618,100.0,-27.35,7,8,0.0,0.0,53.73,65.46,0.0929,77.3257,0,0,0,1,0,0,"Department of Water Resources, River Development & GR",Water Resources,Department of water resources-MH - II,Maharashtra
701391,Aruna Medium Irrigation Project,2026-07,210.45,9.0,1734.71,824.2861,0.0,0.0,100.0,0.0,0.0,119.0,198.0,-79.0,1.6639,1.0,-724.2861,8.2429,100.0,0.0,7,8,0.0,1.9,0.0,0.0,0.4286,4.1257,0,0,0,1,0,1,"Department of Water Resources, River Development & GR",Water Resources,Department of water resources-MH - II,Maharashtra
701395,Morna [Gureghar] Irrigation Project,2026-06,219.9,8.0,115.2,52.3874,0.0,0.0,31.5,0.0,0.0,216.0,222.0,-6.0,1.0278,1.0,-20.8874,1.6631,100.0,-68.5,6,7,0.0,0.0,0.0,0.0,0.0833,0.0,0,0,0,1,0,0,"Department of Water Resources, River Development & GR",Water Resources,"Department of Water Resources, River Development & GR",Uttar Pradesh
701396,Lower Pedhi Project,2026-07,255.97,0.0,3066.05,1197.8162,0.0,0.0,65.0,0.0,0.0,140.0,219.0,-79.0,1.5643,1.0,-1132.8162,18.4279,100.0,-35.0,7,8,0.0,0.0,0.0,1549.94,0.0,248.7243,0,0,0,1,0,1,"Department of Water Resources, River Development & GR",Water Resources,Department of water resources-MH - II,Maharashtra
701398,Nardave Medium Irrigation Project,2026-07,211.46,0.0,879.8,416.0598,0.64,0.0728,75.0,1.0,1.3514,128.0,207.0,-79.0,1.6172,1.0,-341.0598,5.5475,100.0,-25.0,7,8,1.0,1.0,0.64,0.64,0.4286,36.6143,0,0,0,1,0,1,"Department of Water Resources, River Development & GR",Water Resources,Department of water resources-MH - II,Maharashtra
701399,Kudali Irrigation Project,2026-07,382.29,8.0,249.06,65.1495,0.0,0.0,86.31,0.0,0.0,192.0,199.0,-7.0,1.0365,1.0,21.1605,0.7548,100.0,-13.69,7,8,0.0,0.0,0.0,0.0,0.0443,1.4329,0,0,0,1,0,0,"Department of Water Resources, River Development & GR",Water Resources,"Department of Water Resources, River Development & GR",Chhattisgarh
701400,Thoubal Multipurpose Project,2026-07,1449.44,0.0,1848.17,127.5092,0.0,0.0,99.0,0.0,0.0,272.0,351.0,-79.0,1.2904,1.0,-28.5092,1.288,100.0,-1.0,7,8,0.0,0.0,0.0,0.0,0.1429,1.4657,0,0,0,1,0,0,"Department of Water Resources, River Development & GR",Water Resources,Water Resources Department-MN,Manipur
701402,"Subernarekha Project, Odisha",2026-07,3055.88,25.0,8327.62,272.5114,37.97,0.458,95.5,0.0,0.0,263.0,342.0,-79.0,1.3004,1.0,-177.0114,2.8535,100.0,-4.5,5,6,0.0,0.0,37.97,37.97,0.1,53.36,0,0,0,1,0,0,"Department of Water Resources, River Development & GR",Water Resources,"Department of Water Resources, River Development & GR",Odisha
701404,Kanupur Irrigation Project,2026-07,989.43,9.0,2804.16,283.4117,0.0,0.0,79.5,0.0,0.0,191.0,270.0,-79.0,1.4136,1.0,-203.9117,3.5649,100.0,-20.5,7,8,0.0,0.0,0.0,0.0,0.0714,13.0586,0,0,0,1,0,0,"Department of Water Resources, River Development & GR",Water Resources,Irrigation and CAD-TG,Odisha
701405,J. Chokka Rao Devadula Lift Irrigation Scheme,2026-07,8200.71,0.0,4841.09,59.0326,0.0,0.0,87.7,0.0,0.0,164.0,243.0,-79.0,1.4817,1.0,28.6674,0.6731,100.0,-12.3,7,8,0.0,0.0,0.0,56.55,0.1,25.1843,0,0,0,1,0,0,"Department of Water Resources, River Development & GR",Water Resources,Irrigation and CAD-TG,Telangana
701406,Rajiv Bhima Lift Irrigation Scheme,2026-06,1402.0,9.0,1839.76,131.224,0.0,0.0,100.0,0.0,0.0,143.0,221.0,-78.0,1.5455,1.0,-31.224,1.3122,100.0,0.0,6,7,0.0,0.0,0.0,0.0,0.0,0.0,0,0,0,1,0,0,"Department of Water Resources, River Development & GR",Water Resources,Irrigation and CAD-TG,Telangana
701408,Madhya Ganga canal Phase-II,2026-07,1060.67,0.0,4575.74,431.4009,0.0,0.0,82.39,0.0,0.0,140.0,219.0,-79.0,1.5643,1.0,-349.0109,5.2361,100.0,-17.61,7,8,0.0,0.0,0.0,0.0,0.0557,3.3286,0,0,0,1,0,1,"Department of Water Resources, River Development & GR",Water Resources,Irrigation & Water Resources-UP,Uttar Pradesh
701410,Relining of Rajasthan feeder and Sirhind Feeder canal,2026-07,1441.26,26.0,2364.12,164.0315,22.07,0.9423,95.0,0.0,0.0,38.0,99.0,-61.0,2.6053,1.0,-69.0315,1.7266,100.0,-5.0,7,8,0.0,0.0,22.07,26.7,2.1429,-92.6529,0,0,0,1,0,0,"Department of Water Resources, River Development & GR",Water Resources,Department of Water Resources-PB,Punjab
701411,Shahpur Kandi Dam Project,2026-07,2285.81,98.0,2201.94,96.3308,0.0,0.0,88.0,0.0,0.0,50.0,99.0,-49.0,1.98,1.0,-8.3308,1.0947,100.0,-12.0,7,8,0.0,0.0,0.0,0.0,0.0,4.6029,0,0,0,1,0,0,"Department of Water Resources, River Development & GR",Water Resources,Department of Water Resources-PB,Punjab
701412,North Koel Reservoir Project,2026-07,1622.27,41.0,345.94,21.3244,172.97,100.0,47.0,3.0,6.8182,2.0,66.0,-64.0,33.0,1.0,25.6756,0.4537,100.0,-53.0,7,8,3.0,3.0,172.97,172.97,1.5714,25.54,0,0,0,1,0,0,"Department of Water Resources, River Development & GR",Water Resources,"Department of Water Resources, River Development & GR","Multi-States
(Bihar, Jharkhand)"
701415,Polavaram Irrigation Project,2026-07,10151.04,10.0,27961.55,275.455,235.4,0.849,86.15,0.01,0.0116,149.0,200.0,-51.0,1.3423,1.0,-189.305,3.1974,100.0,-13.85,7,8,0.01,0.01,235.4,899.66,0.3071,303.9814,0,0,0,1,0,0,"Department of Water Resources, River Development & GR",Water Resources,Water Resources-AP,Andhra Pradesh
701530,Ken-Betwa Linking Development Project,2026-07,21030.0,,8530.86,40.5652,0.0,0.0,0.0,0.0,,84.0,52.0,32.0,0.619,0.0,-40.5652,,61.9048,-61.9048,5,6,0.0,0.0,0.0,0.0,0.0,0.0,0,0,0,0,0,0,"Department of Water Resources, River Development & GR",Water Resources,"Department of Water Resources, River Development,","Multi-States
(Madhya Pradesh,
Uttar Pradesh)"
701565,Jal Marg Vikas Project,2026-07,5369.18,1.0,4187.19,77.9857,69.58,1.6898,85.1,1.38,1.6484,70.0,101.0,-31.0,1.4429,1.0,7.1143,0.9164,100.0,-14.9,7,8,1.38,3.13,69.58,158.37,1.4429,67.1586,0,0,0,1,0,0,"Ministry of Ports, Shipping and Waterways",Inland Waterways,Inland Waterways Authority of India [IWAI],"Multi-States
(Bihar, Jharkhand,
Uttar Pradesh,
West Bengal)"
701568,Construction of oil jetty No.8 at old kandla through internal resources,2026-02,100.0,36.0,186.47,186.47,0.0,0.0,90.0,0.0,0.0,24.0,60.0,-36.0,2.5,1.0,-96.47,2.0719,100.0,-10.0,2,3,0.0,0.0,0.0,0.0,0.0,0.0,0,0,0,1,0,0,"Ministry of Ports, Shipping and Waterways",Shipping,Deendayal Port Trust [DPT],Gujarat
701570,"Replacement and revamping of pipeline projects in oil jetty area, Kandla",2026-07,171.0,0.0,149.5,87.4269,0.0,0.0,92.0,0.0,0.0,24.0,58.0,-34.0,2.4167,1.0,4.5731,0.9503,100.0,-8.0,7,8,0.0,1.0,0.0,0.0,3.0,1.7129,0,0,0,1,0,0,"Ministry of Ports, Shipping and Waterways",Shipping,Deendayal Port Trust [DPT],Gujarat
701574,Deepening and Optimization of Inner Harbour facilities including development of Western Dock on BOT basis to handle Cape size vessels,2026-07,3004.63,8.0,2261.12,75.2545,17.0,0.7575,76.0,2.0,2.7027,59.0,42.0,17.0,0.7119,0.0,0.7455,0.9902,71.1864,4.8136,7,8,2.0,4.0,17.0,41.0,3.7143,140.5143,0,0,0,0,0,0,"Ministry of Ports, Shipping and Waterways",Shipping,Paradip Port Trust [PPT],Odisha
701576,Berth No. 2 [previously Berth 3] of HDC Mechanization Project,2026-02,298.26,4.0,480.0,160.9334,0.0,0.0,100.0,0.0,0.0,30.0,35.0,-5.0,1.1667,1.0,-60.9334,1.6093,100.0,0.0,2,3,0.0,1.0,0.0,11.77,0.5,5.885,0,0,0,1,0,0,"Ministry of Ports, Shipping and Waterways",Shipping,"Haldia Dock Complex, Syama Prasad Mookerjee Port Authority",West Bengal
701577,Shalukkhali Liquid Cargo Handling Facility Development Project,2026-03,253.65,7.0,9.28,3.6586,0.0,0.0,0.3,0.3,,36.0,43.0,-7.0,1.1944,1.0,-3.3586,12.1953,100.0,-99.7,3,4,0.3,0.3,0.0,0.0,0.1,0.0,0,0,0,1,0,0,"Ministry of Ports, Shipping and Waterways",Shipping,"Haldia Dock Complex, Syama Prasad Mookerjee Port Authority",West Bengal
701586,Setting up of a Floating Storage and Regasification Unit [FSRU] - Mumbai,2026-03,900.0,5.0,65.0,7.2222,0.0,0.0,0.0,0.0,,67.0,59.0,8.0,0.8806,0.0,-7.2222,,88.0597,-88.0597,3,4,0.0,0.0,0.0,0.0,0.0,0.0,0,0,0,0,0,0,"Ministry of Ports, Shipping and Waterways",Shipping,Mumbai Port Trust [MPT],Maharashtra
701593,4G Services by BSNL,2026-07,28466.0,0.0,9165.04,32.1964,22.41,0.2451,98.56,0.16,0.1626,40.0,68.0,-28.0,1.7,1.0,66.3636,0.3267,100.0,-1.44,7,8,0.16,0.22,22.41,693.85,0.2229,99.1214,0,0,0,1,0,0,Department of Telecommunications,Telecommunication,Department of Telecommunications [DoT],PAN India
701597,Provision of 4G Mobile Services in Uncovered Villages of Arunachal Pradesh and 2 Districts of Assam,2026-07,1255.49,10.0,237.98,18.9551,0.0,0.0,99.84,0.24,0.241,18.0,57.0,-39.0,3.1667,1.0,80.8849,0.1899,100.0,-0.16,7,8,0.24,0.24,0.0,0.0,0.12,-8.72,0,0,0,1,0,0,Department of Telecommunications,Telecommunication,Department of Telecommunications,"Multi-States
(Arunachal
Pradesh, Assam)"
701598,Provision of 4G based Mobile Services in Uncovered Villages and National Highways of Meghalaya,2026-07,971.96,12.0,167.23,17.2054,0.0,0.0,99.84,0.0,0.0,18.0,70.0,-52.0,3.8889,1.0,82.6346,0.1723,100.0,-0.16,7,8,0.0,0.0,0.0,0.0,0.12,-6.8757,0,0,0,1,0,0,Department of Telecommunications,Telecommunication,Department of Telecommunications,Meghalaya
701599,Mobile connectivity in Left Wing Extremism [LWE] affected areas-Phase2,2026-07,1577.57,40.0,492.2,31.1999,11.29,2.3476,89.98,1.98,2.25,18.0,58.0,-40.0,3.2222,1.0,58.7801,0.3467,100.0,-10.02,7,8,1.98,1.98,11.29,11.29,0.4257,-23.9743,0,0,0,1,0,0,Department of Telecommunications,Telecommunication,Department of Telecommunications [DoT],"Multi-States
(Andhra Pradesh,
Bihar,
Chhattisgarh,
Jharkhand,
Madhya Pradesh,
Maharashtra,
Odisha,
Telangana, Uttar
Pradesh, West
Bengal)"
701600,354 Uncovered Villages Scheme,2026-02,336.89,4.0,241.23,71.605,0.02,0.0083,100.0,0.0,0.0,18.0,70.0,-52.0,3.8889,1.0,28.395,0.716,100.0,0.0,2,3,0.0,0.0,0.02,4.04,0.0,2.02,0,0,0,1,0,0,Department of Telecommunications,Telecommunication,Department of Telecommunications [DoT],"Multi-States
(Bihar, Gujarat,
Himachal Pradesh,
Jammu and
Kashmir, Ladakh,
Rajasthan, Uttar
Pradesh)"
701602,"Provision of 4G based mobile services in 7,287 uncovered villages of 44 Aspirational District across 5 states of Andhra Pradesh, Chhattisgarh, Jharkhand, Maharashtra & Odisha",2026-07,3685.0,6.0,1108.02,30.0684,7.61,0.6916,81.47,0.27,0.3325,18.0,50.0,-32.0,2.7778,1.0,51.4016,0.3691,100.0,-18.53,7,8,0.27,0.27,7.61,7.61,-0.0757,-32.0257,0,0,0,1,0,0,Department of Telecommunications,Telecommunication,Department of Telecommunications [DoT],"Multi-States
(Andhra Pradesh,
Chhattisgarh,
Jharkhand,
Maharashtra,
Odisha)"
701657,Tumakuru Node - Phase 1 - Roads and Services Development,2026-07,1701.81,26.0,337.56,19.8354,13.44,4.1466,27.12,1.45,5.6486,43.0,41.0,2.0,0.9535,0.0,7.2846,0.7314,95.3488,-68.2288,7,8,1.45,3.23,13.44,37.1,1.4457,21.9143,0,0,0,0,0,0,"Ministry of Ports, Shipping and Waterways",Real Estate,NICDC,Karnataka
701658,Krishnapatnam Node - Phase 1 - Roads and Services Development,2026-07,2139.44,38.0,984.13,45.9994,2.78,0.2833,47.77,2.34,5.1508,36.0,29.0,7.0,0.8056,0.0,1.7706,0.9629,80.5556,-32.7856,7,8,2.34,7.17,2.78,127.08,2.9671,59.4157,0,0,0,0,0,0,"Ministry of Ports, Shipping and Waterways",Real Estate,National Industrial Corridor Development Corporation,Andhra Pradesh
701661,Development of IMC Khurpia Farms under AKIC Project,2026-07,1265.37,19.0,0.0,0.0,,,3.23,,,30.0,4.0,26.0,0.1333,0.0,3.23,0.0,13.3333,-10.1033,0,1,,,,,,,0,1,0,0,0,0,"Ministry of Ports, Shipping and Waterways",Real Estate,National Industrial Corridor Development Corporation,Uttarakhand
701662,IMC Rajpura - Patiala Development Project,2026-07,1367.72,19.0,0.0,0.0,,,3.4,,,30.0,4.0,26.0,0.1333,0.0,3.4,0.0,13.3333,-9.9333,0,1,,,,,,,0,1,0,0,0,0,"Ministry of Ports, Shipping and Waterways",Real Estate,National Industrial Corridor Development Corporation,Punjab
701668,Development of Palakkad Node under extension of CBIC to Kochi,2026-07,3805.0,14.0,57.93,1.5225,57.93,,5.3,0.05,0.9524,42.0,9.0,33.0,0.2143,0.0,3.7775,0.2873,21.4286,-16.1286,3,4,0.05,1.8,57.93,57.93,1.4333,19.31,0,0,0,0,0,0,"Ministry of Ports, Shipping and Waterways",Real Estate,National Industrial Corridor Development Corporation,Kerala
701719,Rehablitation in Junavadaj Area Smart City Project,2026-07,539.0,4.0,623.44,115.666,0.0,0.0,98.5,0.0,0.0,73.0,121.0,-48.0,1.6575,1.0,-17.166,1.1743,100.0,-1.5,7,8,0.0,0.0,0.0,0.0,6.9286,83.4014,0,0,0,1,0,0,Ministry of Housing & Urban Affairs,Real Estate,ministry of housing and urban affairs,Gujarat
701745,New Suburba Station Development Project,2026-07,262.76,11.0,163.21,62.1137,145.59,826.277,48.0,42.0,700.0,40.0,88.0,-48.0,2.2,1.0,-14.1137,1.294,100.0,-52.0,7,8,42.0,42.0,145.59,145.59,6.0,20.7986,0,0,0,1,0,0,Ministry of Housing & Urban Affairs,Urban Public Transport,ministry of housing and urban affairs,Maharashtra
701766,Green Building Development Project,2026-07,150.97,-3.0,59.51,39.4184,2.75,4.845,40.3,0.25,0.6242,51.0,83.0,-32.0,1.6275,1.0,0.8816,0.9781,100.0,-59.7,7,8,0.25,0.25,2.75,2.75,1.3286,5.7943,0,0,0,1,0,0,Ministry of Housing & Urban Affairs,Real Estate,ministry of housing and urban affairs,Uttarakhand
701991,Kalyan Station Precinct Imporvement Project,2026-07,600.0,27.0,530.04,88.34,6.28,1.199,85.0,1.0,1.1905,36.0,72.0,-36.0,2.0,1.0,-3.34,1.0393,100.0,-15.0,7,8,1.0,1.0,6.28,6.28,2.1429,36.8029,0,0,0,1,0,0,Ministry of Housing & Urban Affairs,Urban Public Transport,ministry of housing and urban affairs,Maharashtra
702355,Storm water drainag Development Project,2026-04,210.0,16.0,0.0,0.0,0.0,,20.0,0.0,0.0,27.0,52.0,-25.0,1.9259,1.0,20.0,0.0,100.0,-80.0,4,5,0.0,0.0,0.0,0.0,0.0,0.0,0,0,0,1,0,0,Ministry of Housing & Urban Affairs,Waste & Water,ministry of housing and urban affairs,"Dadra & Nagar
Haveli and Daman
& Diu"
702625,Bhopal Metro Rail Project,2026-07,6941.4,0.0,4498.76,64.8106,136.33,3.1251,62.7,0.2,0.32,48.0,92.0,-44.0,1.9167,1.0,-2.1106,1.0337,100.0,-37.3,7,8,0.2,0.5,136.33,164.35,1.6714,93.1871,0,0,0,1,0,0,Ministry of Housing & Urban Affairs,Urban Public Transport,Madhya Pradesh Metro Rail Co Limited [MPMRCL],Madhya Pradesh
702626,Indore Metro Rail Project,2026-07,7500.8,0.0,5093.95,67.9121,49.95,0.9903,65.48,0.29,0.4449,48.0,92.0,-44.0,1.9167,1.0,-2.4321,1.0371,100.0,-34.52,7,8,0.29,0.85,49.95,109.82,1.0686,96.8343,0,0,0,1,0,0,Ministry of Housing & Urban Affairs,Urban Public Transport,Madhya Pradesh Metro Rail Co Limited [MPMRCL],Madhya Pradesh
702627,Patna Metro Rail Project,2026-07,13365.77,0.0,5198.09,38.8911,0.0,0.0,50.05,0.0,0.0,60.0,89.0,-29.0,1.4833,1.0,11.1589,0.777,100.0,-49.95,7,8,0.0,0.0,0.0,0.0,0.2929,75.4114,0,0,0,1,0,0,Ministry of Housing & Urban Affairs,Urban Public Transport,Patna Metro Rail Corporation Ltd. [PMRCL],Bihar
702628,Kanpur Metro Rail Project,2026-07,11076.48,6.0,9463.15,85.4346,332.0,3.6359,83.0,0.5,0.6061,54.0,80.0,-26.0,1.4815,1.0,-2.4346,1.0293,100.0,-17.0,7,8,0.5,1.05,332.0,342.0,1.0,53.3229,0,0,0,1,0,0,Ministry of Housing & Urban Affairs,Urban Public Transport,Uttar Pradesh metro rail corporation [UPMRC],Uttar Pradesh
702629,Agra Metro Rail Project,2026-07,8379.62,19.0,6368.28,75.9972,287.0,4.7194,73.0,0.5,0.6897,41.0,67.0,-26.0,1.6341,1.0,-2.9972,1.0411,100.0,-27.0,7,8,0.5,2.0,287.0,266.0,1.1429,43.75,0,0,0,1,0,0,Ministry of Housing & Urban Affairs,Urban Public Transport,Uttar Pradesh metro rail corporation [UPMRC],Uttar Pradesh
702630,Surat Metro Rail Project,2026-07,12020.32,0.0,9332.21,77.637,165.5,1.8054,81.9,0.8,0.9864,60.0,88.0,-28.0,1.4667,1.0,4.263,0.9479,100.0,-18.1,7,8,0.8,1.65,165.5,300.96,0.9857,157.15,0,0,0,1,0,0,Ministry of Housing & Urban Affairs,Urban Public Transport,Gujarat Metro Rail Corporation Limited [GMRCL],Gujarat
702631,"Ahmedabad Metro Rail Project, Phase-II",2026-02,5384.17,0.0,5019.61,93.229,59.59,1.2014,100.0,0.0,0.0,60.0,83.0,-23.0,1.3833,1.0,6.771,0.9323,100.0,0.0,2,3,0.0,3.0,59.59,203.11,1.5,101.555,0,0,0,1,0,0,Ministry of Housing & Urban Affairs,Urban Public Transport,Gujarat Metro Rail Corporation Limited [GMRCL],Gujarat
702632,DMRTS Phase - IV [3 Priority Corridors],2026-07,24948.65,0.0,21420.76,85.8594,379.37,1.803,83.46,1.26,1.5328,68.0,84.0,-16.0,1.2353,1.0,-2.3994,1.0287,100.0,-16.54,7,8,1.26,2.14,379.37,874.9,1.3514,432.85,0,0,0,1,0,0,Ministry of Housing & Urban Affairs,Urban Public Transport,Delhi Metro Rail Corporation Limited [DMRC],Delhi
702633,Delhi-Ghaziabad-Meerut Regional Rapid Transit System [RRTS] corridor,2026-02,30274.0,0.0,27720.41,91.5651,255.15,0.929,96.0,0.0,0.0,75.0,83.0,-8.0,1.1067,1.0,4.4349,0.9538,100.0,-4.0,2,3,0.0,0.0,255.15,408.24,0.0,204.12,0,0,0,1,0,0,Ministry of Housing & Urban Affairs,Urban Public Transport,National Capital Region Transport Corporation [NCRTC],"Multi-States (Delhi,
Uttar Pradesh)"
702635,Construction of Bangalore Metro Rail Project Phase 2.,2026-07,26405.14,24.0,29834.97,112.9893,22.0,0.0738,95.8,0.2,0.2092,61.0,125.0,-64.0,2.0492,1.0,-17.1893,1.1794,100.0,-4.2,7,8,0.2,0.2,22.0,22.0,0.1143,21.0,0,0,0,1,0,0,Ministry of Housing & Urban Affairs,Urban Public Transport,Bengaluru Metro Rail,Karnataka
702637,Mumbai Metro Line 3,2026-07,23136.0,35.0,35959.97,155.4286,2311.71,6.8702,99.21,1.35,1.3795,81.0,121.0,-40.0,1.4938,1.0,-56.2186,1.5667,100.0,-0.79,7,8,1.35,1.35,2311.71,2311.71,0.3157,478.5814,0,0,0,1,0,0,Ministry of Housing & Urban Affairs,Urban Public Transport,Mumbai Metro Rail Corporation Limited [MMRC],Maharashtra
702639,Ahmedabad Metro Rail Project [Phase-I],2026-04,10773.0,3.0,12520.65,116.2225,109.81,0.8848,99.99,0.0,0.0,37.0,134.0,-97.0,3.6216,1.0,-16.2325,1.1623,100.0,-0.01,4,5,0.0,0.99,109.81,183.42,0.2475,63.5425,0,0,0,1,0,0,Ministry of Housing & Urban Affairs,Urban Public Transport,Gujarat Metro Rail Corporation Limited [GMRCL],Gujarat
702658,Nagpur Metro Rail Phase II Development Project,2026-07,6708.0,0.0,2161.73,32.2261,135.17,6.6699,42.11,1.25,3.0592,60.0,43.0,17.0,0.7167,0.0,9.8839,0.7653,71.6667,-29.5567,7,8,1.25,2.61,135.17,221.67,1.5871,98.5286,0,0,0,0,0,0,Ministry of Housing & Urban Affairs,Urban Public Transport,Maharashtra Metro Rail Corporation Limited [MMRCL],Maharashtra
702664,Kochi Metro Rail Phase 2 Development Project,2026-07,1957.05,0.0,816.8,41.7363,64.46,8.5679,41.2,3.2,8.4211,48.0,44.0,4.0,0.9167,0.0,-0.5363,1.013,91.6667,-50.4667,7,8,3.2,3.2,64.46,64.46,2.4571,42.84,0,0,0,0,0,0,Ministry of Housing & Urban Affairs,Urban Public Transport,CSPCC Projects,Kerala
702665,Construction Bangalore Metro Rail Project Phase-2A & 2B,2026-07,14788.1,-29.0,10878.48,73.5624,502.05,4.8384,67.5,1.5,2.2727,89.0,90.0,-1.0,1.0112,1.0,-6.0624,1.0898,100.0,-32.5,7,8,1.5,1.5,502.05,502.05,1.0714,223.6086,0,0,0,1,0,0,Ministry of Housing & Urban Affairs,Urban Public Transport,Bengaluru Metro Rail,Karnataka
702668,Chennai Metro Rail Phase-II Development Project,2026-07,63246.0,-47.0,34698.0,54.862,924.0,2.7358,55.73,2.37,4.4415,105.0,68.0,37.0,0.6476,0.0,0.868,0.9844,64.7619,-9.0319,7,8,2.37,2.37,924.0,924.0,1.1043,640.9457,0,0,0,0,0,0,Ministry of Housing & Urban Affairs,Urban Public Transport,Chennai Metro Rail Limited [CMRL],Tamil Nadu
702674,"ESR - 8 nos., distribution system - 216 Km, new house service connections - 38760 nos. upgrading of feeder mains, pumping station etc. - Phase II",2026-07,172.22,17.0,88.86,51.5968,0.0,0.0,82.0,0.0,0.0,56.0,96.0,-40.0,1.7143,1.0,30.4032,0.6292,100.0,-18.0,7,8,0.0,0.0,0.0,0.0,0.0,0.0,0,0,0,1,0,0,Ministry of Housing & Urban Affairs,Waste & Water,Ministry of Housing & Urban Affairs,Andhra Pradesh
702699,Muzaffarpur Storm Water Drainage Phase-I Project,2026-07,158.78,27.0,135.72,85.4768,0.0,0.0,85.0,0.0,0.0,56.0,89.0,-33.0,1.5893,1.0,-0.4768,1.0056,100.0,-15.0,7,8,0.0,0.0,0.0,0.0,0.2857,9.4571,0,0,0,1,0,0,Ministry of Housing & Urban Affairs,Waste & Water,Ministry of Housing & Urban Affairs,Bihar
702734,Sewerage Management Scheme Part-3 Implementation,2026-07,278.01,8.0,228.49,82.1877,0.0,0.0,88.0,0.0,0.0,70.0,104.0,-34.0,1.4857,1.0,5.8123,0.934,100.0,-12.0,7,8,0.0,0.0,0.0,0.0,0.0,1.3714,0,0,0,1,0,0,Ministry of Housing & Urban Affairs,Waste & Water,Ministry of Housing & Urban Affairs,Haryana
702735,Sewerage Management Scheme Part-3 Implementation,2026-03,213.19,19.0,180.32,84.5818,12.18,7.244,100.0,9.0,9.8901,53.0,89.0,-36.0,1.6792,1.0,15.4182,0.8458,100.0,0.0,3,4,9.0,9.0,12.18,12.18,3.0,4.06,0,0,0,1,0,0,Ministry of Housing & Urban Affairs,Waste & Water,Ministry of Housing & Urban Affairs,Haryana
702741,Dhanbad Water Supply Infrastructure Project,2026-07,216.55,22.0,129.16,59.6444,0.0,0.0,76.0,0.0,0.0,51.0,91.0,-40.0,1.7843,1.0,16.3556,0.7848,100.0,-24.0,7,8,0.0,0.0,0.0,0.0,0.2857,0.0,0,0,0,1,0,0,Ministry of Housing & Urban Affairs,Waste & Water,Ministry of Housing & Urban Affairs,Jharkhand
702742,SAAP-3 Water Supply Infrastructure SAAP-3 Project,2026-07,159.31,22.0,87.5,54.9244,0.0,0.0,67.0,0.0,0.0,58.0,91.0,-33.0,1.569,1.0,12.0756,0.8198,100.0,-33.0,7,8,0.0,0.0,0.0,0.0,0.1429,0.0,0,0,0,1,0,0,Ministry of Housing & Urban Affairs,Waste & Water,Ministry of Housing & Urban Affairs,Jharkhand
702746,Augmentation and Strenghthning of Urban Water Supply Phase 1 - SAAP 3,2026-07,278.28,22.0,186.5,67.0188,0.0,0.0,81.0,0.0,0.0,51.0,91.0,-40.0,1.7843,1.0,13.9812,0.8274,100.0,-19.0,7,8,0.0,0.0,0.0,0.0,0.2857,0.0,0,0,0,1,0,0,Ministry of Housing & Urban Affairs,Waste & Water,Ministry of Housing & Urban Affairs,Jharkhand
702760,Belgavi Improvement in Sewerage System Project,2026-07,162.73,10.0,79.5,48.8539,0.0,0.0,80.0,0.0,0.0,81.0,117.0,-36.0,1.4444,1.0,31.1461,0.6107,100.0,-20.0,7,8,0.0,0.0,0.0,0.0,0.0,-0.8871,0,0,0,1,0,0,Ministry of Housing & Urban Affairs,Waste & Water,Ministry of Housing & Urban Affairs,Karnataka
702764,24/7 water supply under AMRUT for Davanagere,2026-03,174.96,14.0,103.73,59.2878,10.55,11.3222,65.0,0.0,0.0,62.0,98.0,-36.0,1.5806,1.0,5.7122,0.9121,100.0,-35.0,3,4,0.0,0.0,10.55,10.55,0.0,3.5167,0,0,0,1,0,0,Ministry of Housing & Urban Affairs,Waste & Water,Ministry of Housing & Urban Affairs,Karnataka
702793,Indore Water Supply Infrastructure Project,2026-07,287.17,11.0,252.5,87.927,0.0,0.0,99.0,0.0,0.0,64.0,104.0,-40.0,1.625,1.0,11.073,0.8882,100.0,-1.0,7,8,0.0,0.0,0.0,0.0,0.0,0.0,0,0,0,1,0,0,Ministry of Housing & Urban Affairs,Waste & Water,Ministry of Housing & Urban Affairs,Madhya Pradesh
702798,Jabalpur Sewerage Management and Treatment Infrastructure Project,2026-03,362.31,-10.0,332.05,91.648,7.26,2.2353,100.0,4.0,4.1667,63.0,99.0,-36.0,1.5714,1.0,8.352,0.9165,100.0,0.0,3,4,4.0,4.0,7.26,7.26,1.3333,3.2467,0,0,0,1,0,0,Ministry of Housing & Urban Affairs,Waste & Water,Ministry of Housing & Urban Affairs,Madhya Pradesh
702808,Satna Sewerage Management and Treatment Infrastructure Project,2026-07,191.56,13.0,200.32,104.573,0.0,0.0,96.0,0.0,0.0,87.0,115.0,-28.0,1.3218,1.0,-8.573,1.0893,100.0,-4.0,7,8,0.0,0.0,0.0,0.0,1.1429,1.2186,0,0,0,1,0,0,Ministry of Housing & Urban Affairs,Waste & Water,Ministry of Housing & Urban Affairs,Madhya Pradesh
702810,Singrauli Sewerage Management and Treatment Infrastructure Project,2026-07,402.01,18.0,371.17,92.3285,0.0,0.0,90.0,0.0,0.0,64.0,104.0,-40.0,1.625,1.0,-2.3285,1.0259,100.0,-10.0,7,8,0.0,0.0,0.0,0.0,0.0,1.9271,0,0,0,1,0,0,Ministry of Housing & Urban Affairs,Waste & Water,Ministry of Housing & Urban Affairs,Madhya Pradesh
702833,Kalyan-Dombivali Water Supply Infrastructure Project,2026-07,194.2,38.0,136.56,70.3193,0.0,0.0,75.0,0.0,0.0,49.0,82.0,-33.0,1.6735,1.0,4.6807,0.9376,100.0,-25.0,7,8,0.0,0.0,0.0,0.0,0.0,0.0,0,0,0,1,0,0,Ministry of Housing & Urban Affairs,Waste & Water,Ministry of Housing & Urban Affairs,Maharashtra
702840,Mira-Bhayandar Water Supply Infrastructure Project,2026-04,204.55,21.0,186.13,90.9949,0.0,0.0,99.0,0.0,0.0,55.0,92.0,-37.0,1.6727,1.0,8.0051,0.9191,100.0,-1.0,4,5,0.0,0.0,0.0,0.0,0.0,0.0,0,0,0,1,0,0,Ministry of Housing & Urban Affairs,Waste & Water,Ministry of Housing & Urban Affairs,Maharashtra
702851,Pune Water Supply Infrastructure Project,2026-06,235.95,4.0,220.77,93.5664,0.0,0.0,96.0,0.0,0.0,68.0,107.0,-39.0,1.5735,1.0,2.4336,0.9747,100.0,-4.0,6,7,0.0,1.0,0.0,0.0,0.1667,5.965,0,0,0,1,0,0,Ministry of Housing & Urban Affairs,Waste & Water,Ministry of Housing & Urban Affairs,Maharashtra
702854,Solapur Sewerage Management Infrastructure Project,2026-04,180.24,13.0,172.22,95.5504,0.0,0.0,98.0,0.0,0.0,59.0,96.0,-37.0,1.6271,1.0,2.4496,0.975,100.0,-2.0,4,5,0.0,0.0,0.0,0.0,1.75,4.3025,0,0,0,1,0,0,Ministry of Housing & Urban Affairs,Waste & Water,Ministry of Housing & Urban Affairs,Maharashtra
702948,Jaunpur Sewerage Management Infrastructure Project,2026-01,235.73,29.0,221.27,93.8659,0.0,0.0,100.0,1.0,1.0101,46.0,77.0,-31.0,1.6739,1.0,6.1341,0.9387,100.0,0.0,1,2,1.0,,0.0,,1.0,0.0,0,0,0,1,0,0,Ministry of Housing & Urban Affairs,Waste & Water,Ministry of Housing & Urban Affairs,Uttar Pradesh
702949,Jhansi Water Supply Infrastructure Phase-II Project,2026-07,561.74,27.0,506.52,90.1698,0.0,0.0,95.0,0.0,0.0,49.0,85.0,-36.0,1.7347,1.0,4.8302,0.9492,100.0,-5.0,7,8,0.0,0.0,0.0,0.0,0.2857,2.9443,0,0,0,1,0,0,Ministry of Housing & Urban Affairs,Waste & Water,Ministry of Housing & Urban Affairs,Uttar Pradesh
702958,Lucknow Sewerage Management Infrastructure Project,2026-07,142.46,32.0,152.65,107.1529,0.0,0.0,95.0,0.0,0.0,46.0,86.0,-40.0,1.8696,1.0,-12.1529,1.1279,100.0,-5.0,3,4,0.0,0.0,0.0,0.0,0.0,0.0,0,0,0,1,0,0,Ministry of Housing & Urban Affairs,Waste & Water,Ministry of Housing & Urban Affairs,Uttar Pradesh
703021,Jalandhar Water Supply Infrastructure Project,2026-07,258.53,45.0,161.02,62.2829,0.0,0.0,90.0,0.0,0.0,36.0,71.0,-35.0,1.9722,1.0,27.7171,0.692,100.0,-10.0,7,8,0.0,0.0,0.0,0.0,4.5714,0.0,0,0,0,1,0,0,Ministry of Housing & Urban Affairs,Waste & Water,Ministry of Housing & Urban Affairs,Punjab
703057,Patiala Water Supply Infrastructure Part-2 Project,2026-07,287.0,45.0,213.64,74.439,0.0,0.0,99.0,0.0,0.0,38.0,71.0,-33.0,1.8684,1.0,24.561,0.7519,100.0,-1.0,7,8,0.0,0.0,0.0,-5.21,0.0,0.0,0,0,0,1,0,0,Ministry of Housing & Urban Affairs,Waste & Water,Ministry of Housing & Urban Affairs,Punjab
703585,Yeshvanthpur - Channasandra Doubling Project [21.70 Km],2026-06,314.1,6.0,173.5,55.2372,0.0,0.0,56.8,0.0,0.0,53.0,80.0,-27.0,1.5094,1.0,1.5628,0.9725,100.0,-43.2,6,7,0.0,0.3,0.0,2.5,0.3,2.495,0,0,0,1,0,0,Ministry of Railways,Railways,Karnataka Rail Infrastructure Development Company Limited [K-RIDE],Karnataka
703586,Baiyyappanahalli-Hosur 48 km,2026-07,498.7,15.0,700.64,140.4933,-13.21,-1.8505,85.0,-3.3,-3.7373,53.0,72.0,-19.0,1.3585,1.0,-55.4933,1.6529,100.0,-15.0,7,8,-3.3,-3.3,-13.21,-13.21,-0.1429,6.0343,0,0,0,1,0,0,Ministry of Railways,Railways,M.D/KRIDE SWR mor,"Multi-States
(Karnataka, Tamil
Nadu)"
704495,"502 Aspirational District Scheme in Four states - Bihar, Madhya Pradesh, Rajastha and Uttar Pradesh",2026-07,421.65,15.0,152.96,36.2765,0.0,0.0,99.59,0.59,0.596,12.0,64.0,-52.0,5.3333,1.0,63.3135,0.3643,100.0,-0.41,7,8,0.59,0.59,0.0,60.59,0.37,1.4143,0,0,0,1,0,0,Department of Telecommunications,Telecommunication,Department of Telecommunications [DoT],"Multi-States
(Bihar, Madhya
Pradesh,
Rajasthan, Uttar
Pradesh)"
705237,Western Dedicated Freight Corridor,2026-07,51101.0,47.0,124623.0,243.8759,0.0,0.0,96.0,0.0,0.0,122.0,174.0,-52.0,1.4262,1.0,-147.8759,2.5404,100.0,-4.0,7,8,0.0,0.0,0.0,0.0,0.0,0.0,0,0,0,1,0,0,Ministry of Railways,Railways,DFCCIL,"Multi-States
(Gujarat, Haryana,
Maharashtra,
Rajasthan, Uttar
Pradesh)"
705244,Coach Production Factory Upgradation Project,2026-07,520.0,7.0,192.25,36.9712,0.0,0.0,0.0,0.0,,41.0,96.0,-55.0,2.3415,1.0,-36.9712,,100.0,-100.0,7,8,0.0,0.0,0.0,0.0,0.0,0.0,0,0,0,1,0,0,Ministry of Railways,Railways,CPM/ICF,Tamil Nadu
705252,Kazipet Wagon Overhauling Project,2026-06,385.0,-2.0,0.0,0.0,0.0,,0.0,0.0,,77.0,107.0,-30.0,1.3896,1.0,0.0,,100.0,-100.0,6,7,0.0,0.0,0.0,0.0,0.0,0.0,0,0,0,1,0,0,Ministry of Railways,Railways,RVNL,Telangana
705253,Kurnool Coach Midlife Rehabilitation Project,2026-07,563.0,-22.0,959.27,170.3854,0.0,0.0,75.01,0.0,0.0,77.0,144.0,-67.0,1.8701,1.0,-95.3754,2.2715,100.0,-24.99,7,8,0.0,0.0,0.0,0.0,10.7157,119.8957,0,0,0,1,0,0,Ministry of Railways,Railways,South Central Railway [SCR] - II,Andhra Pradesh
705298,North Region Video Surveillance Project,2026-07,274.39,34.0,0.0,0.0,0.0,,48.0,0.0,0.0,11.0,39.0,-28.0,3.5455,1.0,48.0,0.0,100.0,-52.0,7,8,0.0,0.0,0.0,0.0,0.0,0.0,0,0,0,1,0,0,Ministry of Railways,Railways,RCIL,PAN India
705356,Ahmednagar - Beed - Parli - Vaijnath New Broad Gauge Line Railway Project [261.3 km],2026-07,2538.67,194.0,5054.69,199.1078,-178.51,-3.4111,93.0,0.0,0.0,164.0,159.0,5.0,0.9695,0.0,-106.1078,2.1409,96.9512,-3.9512,7,8,0.0,0.0,-178.51,-155.39,-0.7143,-18.3629,0,0,0,0,0,0,Ministry of Railways,Railways,CAOC/CR CR mor,Maharashtra
705357,Baramati - Lonand 54 km,2026-07,138.48,58.0,1132.25,817.6271,92.53,8.8995,60.0,0.0,0.0,279.0,271.0,8.0,0.9713,0.0,-757.6271,13.6271,97.1326,-37.1326,7,8,0.0,0.0,92.53,111.14,1.2857,36.4114,0,0,0,0,0,1,Ministry of Railways,Railways,CAOC/CR CR mor,Maharashtra
705358,Khurda Road-Bolangir 301 km,2026-07,3792.0,84.0,4825.28,127.2489,-964.25,-16.6551,93.0,0.5,0.5405,309.0,304.0,5.0,0.9838,0.0,-34.2489,1.3683,98.3819,-5.3819,7,8,0.5,0.5,-964.25,-926.82,0.4286,-69.9957,0,0,0,0,0,0,Ministry of Railways,Railways,CAO/C/ECOR ECoR mor,Odisha
705359,Talcher-Bimlagarh 154 km,2026-07,1928.0,52.0,2164.01,112.2412,36.71,1.7257,56.0,-1.0,-1.7544,200.0,216.0,-16.0,1.08,1.0,-56.2412,2.0043,100.0,-44.0,7,8,-1.0,0.0,36.71,41.93,0.8571,24.0271,0,0,0,1,0,0,Ministry of Railways,Railways,CAO/C/ECOR ECoR mor,Odisha
705362,"Jaynagar-Bijalpura, incl. extn. Bet, Bijalpura-Bardibas [Nepal]",2026-06,819.0,-53.0,580.51,70.8803,0.0,0.0,75.0,0.0,0.0,132.0,183.0,-51.0,1.3864,1.0,4.1197,0.9451,100.0,-25.0,6,7,0.0,0.0,0.0,0.0,0.0,0.0,0,0,0,1,0,0,Ministry of Railways,Railways,East Central Railway [ECR] - I,Offshore
705364,Khagaria-Kusheshwar Asthan [42Km] new line project,2026-06,614.0,-244.0,491.56,80.0586,0.0,0.0,55.7,0.0,0.0,312.0,330.0,-18.0,1.0577,1.0,-24.3586,1.4373,100.0,-44.3,6,7,0.0,0.0,0.0,0.36,0.1167,0.2467,0,0,0,1,0,0,Ministry of Railways,Railways,East Central Railway [ECR] - I,Bihar
705366,Hajipur-Sagauli via Vaishali 148.3 km,2026-07,2067.0,14.0,2843.39,137.5612,660.93,30.2837,74.0,-1.6,-2.1164,135.0,211.0,-76.0,1.563,1.0,-63.5612,1.8589,100.0,-26.0,7,8,-1.6,-1.5,660.93,727.65,0.0,118.3314,0,0,0,1,0,0,Ministry of Railways,Railways,CAO/Con/North/MHX ECR mor,Bihar
705368,Araria-Supaul 92 km,2026-07,1605.0,133.0,2140.8,133.3832,414.85,24.036,40.0,-6.9,-14.7122,42.0,70.0,-28.0,1.6667,1.0,-93.3832,3.3346,100.0,-60.0,7,8,-6.9,-6.9,414.85,414.85,-0.2857,75.6757,0,0,0,1,0,0,Ministry of Railways,Railways,CAO/Con/North/MHX ECR mor,Bihar
705373,Fatuah-Islampur incl. material modification for extension of new line from Neora to Daniawan Daniawan to Biharsharif Biharsharif to Barbigha Barbigha to Sheikhpura,2026-07,1473.0,-30.0,3041.78,206.5024,329.59,12.1522,95.0,-3.2,-3.2587,277.0,317.0,-40.0,1.1444,1.0,-111.5024,2.1737,100.0,-5.0,7,8,-3.2,-3.2,329.59,329.59,0.0,71.5814,0,0,0,1,0,0,Ministry of Railways,Railways,CAO/Con/South/MHX ECR mor,Bihar
705375,Koderma-Tilaiya 68 km,2026-07,1626.0,150.0,2269.03,139.5467,47.27,2.1276,90.0,-5.6,-5.8577,93.0,110.0,-17.0,1.1828,1.0,-49.5467,1.5505,100.0,-10.0,7,8,-5.6,-5.6,47.27,47.27,-0.5714,18.0329,0,0,0,1,0,0,Ministry of Railways,Railways,CAO/Con/South/MHX ECR mor,"Multi-States
(Bihar, Jharkhand)"
705385,Pirpainti - Jasidih 97 km,2026-07,2555.0,145.0,1775.66,69.4975,658.49,58.9427,40.0,-21.9,-35.3796,23.0,3.0,20.0,0.1304,0.0,-29.4975,1.7374,13.0435,26.9565,7,8,-21.9,-21.9,658.49,658.49,-1.2857,140.0686,0,0,0,0,0,0,Ministry of Railways,Railways,CAOC/ER ER mor,"Multi-States
(Bihar, Jharkhand)"
705391,Jiribam-Imphal 110 km,2026-07,14323.0,66.0,16931.5,118.212,604.43,3.702,78.0,4.95,6.7762,212.0,207.0,5.0,0.9764,0.0,-40.212,1.5155,97.6415,-19.6415,7,8,4.95,5.3,604.43,705.48,0.8571,158.1457,0,0,0,0,0,0,Ministry of Railways,Railways,CAO/C-III/NFR NFR mor,Manipur
705392,Dimapur-Kohima 88 km,2026-07,6663.0,109.0,6719.53,100.8484,-29.37,-0.4352,45.0,-1.5,-3.2258,111.0,127.0,-16.0,1.1441,1.0,-55.8484,2.2411,100.0,-55.0,7,8,-1.5,0.0,-29.37,196.84,-5.1429,127.3114,0,0,0,1,0,0,Ministry of Railways,Railways,CAO/C-1/NFR NFR mor,"Multi-States
(Assam,
Nagaland)"
705394,Teteliya-Byrnihat 21.5 km,2026-07,1304.62,53.0,1272.35,97.5265,13.55,1.0764,87.0,0.84,0.9749,7.0,183.0,-176.0,26.1429,1.0,-10.5265,1.121,100.0,-13.0,3,4,0.84,0.84,13.55,13.55,0.28,5.96,0,0,0,1,0,0,Ministry of Railways,Railways,CAO/C-II/NFR NFR mor,"Multi-States
(Assam,
Meghalaya)"
705396,Byrnihat-Shillong New Rail Line- 108 km,2026-06,8324.28,-13.0,266.12,3.1969,0.0,0.0,2.04,0.0,0.0,132.0,195.0,-63.0,1.4773,1.0,-1.1569,1.5671,100.0,-97.96,2,3,0.0,0.0,0.0,0.0,0.0,0.0,0,0,0,1,0,0,Ministry of Railways,Railways,Northeast Frontier Railway [NFR],Meghalaya
705401,Murkongselek-Pasighat 26.15 km,2026-07,435.0,147.0,1057.21,243.0368,169.34,19.0726,67.0,-5.0,-6.9444,22.0,38.0,-16.0,1.7273,1.0,-176.0368,3.6274,100.0,-33.0,7,8,-5.0,-3.0,169.34,189.45,0.2857,35.9857,0,0,0,1,0,0,Ministry of Railways,Railways,CAO/C-II/NFR NFR mor,"Multi-States
(Arunachal
Pradesh, Assam)"
705410,Nangal Dam-Talwara 83.74 km - New broad gauge line & taking over siding Mukerian- Talwara 29.16 km,2026-07,2018.0,1.0,2934.27,145.4049,536.19,22.3591,84.0,-1.5,-1.7544,512.0,519.0,-7.0,1.0137,1.0,-61.4049,1.731,100.0,-16.0,7,6,-1.5,-1.5,536.19,536.19,0.1429,-12364.6214,0,0,0,1,0,0,Ministry of Railways,Railways,CAOC/NR NR mor,"Multi-States
(Himachal
Pradesh, Punjab)"
705419,Gwalior-Sheorpurkalan with extension to Kota 284 km,2026-07,2913.0,98.0,3068.75,105.3467,798.52,35.1735,91.0,-4.0,-4.2105,83.0,99.0,-16.0,1.1928,1.0,-14.3467,1.1577,100.0,-9.0,7,8,-4.0,-1.0,798.52,823.32,0.7143,134.9414,0,0,0,1,0,0,Ministry of Railways,Railways,CAO/C/NCR NCR mor,Madhya Pradesh
705424,Chandigarh-Baddi 33.23 km,2026-07,1540.0,53.0,1101.73,71.5409,495.66,81.7826,47.0,3.0,6.8182,53.0,48.0,5.0,0.9057,0.0,-24.5409,1.5221,90.566,-43.566,7,8,3.0,3.0,495.66,495.66,1.4286,78.1957,0,0,0,0,0,0,Ministry of Railways,Railways,CAOC/NR NR mor,"Multi-States
(Haryana,
Himachal Pradesh)"
705428,Bhanupalli-Bilaspur-Beri New Railway Line Project,2026-06,13447.0,73.0,7781.89,57.8708,93.13,1.2112,64.0,0.0,0.0,140.0,134.0,6.0,0.9571,0.0,6.1292,0.9042,95.7143,-31.7143,6,7,0.0,1.0,93.13,223.73,0.5,94.7767,0,0,0,0,0,0,Ministry of Railways,Railways,RVNL - II,"Multi-States
(Himachal
Pradesh, Punjab)"
705429,Rishikesh-Karnaprayag New Rail Line- 125 km,2026-06,38953.0,21.0,28828.18,74.0076,319.32,1.1201,77.5,3.0,4.0268,88.0,94.0,-6.0,1.0682,1.0,3.4924,0.9549,100.0,-22.5,6,7,3.0,3.5,319.32,542.03,0.9167,331.205,0,0,0,1,0,0,Ministry of Railways,Railways,RVNL - II,Uttarakhand
705432,Sivok-Rangpo New Rail Line,2026-07,7877.0,7.0,11090.47,140.7956,0.0,0.0,80.0,0.0,0.0,60.0,194.0,-134.0,3.2333,1.0,-60.7956,1.7599,100.0,-20.0,7,8,0.0,-13.1,0.0,156.79,-1.4286,175.5743,0,0,0,1,0,0,Ministry of Railways,Railways,Indian Railway Construction International Limited [IRCON],"Multi-States
(Sikkim, West
Bengal)"
705433,Dallirajhra- Rowghat New Railway Line - Phase I [95 km],2026-07,1628.0,5.0,1440.85,88.5043,0.0,0.0,82.0,0.0,0.0,189.0,199.0,-10.0,1.0529,1.0,-6.5043,1.0793,100.0,-18.0,7,8,0.0,0.0,0.0,0.0,0.0,0.0,0,0,0,1,0,0,Ministry of Railways,Railways,Rail Vikas Nigam Limited,Chhattisgarh
705434,New Railway Line between Ginigera and Raichur [165.57 km],2026-06,2565.0,14.0,2412.11,94.0394,38.51,1.6224,71.0,0.5,0.7092,118.0,205.0,-87.0,1.7373,1.0,-23.0394,1.3245,100.0,-29.0,6,7,0.5,1.0,38.51,118.85,0.8333,47.93,0,0,0,1,0,0,Ministry of Railways,Railways,South Western Railway [SWR] - II,Karnataka
705436,Kotapalli - Narasapur New Line,2026-06,2501.0,54.0,1417.7,56.6853,0.0,0.0,30.02,0.0,0.0,174.0,153.0,21.0,0.8793,0.0,-26.6653,1.8883,87.931,-57.911,6,7,0.0,0.01,0.0,0.05,0.17,11.435,0,0,0,0,0,0,Ministry of Railways,Railways,South Central Railway [SCR] - II,Andhra Pradesh
705437,Manoharabad-Kothapalli New Rail Line [151 km],2026-06,1160.0,6.0,3073.41,264.9491,0.0,0.0,72.02,0.0,0.0,122.0,113.0,9.0,0.9262,0.0,-192.9291,3.6788,92.623,-20.603,6,7,0.0,0.01,0.0,32.55,0.17,123.5033,0,0,0,0,0,0,Ministry of Railways,Railways,South Central Railway [SCR] - II,Telangana
705444,Gevra Road-Pendra Road New Railway Line [135 km],2026-07,4970.0,0.0,5327.55,107.1942,0.0,0.0,83.36,0.0,0.0,95.0,147.0,-52.0,1.5474,1.0,-23.8342,1.2859,100.0,-16.64,7,8,0.0,0.36,0.0,114.83,1.0514,75.69,0,0,0,1,0,0,Ministry of Railways,Railways,Indian Railway Construction International Limited [IRCON],Chhattisgarh
705450,Jogbani-Biratnagar New Rail Line project,2026-07,402.0,7.0,369.48,91.9104,0.0,0.0,86.5,0.0,0.0,134.0,186.0,-52.0,1.3881,1.0,-5.4104,1.0625,100.0,-13.5,7,8,0.0,0.0,0.0,0.0,0.0714,0.1514,0,0,0,1,0,0,Ministry of Railways,Railways,Indian Railway Construction International Limited [IRCON],Bihar
705453,"Dahod-Indore via Sardarpur, Jhabua & Dhar 200.97 km incl. material modification for change in alignment via Amjhera 4.82 km",2026-07,456.07,-42.0,4509.3,988.7298,342.9,8.2301,57.0,2.0,3.6364,218.0,211.0,7.0,0.9679,0.0,-931.7298,17.3461,96.789,-39.789,7,8,2.0,2.0,342.9,342.9,0.7143,80.6086,0,0,0,0,0,1,Ministry of Railways,Railways,CAOCWR WR mor,"Multi-States
(Gujarat, Madhya
Pradesh)"
705454,Chhota Udepur-Dhar 157 km,2026-07,1794.0,18.0,1855.01,103.4008,26.1,1.4271,58.0,-22.5,-27.9503,208.0,215.0,-7.0,1.0337,1.0,-45.4008,1.7828,100.0,-42.0,7,8,-22.5,-22.5,26.1,28.33,-3.1429,5.5814,0,0,0,1,0,0,Ministry of Railways,Railways,CAOCWR WR mor,"Multi-States
(Gujarat, Madhya
Pradesh)"
705457,Ratlam-Mhow-Khandwa-Akola 472.64 km including material modification for Fatehabad-Chandrawati Ganj-Ujjain 22.96 km and Rau-DADN doubling 9.40 km,2026-07,1656.25,44.0,5045.54,304.6364,438.83,9.5259,75.0,-8.0,-9.6386,186.0,178.0,8.0,0.957,0.0,-229.6364,4.0618,95.6989,-20.6989,7,8,-8.0,-8.0,438.83,438.83,-1.0,67.8871,0,0,0,0,0,1,Ministry of Railways,Railways,CAOCWR WR mor,"Multi-States
(Madhya Pradesh,
Maharashtra)"
705458,Miyagam-Karjan-Dabhoi-Samlaya 96.46 km- Gauge conversion with electrification,2026-07,483.88,113.0,816.25,168.6885,92.73,12.8165,34.0,-11.0,-24.4444,6.0,1.0,5.0,0.1667,0.0,-134.6885,4.9614,16.6667,17.3333,7,8,-11.0,-11.0,92.73,92.73,-1.0,27.8043,0,0,0,0,0,0,Ministry of Railways,Railways,CAOCWR WR mor,Gujarat
705464,Bangalore-Satyamanglam New Line Project [260 Km] - Part Hejjala - Chamarajanagar [142 Km],2026-06,1382.78,329.0,0.0,0.0,0.0,,0.0,0.0,,65.0,-1.0,66.0,-0.0154,0.0,0.0,,0.0,0.0,2,3,0.0,0.0,0.0,0.0,0.0,0.0,0,0,0,0,0,0,Ministry of Railways,Railways,South Western Railway [SWR] - II,Karnataka
705479,Wadsa-Gadchiroli 49.5 km,2026-07,1886.0,78.0,1015.46,53.842,169.24,19.9995,69.0,1.0,1.4706,40.0,32.0,8.0,0.8,0.0,15.158,0.7803,80.0,-11.0,7,8,1.0,3.0,169.24,205.9,2.2857,40.7329,0,0,0,0,0,0,Ministry of Railways,Railways,CAOC/SECR SECR mor,Maharashtra
705480,"Lalitpur-Satna, Rewa-Singrauli & Mahoba-Khajuraho 541 km",2026-07,8914.0,-95.0,6622.82,74.2968,-266.73,-3.8715,73.0,-1.0,-1.3514,337.0,329.0,8.0,0.9763,0.0,-1.2968,1.0178,97.6261,-24.6261,7,8,-1.0,-1.0,-266.73,-266.73,0.0,10.9171,0,0,0,0,0,0,Ministry of Railways,Railways,CE/C-4/WCR WCR mor,"Multi-States
(Madhya Pradesh,
Uttar Pradesh)"
705481,Ramganj Mandi-Bhopal 262 km,2026-07,3032.0,18.0,4498.51,148.3677,,,86.0,,,292.0,299.0,-7.0,1.024,1.0,-62.3677,1.7252,100.0,-14.0,7,7,,4.0,,327.7,1.1429,97.2429,0,1,0,1,0,0,Ministry of Railways,Railways,CPM/Kota WCR mor,"Multi-States
(Madhya Pradesh,
Rajasthan)"
705482,Dholpur - Sirmuttra Gauge Conversion,2026-06,747.0,-23.0,509.8,68.2463,0.0,0.0,49.7,0.0,0.0,-14.0,74.0,-88.0,,1.0,-18.5463,1.3732,,,6,7,0.0,0.2,0.0,17.85,0.7833,12.2067,0,0,1,1,0,0,Ministry of Railways,Railways,North Central Railway,Rajasthan
705489,Madurai-Tuticorin via Aruppukkottai 143.5 km,2026-07,601.43,62.0,351.21,58.3958,,,14.0,,,61.0,121.0,-60.0,1.9836,1.0,-44.3958,4.1711,100.0,-86.0,3,3,,0.0,,0.0,4.6667,-96.6833,0,1,0,1,0,0,Ministry of Railways,Railways,CAOC/SR SR mor,Tamil Nadu
705490,Gadag - Wadi 252 km,2026-07,2842.0,52.0,2252.04,79.2414,647.15,40.3236,35.0,-1.5,-4.1096,115.0,107.0,8.0,0.9304,0.0,-44.2414,2.264,93.0435,-58.0435,7,8,-1.5,-5.0,647.15,638.55,0.7143,116.0829,0,0,0,0,0,0,Ministry of Railways,Railways,CAOC/SWR SWR mor,Karnataka
705491,Marikuppam-Kuppam 23.7 km,2026-07,297.0,44.0,145.72,49.064,-2.27,-1.5339,20.0,-1.5,-6.9767,132.0,133.0,-1.0,1.0076,1.0,-29.064,2.4532,100.0,-80.0,7,8,-1.5,-1.5,-2.27,-0.73,0.0,1.2029,0,0,0,1,0,0,Ministry of Railways,Railways,CAOC/SWR SWR mor,"Multi-States
(Andhra Pradesh,
Karnataka)"
705492,Kadur-Chickmagalur-Sakleshpur 93 km,2026-07,825.0,113.0,790.72,95.8448,1.14,0.1444,83.0,-1.8,-2.1226,24.0,37.0,-13.0,1.5417,1.0,-12.8448,1.1548,100.0,-17.0,7,8,-1.8,-1.5,1.14,8.78,0.0,9.3214,0,0,0,1,0,0,Ministry of Railways,Railways,CAOC/SWR SWR mor,Karnataka
705493,Hubli-Ankola 167 km,2026-07,5174.0,295.0,186.31,3.6009,5.83,3.2303,10.0,5.3,112.766,-221.0,35.0,-256.0,,1.0,6.3991,0.3601,,,3,4,5.3,5.3,5.83,7.89,1.7667,2.63,0,0,1,1,0,0,Ministry of Railways,Railways,CAOC/SWR SWR mor,Karnataka
705494,Rayadurg-Tumkur via Kalyandurg 213 km,2026-07,2496.0,48.0,1906.63,76.3874,-36.6,-1.8835,65.0,-8.0,-10.9589,55.0,185.0,-130.0,3.3636,1.0,-11.3874,1.1752,100.0,-35.0,7,8,-8.0,-7.5,-36.6,-34.39,-0.7143,14.11,0,0,0,1,0,0,Ministry of Railways,Railways,CAOC/SWR SWR mor,"Multi-States
(Andhra Pradesh,
Karnataka)"
705495,Bagalkot-Kudachi 142 km,2026-07,1378.0,180.0,797.37,57.8643,-11.87,-1.4668,35.0,-1.5,-4.1096,25.0,17.0,8.0,0.68,0.0,-22.8643,1.6533,68.0,-33.0,7,8,-1.5,-1.3,-11.87,-11.19,0.0,8.8814,0,0,0,0,0,0,Ministry of Railways,Railways,CAOC/SWR SWR mor,Karnataka
705496,Tumkur-Chitradurg-Davangere 199.7 km,2026-07,1876.0,80.0,676.71,36.072,74.35,12.3431,22.0,6.0,37.5,16.0,104.0,-88.0,6.5,1.0,-14.072,1.6396,100.0,-78.0,7,8,6.0,6.2,74.35,63.11,1.1429,25.3914,0,0,0,1,0,0,Ministry of Railways,Railways,CAOC/SWR SWR mor,Karnataka
705497,Wardha - Yavatmal Nanded Railway Line Project,2026-07,3445.34,62.0,4053.03,117.638,0.0,0.0,47.0,0.0,0.0,164.0,159.0,5.0,0.9695,0.0,-70.638,2.5029,96.9512,-49.9512,3,4,0.0,0.0,0.0,9.66,0.0,148.1467,0,0,0,0,0,0,Ministry of Railways,Railways,Central Railways,Maharashtra
705498,Kalyan-Kasara - 3rd line 67.62 km,2026-07,792.89,0.0,1159.82,146.2775,71.44,6.5639,73.0,0.0,0.0,135.0,130.0,5.0,0.963,0.0,-73.2775,2.0038,96.2963,-23.2963,7,8,0.0,0.0,71.44,77.18,0.7143,23.39,0,0,0,0,0,0,Ministry of Railways,Railways,CAOC/CR CR mor,Maharashtra
705500,Wardha Sevagram-Nagpur - 3rd line 76.3 km,2026-07,540.02,1.0,836.27,154.8591,-6.51,-0.7724,88.0,0.0,0.0,122.0,129.0,-7.0,1.0574,1.0,-66.8591,1.7598,100.0,-12.0,7,8,0.0,0.0,-6.51,-6.05,0.5714,5.4657,0,0,0,1,0,0,Ministry of Railways,Railways,CAOC/CR CR mor,Maharashtra
705502,Wardha-Balharshah - 3rd line 132 km,2026-07,1384.72,2.0,1894.7,136.8291,52.99,2.8772,86.0,0.0,0.0,115.0,122.0,-7.0,1.0609,1.0,-50.8291,1.591,100.0,-14.0,7,8,0.0,0.0,52.99,65.06,0.0,23.8386,0,0,0,1,0,0,Ministry of Railways,Railways,CAOC/CR CR mor,Maharashtra
705503,Pune - Miraj-Londa [467 Kilometres],2026-03,4027.53,0.0,5248.72,130.3211,68.47,1.3218,100.0,0.0,0.0,104.0,117.0,-13.0,1.125,1.0,-30.3211,1.3032,100.0,0.0,3,4,0.0,0.0,68.47,106.35,0.0,45.07,0,0,0,1,0,0,Ministry of Railways,Railways,Central Railway,Maharashtra
705504,Daund - Manmad 247.50 km,2026-07,2081.27,13.0,3191.56,153.3468,79.76,2.5631,95.0,3.0,3.2609,85.0,92.0,-7.0,1.0824,1.0,-58.3468,1.6142,100.0,-5.0,7,8,3.0,3.0,79.76,86.18,0.4286,33.5114,0,0,0,1,0,0,Ministry of Railways,Railways,CAOC/CR CR mor,Maharashtra
705505,Wardha-Nagpur - 4th line 78.70 km,2026-07,637.95,2.0,1090.49,170.9366,29.26,2.7572,88.0,0.0,0.0,102.0,109.0,-7.0,1.0686,1.0,-82.9366,1.9425,100.0,-12.0,7,8,0.0,0.0,29.26,41.07,0.0,7.7957,0,0,0,1,0,0,Ministry of Railways,Railways,CAOC/CR CR mor,Maharashtra
705506,3rd Line Manmad - Jalgaon [160 Kilometres],2026-07,1035.16,11.0,1843.54,178.0923,0.0,0.0,100.0,0.0,0.0,80.0,99.0,-19.0,1.2375,1.0,-78.0923,1.7809,100.0,0.0,7,8,0.0,0.0,0.0,1.28,0.7143,16.6571,0,0,0,1,0,0,Ministry of Railways,Railways,Central Railway [CR] - II,Maharashtra
705507,Itarsi-Nagpur bal. 280 km,2026-07,2449.91,3.0,2290.12,93.4777,94.35,4.2969,55.0,0.0,0.0,123.0,115.0,8.0,0.935,0.0,-38.4777,1.6996,93.4959,-38.4959,7,8,0.0,5.0,94.35,125.33,0.0,43.4543,0,0,0,0,0,0,Ministry of Railways,Railways,CAOC/CR CR mor,"Multi-States
(Madhya Pradesh,
Maharashtra)"
705510,Bhadrak-Nergundi - 3rd line 80 km,2026-07,1284.0,54.0,1395.78,108.7056,16.18,1.1728,87.0,-8.8,-9.1858,98.0,118.0,-20.0,1.2041,1.0,-21.7056,1.2495,100.0,-13.0,7,8,-8.8,-8.8,16.18,16.18,-0.5714,10.3086,0,0,0,1,0,0,Ministry of Railways,Railways,CAO/C/ECOR ECoR mor,Odisha
705511,Jagdalpur-Koraput 110.22 km,2026-07,1547.0,70.0,1382.17,89.3452,-21.73,-1.5478,90.0,-2.55,-2.7553,29.0,57.0,-28.0,1.9655,1.0,0.6548,0.9927,100.0,-10.0,7,8,-2.55,-4.94,-21.73,-5.07,-0.2857,4.7971,0,0,0,1,0,0,Ministry of Railways,Railways,CAO/C/ECOR ECoR mor,"Multi-States
(Chhattisgarh,
Odisha)"
705512,Kottavalasa-Koraput 189.278 km,2026-07,2500.0,1.0,2300.04,92.0016,82.17,3.7049,74.0,1.0,1.3699,74.0,126.0,-52.0,1.7027,1.0,-18.0016,1.2433,100.0,-26.0,7,8,1.0,1.0,82.17,82.17,0.4286,29.7643,0,0,0,1,0,0,Ministry of Railways,Railways,CAO/C/ECOR ECoR mor,"Multi-States
(Andhra Pradesh,
Odisha)"
705513,Koraput-Singapur Road 164.56 km,2026-07,2362.0,1.0,2093.47,88.6312,85.64,4.2653,56.0,-11.67,-17.2455,143.0,126.0,17.0,0.8811,0.0,-32.6312,1.5827,88.1119,-32.1119,7,8,-11.67,-19.19,85.64,117.09,-2.1429,33.8643,0,0,0,0,0,0,Ministry of Railways,Railways,CAO/C/ECOR ECoR mor,Odisha
705514,Jarapaada-Budhapank with flyover at Talcher Road - 3rd & 4th line 47 44 km,2026-07,1000.0,6.0,758.57,75.857,279.74,58.4216,25.0,-34.0,-57.6271,30.0,122.0,-92.0,4.0667,1.0,-50.857,3.0343,100.0,-75.0,7,8,-34.0,-34.0,279.74,288.79,-4.7143,47.1043,0,0,0,1,0,0,Ministry of Railways,Railways,CAO/C/ECOR ECoR mor,Odisha
705515,Budhapank-Salegaon via Rajatgarh - 3rd & 4th line 85 85 km,2026-07,1173.0,4.0,2213.72,188.7229,75.63,3.5373,86.0,-4.0,-4.4444,119.0,123.0,-4.0,1.0336,1.0,-102.7229,2.1945,100.0,-14.0,7,8,-4.0,-4.0,75.63,75.63,0.1429,21.3986,0,0,0,1,0,0,Ministry of Railways,Railways,CAO/C/ECOR ECoR mor,Odisha
705526,Samastipur-Darbhanga 38 km,2026-07,519.0,15.0,746.81,143.894,334.23,81.0097,92.0,-8.0,-8.0,97.0,113.0,-16.0,1.1649,1.0,-51.894,1.5641,100.0,-8.0,7,8,-8.0,-8.0,334.23,337.33,0.0,-7554.7029,0,0,0,1,0,0,Ministry of Railways,Railways,CAO/Con/North/MHX ECR mor,Bihar
705527,Sagauli - Valmikinagar 109.7 km,2026-07,1216.0,-1.0,1460.42,120.1003,-642.09,-30.5392,91.0,-2.0,-2.1505,94.0,101.0,-7.0,1.0745,1.0,-29.1003,1.3198,100.0,-9.0,7,8,-2.0,-2.0,-642.09,-642.09,-0.1429,-88.9443,0,0,0,1,0,0,Ministry of Railways,Railways,CAO/Con/North/MHX ECR mor,Bihar
705528,Muzaffarpur - Sagauli 100.6 km,2026-07,1586.0,12.0,1554.88,98.0378,45.21,2.9947,99.0,0.0,0.0,63.0,88.0,-25.0,1.3968,1.0,0.9622,0.9903,100.0,-1.0,7,8,0.0,0.0,45.21,55.65,0.0,11.25,0,0,0,1,0,0,Ministry of Railways,Railways,CAO/Con/North/MHX ECR mor,Bihar
705562,Chhapra-Ballia - Patch doubling 65 km,2026-07,963.0,33.0,1000.05,103.8474,81.87,8.9166,95.0,-1.0,-1.0417,110.0,127.0,-17.0,1.1545,1.0,-8.8474,1.0931,100.0,-5.0,7,8,-1.0,-1.0,81.87,81.87,0.0,12.5171,0,0,0,1,0,0,Ministry of Railways,Railways,CAOC/NER NER mor,"Multi-States
(Bihar, Uttar
Pradesh)"
705567,Burhwal - Gonda - 3rd line 61.72 km,2026-07,1016.0,29.0,777.21,76.497,-281.56,-26.5931,100.0,11.5,12.9944,59.0,75.0,-16.0,1.2712,1.0,23.503,0.765,100.0,0.0,7,8,11.5,11.5,-281.56,-281.56,1.7143,-97.7529,0,0,0,1,0,0,Ministry of Railways,Railways,CAOC/NER NER mor,Uttar Pradesh
705572,New Bongaigaon - Goalpara - Guwahati Kamakhya 176 km,2026-07,4060.0,9.0,3821.96,94.1369,-9.1,-0.2375,91.0,-4.16,-4.3716,105.0,109.0,-4.0,1.0381,1.0,-3.1369,1.0345,100.0,-9.0,7,8,-4.16,-4.16,-9.1,-9.1,-0.2857,11.83,0,0,0,1,0,0,Ministry of Railways,Railways,CAO/C-III/NFR NFR mor,Assam
705583,Anand Vihar-Tilak Bridge - 3rd & 4th line 9.77 km,2026-07,667.0,22.0,393.68,59.0225,59.96,17.9672,23.0,0.0,0.0,107.0,147.0,-40.0,1.3738,1.0,-36.0225,2.5662,100.0,-77.0,7,8,0.0,0.0,59.96,69.51,-5.7143,14.9171,0,0,0,1,0,0,Ministry of Railways,Railways,CAOC/NR NR mor,Delhi
705588,Janghai - Pratapgarh - Amethi 87 km,2026-07,722.0,16.0,1216.52,168.4931,-512.75,-29.6512,80.0,10.0,14.2857,72.0,88.0,-16.0,1.2222,1.0,-88.4931,2.1062,100.0,-20.0,7,8,10.0,10.0,-512.75,-512.75,1.4286,-54.9257,0,0,0,1,0,0,Ministry of Railways,Railways,CAO/C-II/NR NR mor,Uttar Pradesh
705598,Jhansi-Bina - 3rd line 152.57 km,2026-07,2002.0,42.0,1943.61,97.0834,-16.7,-0.8519,98.0,0.0,0.0,24.0,76.0,-52.0,3.1667,1.0,0.9166,0.9906,100.0,-2.0,7,8,0.0,2.0,-16.7,1.12,0.7143,14.3457,0,0,0,1,0,0,Ministry of Railways,Railways,CAO/C/NCR NCR mor,"Multi-States
(Madhya Pradesh,
Uttar Pradesh)"
705608,Jhansi-Khairar-Manikpur & Khirar-Bhimsen,2026-07,4330.0,13.0,3102.72,71.6564,0.0,0.0,73.0,0.0,0.0,83.0,87.0,-4.0,1.0482,1.0,1.3436,0.9816,100.0,-27.0,7,8,0.0,3.0,0.0,102.63,1.5714,102.0014,0,0,0,1,0,0,Ministry of Railways,Railways,North Central Railway,"Multi-States
(Madhya Pradesh,
Uttar Pradesh)"
705610,"Renigunta 9.60 km, Wadi 7.60 km & Gooty 3.8 km - Bypass",2026-07,302.0,4.0,421.36,139.5232,-215.38,-33.8254,50.0,-39.04,-43.8455,112.0,119.0,-7.0,1.0625,1.0,-89.5232,2.7905,100.0,-50.0,7,8,-39.04,-39.04,-215.38,-215.38,0.0,5.7657,0,0,0,1,0,0,Ministry of Railways,Railways,CAO/C/SCoR SCoR mor,"Multi-States
(Andhra Pradesh,
Tamil Nadu)"
705612,Kazipet-Vijayawada 3rd line with electrification [220 km],2026-06,1953.0,17.0,5192.51,265.8735,0.0,0.0,95.02,0.0,0.0,126.0,142.0,-16.0,1.127,1.0,-170.8535,2.7981,100.0,-4.98,6,7,0.0,0.01,0.0,13.86,0.17,192.5367,0,0,0,1,0,0,Ministry of Railways,Railways,South Central Railway [SCR] - II,"Multi-States
(Andhra Pradesh,
Telangana)"
705613,Third Line [new] between Kazipet - Balharshah with electrification [201.04 Km],2026-06,2595.0,1.0,4154.83,160.1091,0.0,0.0,94.8,0.0,0.0,99.0,116.0,-17.0,1.1717,1.0,-65.3091,1.6889,100.0,-5.2,6,7,0.0,0.1,0.0,13.57,0.1333,95.7733,0,0,0,1,0,0,Ministry of Railways,Railways,South Central Railway [SCR] - II,"Multi-States
(Maharashtra,
Telangana)"
705616,Jharsuguda - Bilaspur - 4th line 206 km,2026-07,2140.0,-6.0,2540.98,118.7374,238.29,10.3483,88.0,-9.0,-9.2784,103.0,124.0,-21.0,1.2039,1.0,-30.7374,1.3493,100.0,-12.0,7,8,-9.0,-9.0,238.29,258.81,-0.7143,48.99,0,0,0,1,0,0,Ministry of Railways,Railways,CAOC/SECR SECR mor,"Multi-States
(Chhattisgarh,
Odisha)"
705617,Rajnandgaon-Nagpur - 3rd line 228 km,2026-07,3545.0,3.0,3143.54,88.6753,-535.43,-14.5538,95.0,-1.0,-1.0417,96.0,115.0,-19.0,1.1979,1.0,6.3247,0.9334,100.0,-5.0,7,8,-1.0,-1.0,-535.43,-511.93,-0.1429,-58.8,0,0,0,1,0,0,Ministry of Railways,Railways,CAOC/SECR SECR mor,"Multi-States
(Chhattisgarh,
Maharashtra)"
705628,Bondamunda - Ranchi 158.50 km,2026-07,3029.0,11.0,2696.32,89.0168,47.1,1.7779,95.0,1.0,1.0638,100.0,113.0,-13.0,1.13,1.0,5.9832,0.937,100.0,-5.0,7,8,1.0,1.0,47.1,47.1,1.1429,23.3314,0,0,0,1,0,0,Ministry of Railways,Railways,CAO/C/SER SER mor,"Multi-States
(Jharkhand,
Odisha)"
705629,Narayangarh - Bhadrak - 3rd line 155 km,2026-07,2400.0,11.0,2886.02,120.2508,172.83,6.37,84.0,2.0,2.439,70.0,77.0,-7.0,1.1,1.0,-36.2508,1.4316,100.0,-16.0,7,8,2.0,2.0,172.83,172.83,2.5714,68.7571,0,0,0,1,0,0,Ministry of Railways,Railways,CAO/C/SER SER mor,"Multi-States
(Odisha, West
Bengal)"
705632,Vijayawada19.50 km & Kazipet10.65 km -Byepass line,2026-07,647.0,57.0,705.66,109.0665,-543.73,-43.5196,90.0,-3.6,-3.8462,48.0,66.0,-18.0,1.375,1.0,-19.0665,1.2118,100.0,-10.0,7,8,-3.6,-3.6,-543.73,-543.73,-0.4286,-48.9886,0,0,0,1,0,0,Ministry of Railways,Railways,CAO/C/SCoR SCoR mor,"Multi-States
(Andhra Pradesh,
Telangana)"
705633,Guntur-Guntakal Doubling Project,2026-06,3733.0,8.0,5552.65,148.745,0.0,0.0,94.05,0.0,0.0,97.0,103.0,-6.0,1.0619,1.0,-54.695,1.5816,100.0,-5.95,6,7,0.0,0.04,0.0,29.05,0.175,133.2117,0,0,0,1,0,0,Ministry of Railways,Railways,South Central Railway [SCR] - II,Andhra Pradesh
705635,Trivandrum- Kanyakumari,2026-07,1432.0,24.0,3258.97,227.5817,45.33,1.4106,59.0,1.0,1.7241,67.0,83.0,-16.0,1.2388,1.0,-168.5817,3.8573,100.0,-41.0,7,7,1.0,2.0,45.33,63.97,1.1429,100.6729,0,0,0,1,0,0,Ministry of Railways,Railways,CAO/CN/ERS SR mor,"Multi-States
(Kerala, Tamil
Nadu)"
705638,Kumbalam-Turavur - Patch doubling 15.59 km,2026-07,813.0,18.0,395.03,48.5892,243.2,160.1791,30.0,-5.0,-14.2857,29.0,21.0,8.0,0.7241,0.0,-18.5892,1.6196,72.4138,-42.4138,7,8,-5.0,-3.0,243.2,267.39,1.4286,44.8171,0,0,0,0,0,0,Ministry of Railways,Railways,CAO/CN/ERS SR mor,Kerala
705639,Ernakulam-Kumbalam - Patch doubling 7.71 km,2026-07,601.0,18.0,312.63,52.0183,-1.34,-0.4268,25.0,-3.0,-10.7143,41.0,21.0,20.0,0.5122,0.0,-27.0183,2.0807,51.2195,-26.2195,7,8,-3.0,-0.5,-1.34,2.78,0.5714,2.58,0,0,0,0,0,0,Ministry of Railways,Railways,CAO/CN/ERS SR mor,Kerala
705648,Vijaywada-Gudur 3rd Line,2026-06,6654.0,20.0,6213.64,93.382,31.99,0.5175,96.0,0.0,0.0,79.0,98.0,-19.0,1.2405,1.0,2.618,0.9727,100.0,-4.0,6,7,0.0,0.0,31.99,43.32,0.3333,21.02,0,0,0,1,0,0,Ministry of Railways,Railways,RVNL - II,Andhra Pradesh
705650,Hospet - Tinaighat - Vasco Rail Doubling Project,2026-06,5060.0,28.0,5511.03,108.9136,178.51,3.3476,86.14,-0.06,-0.0696,176.0,167.0,9.0,0.9489,0.0,-22.7736,1.2644,94.8864,-8.7464,6,7,-0.06,0.01,178.51,206.84,0.0233,39.9033,0,0,0,0,0,0,Ministry of Railways,Railways,RVNL - II,"Multi-States (Goa,
Karnataka)"
705651,Katni - Bina Third Railway Line [279 km],2026-02,2478.23,7.0,3368.11,135.9079,10.64,0.3169,100.0,1.0,1.0101,62.0,109.0,-47.0,1.7581,1.0,-35.9079,1.3591,100.0,0.0,2,3,1.0,2.0,10.64,23.6,1.0,11.8,0,0,0,1,0,0,Ministry of Railways,Railways,West Central Railway WCR I,Madhya Pradesh
705659,Satna - Rewa 50 km,2026-07,500.0,9.0,618.19,123.638,44.39,7.7361,88.0,0.0,0.0,115.0,119.0,-4.0,1.0348,1.0,-35.638,1.405,100.0,-12.0,7,8,0.0,0.0,44.39,44.39,0.4286,10.3543,0,0,0,1,0,0,Ministry of Railways,Railways,CE/C-4/WCR WCR mor,Madhya Pradesh
705660,Doubling of Katni - Singrauli Railway Line [261 km],2026-06,2445.0,12.0,3368.46,137.7693,7.57,0.2252,81.25,0.05,0.0616,105.0,111.0,-6.0,1.0571,1.0,-56.5193,1.6956,100.0,-18.75,6,7,0.05,0.15,7.57,61.68,-3.125,19.155,0,0,0,1,0,0,Ministry of Railways,Railways,Indian Railway Construction International Limited [IRCON],Madhya Pradesh
705661,Katni - Grade separator / bypass 21.50 km,2026-07,1248.0,13.0,1839.46,147.3926,-10.92,-0.5901,84.0,-11.0,-11.5789,84.0,106.0,-22.0,1.2619,1.0,-63.3926,1.7547,100.0,-16.0,7,8,-11.0,-11.0,-10.92,-10.92,-1.5714,17.2429,0,0,0,1,0,0,Ministry of Railways,Railways,GM IRCON KATNI WCR mor,Madhya Pradesh
705662,Hotgi-Kudgi-Gadag Doubling Project,2026-02,1878.0,21.0,2763.97,147.1763,54.27,2.0028,93.0,0.0,0.0,107.0,121.0,-14.0,1.1308,1.0,-54.1763,1.5825,100.0,-7.0,2,3,0.0,1.0,54.27,65.68,0.5,32.84,0,0,0,1,0,0,Ministry of Railways,Railways,South Western Railway [SWR] - II,"Multi-States
(Karnataka,
Maharashtra)"
705663,Bangalore-Whitefield-Bangalore City-Krishnarajapuram 23.08 km - Quadrupling,2026-07,493.0,50.0,459.94,93.2941,122.57,36.331,70.0,-15.9,-18.5099,45.0,50.0,-5.0,1.1111,1.0,-23.2941,1.3328,100.0,-30.0,7,8,-15.9,-15.8,122.57,114.12,-2.0,25.7314,0,0,0,1,0,0,Ministry of Railways,Railways,CPM/GS/SBC SWR mor,Karnataka
705667,Mathura-Jhansi - 3rd line 273.80 km,2026-07,5961.0,5.0,5725.22,96.0446,530.04,10.2025,94.0,-2.71,-2.8022,82.0,113.0,-31.0,1.378,1.0,-2.0446,1.0218,100.0,-6.0,7,8,-2.71,-2.32,530.04,553.43,0.0,96.4229,0,0,0,1,0,0,Ministry of Railways,Railways,CMD / RVNL RVNL mor,"Multi-States
(Madhya Pradesh,
Rajasthan, Uttar
Pradesh)"
705668,Kharagpur-Adityapur - 3rd line 132 km,2026-07,3250.0,2.0,3297.43,101.4594,3.14,0.0953,98.0,0.0,0.0,100.0,116.0,-16.0,1.16,1.0,-3.4594,1.0353,100.0,-2.0,7,8,0.0,0.0,3.14,10.24,0.1429,7.0771,0,0,0,1,0,0,Ministry of Railways,Railways,CMD / RVNL RVNL mor,"Multi-States
(Jharkhand, West
Bengal)"
705728,Mumbai-Ahmedabad High Speed Rail Project- 508 km,2026-07,108000.0,30.0,90966.89,84.2286,0.0,0.0,62.16,1.29,2.1193,119.0,106.0,13.0,0.8908,0.0,-22.0686,1.355,89.0756,-26.9156,7,8,1.29,1.29,0.0,0.0,0.88,804.1429,0,0,0,0,0,0,Ministry of Railways,Railways,National High Speed Rail Corporation [NHSRC],"Multi-States
(Dadra & Nagar
Haveli and Daman
& Diu, Gujarat,
Maharashtra)"
705730,Joka-BBD Bag new metro project,2026-06,4835.0,1.0,5098.73,105.4546,100.24,2.0054,51.0,0.0,0.0,200.0,194.0,6.0,0.97,0.0,-54.4546,2.0677,97.0,-46.0,6,7,0.0,0.0,100.24,166.26,0.0,59.76,0,0,0,0,0,0,Ministry of Railways,Railways,RVNL - II,West Bengal
705735,Solapur-Osmanabad - New line via Tuljapur 84.44 km umbrella work PB23/2018- 19/NR,2026-07,904.92,68.0,1202.73,132.9101,-74.9,-5.8624,22.0,0.0,0.0,30.0,22.0,8.0,0.7333,0.0,-110.9101,6.0414,73.3333,-51.3333,7,8,0.0,11.0,-74.9,-42.78,1.4286,3.5543,0,0,0,0,0,0,Ministry of Railways,Railways,CAOC/CR CR mor,Maharashtra
705741,Jeypore - Navarangpur 38 km,2026-07,748.0,62.0,15.93,2.1297,0.02,0.1257,1.0,-1.13,-53.0516,70.0,46.0,24.0,0.6571,0.0,-1.1297,2.1297,65.7143,-64.7143,7,8,-1.13,-1.13,0.02,0.02,0.0,0.3957,0,0,0,0,0,0,Ministry of Railways,Railways,CAO/C/ECOR ECoR mor,Odisha
705742,Jeypore - Malkangiri 130 km,2026-07,2344.0,98.0,736.58,31.4241,,,6.0,,,87.0,3.0,84.0,0.0345,0.0,-25.4241,5.2373,3.4483,2.5517,7,7,,-1.5,,186.86,-2.0,34.9414,0,1,0,0,0,0,Ministry of Railways,Railways,CAO/C/ECOR ECoR mor,Odisha
705747,Parasnath-Madhuban-Giridih new line,2026-06,902.86,0.0,0.0,0.0,0.0,,0.1,0.0,0.0,60.0,87.0,-27.0,1.45,1.0,0.1,0.0,100.0,-99.9,2,3,0.0,0.0,0.0,0.0,0.0,0.0,0,0,0,1,0,0,Ministry of Railways,Railways,East Central Railway [ECR] - I,Jharkhand
705752,Gudha-Thathana Mithri - Construction of dedicated test track for testing and trial of rolling stocks and infrastructure components umbrella work PB23/2018-19/NR,2026-07,819.48,7.0,326.2,39.8057,-79.19,-19.5343,95.0,0.0,0.0,84.0,80.0,4.0,0.9524,0.0,55.1943,0.419,95.2381,-0.2381,7,8,0.0,0.0,-79.19,-79.19,-0.5714,-9.6571,0,0,0,0,0,0,Ministry of Railways,Railways,CAOC/NWR NWR mor,Rajasthan
705761,Shimoga-Shikaripura-Ranebennur 103 km umbrella work PB23/2018-19/NR,2026-07,1454.0,51.0,106.18,7.3026,3.54,3.4489,14.0,0.1,0.7194,48.0,31.0,17.0,0.6458,0.0,6.6974,0.5216,64.5833,-50.5833,7,8,0.1,0.2,3.54,-5.49,0.4286,4.7286,0,0,0,0,0,0,Ministry of Railways,Railways,CAOC/SWR SWR mor,Karnataka
705762,Construction of New BG line between Hassan [Alur] to Belur [ Km 27.34],2026-06,748.86,39.0,3.64,0.4861,2.49,216.5217,0.0,-0.3,-100.0,55.0,45.0,10.0,0.8182,0.0,-0.4861,,81.8182,-81.8182,2,3,-0.3,-0.3,2.49,2.49,-0.15,1.245,0,0,0,0,0,0,Ministry of Railways,Railways,CAOC/SWR SWR mor,Karnataka
705763,Indore - Budni New Railway Line [198 kms],2026-06,7474.0,14.0,2879.62,38.5285,262.11,10.0137,41.0,4.0,10.8108,119.0,68.0,51.0,0.5714,0.0,2.4715,0.9397,57.1429,-16.1429,6,7,4.0,5.0,262.11,350.41,2.3333,156.685,0,0,0,0,0,0,Ministry of Railways,Railways,RVNL - II,Madhya Pradesh
705764,Nimach-Badi Sadri NL Project 48 km,2026-07,495.0,39.0,577.16,116.598,282.59,95.9331,60.0,0.0,0.0,50.0,54.0,-4.0,1.08,1.0,-56.598,1.9433,100.0,-40.0,7,8,0.0,0.0,282.59,292.5,0.2857,60.77,0,0,0,1,0,0,Ministry of Railways,Railways,CAOC/NWR NWR mor,"Multi-States
(Madhya Pradesh,
Rajasthan)"
705765,Gomoh - Flyover for down trains 20 km,2026-07,686.0,51.0,531.63,77.4971,-103.08,-16.2405,65.0,-1.7,-2.5487,47.0,51.0,-4.0,1.0851,1.0,-12.4971,1.1923,100.0,-35.0,7,8,-1.7,-1.7,-103.08,-103.08,0.0,-9.8029,0,0,0,1,0,0,Ministry of Railways,Railways,CAO/Con/South/MHX ECR mor,Jharkhand
705766,Lalitpur - Birari with flyover at Lalitpur 15.80 km,2026-07,304.44,72.0,287.11,94.3076,3.44,1.2127,85.0,-1.0,-1.1628,21.0,40.0,-19.0,1.9048,1.0,-9.3076,1.1095,100.0,-15.0,7,8,-1.0,-1.0,3.44,7.85,0.7143,6.5486,0,0,0,1,0,0,Ministry of Railways,Railways,CAO/C/NCR NCR mor,Uttar Pradesh
705771,Allahabad-Bamhrauli Flyover Construction & 4th Railway Line Project,2026-06,494.0,18.0,410.3,83.0567,0.0,0.0,80.0,0.0,0.0,65.0,68.0,-3.0,1.0462,1.0,-3.0567,1.0382,100.0,-20.0,6,7,0.0,2.0,0.0,12.73,2.1667,6.5167,0,0,0,1,0,0,Ministry of Railways,Railways,North Central Railway,Uttar Pradesh
705772,Mughalsarai - Allahabad - 3rd line 150 km,2026-07,2649.0,16.0,2027.64,76.5436,2.99,0.1477,77.0,3.0,4.0541,72.0,67.0,5.0,0.9306,0.0,0.4564,0.9941,93.0556,-16.0556,7,8,3.0,4.0,2.99,36.6,1.5714,42.7343,0,0,0,0,0,0,Ministry of Railways,Railways,CAO/C/NCR NCR mor,Uttar Pradesh
705774,Aligarh-Daud Khan - 3rd line 6.9 km & construction of flyover at Daud Khan,2026-07,758.0,22.0,395.24,52.1425,-115.88,-22.6718,87.0,4.0,4.8193,47.0,65.0,-18.0,1.383,1.0,34.8575,0.5993,100.0,-13.0,7,8,4.0,4.0,-115.88,-115.88,2.0,-3.7657,0,0,0,1,0,0,Ministry of Railways,Railways,CAO/C/NCR NCR mor,Uttar Pradesh
705777,Bhandai - Flyover for Etawah bound down trains 10 km,2026-07,250.18,80.0,146.85,58.6977,-16.42,-10.057,11.0,2.0,22.2222,2.0,7.0,-5.0,3.5,1.0,-47.6977,5.3362,100.0,-89.0,7,8,2.0,2.0,-16.42,-16.42,0.4286,4.4514,0,0,0,1,0,0,Ministry of Railways,Railways,CAO/C/NCR NCR mor,Uttar Pradesh
705780,Bhatni - Aunrihar with electrification 125 km excl Indara - Mau 116.95 km,2026-07,2529.0,20.0,2295.3,90.7592,123.58,5.6904,94.0,-2.7,-2.7921,52.0,80.0,-28.0,1.5385,1.0,3.2408,0.9655,100.0,-6.0,7,8,-2.7,-2.6,123.58,125.58,0.0,30.6986,0,0,0,1,0,0,Ministry of Railways,Railways,CMD / RVNL RVNL mor,Uttar Pradesh
705782,Barabanki-Malhaur - 3rd & 4th Line 32.84 km,2026-07,407.0,43.0,444.11,109.1179,26.89,6.445,77.0,-1.0,-1.2821,31.0,47.0,-16.0,1.5161,1.0,-32.1179,1.4171,100.0,-23.0,7,8,-1.0,-1.0,26.89,26.89,0.2857,18.1586,0,0,0,1,0,0,Ministry of Railways,Railways,CAO/C-II/NR NR mor,Uttar Pradesh
705783,Ludhiana-Kila Raipur 19 km with freight line at Gill station,2026-07,237.64,45.0,108.49,45.6531,-28.56,-20.8391,70.0,13.0,22.807,27.0,43.0,-16.0,1.5926,1.0,24.3469,0.6522,100.0,-30.0,7,8,13.0,13.0,-28.56,-28.56,2.0,-3.9186,0,0,0,1,0,0,Ministry of Railways,Railways,CAOC/NR NR mor,Punjab
705785,Lodhma-Piska - Link line bypassing Hatia / Ranchi with Y connection 17.2 km,2026-07,473.0,51.0,344.5,72.833,-4.81,-1.377,14.0,4.0,40.0,7.0,8.0,-1.0,1.1429,1.0,-58.833,5.2024,100.0,-86.0,7,8,4.0,4.0,-4.81,-4.81,1.2857,7.9643,0,0,0,1,0,0,Ministry of Railways,Railways,CAO/C/SER SER mor,Jharkhand
705789,Penukonda - Dharmavaram Doubling Project [41.5 Km],2026-01,307.66,6.0,296.58,96.3986,1.97,0.6687,89.0,2.0,2.2989,87.0,85.0,2.0,0.977,0.0,-7.3986,1.0831,97.7011,-8.7011,1,2,2.0,,1.97,,2.0,1.97,0,0,0,0,0,0,Ministry of Railways,Railways,South Western Railway [SWR] - II,Andhra Pradesh
705793,Raising of speed to 160 kmph/200 kmph on existing New Delhi-Mumbai route incl. Vadodara-Ahmedabad,2026-07,6806.44,0.0,9480.86,139.2925,0.0,0.0,66.32,0.0,0.0,54.0,82.0,-28.0,1.5185,1.0,-72.9725,2.1003,100.0,-33.68,7,8,0.0,0.0,0.0,0.0,9.4743,1335.03,0,0,0,1,0,0,Ministry of Railways,Railways,PCE/WR,"Multi-States (Delhi,
Gujarat, Madhya
Pradesh,
Maharashtra,
Rajasthan)"
705794,New Delhi- Howrah Speed Booster[160Kmph] Project,2026-06,6684.81,0.0,127.03,1.9003,0.0,0.0,0.0,0.0,,54.0,81.0,-27.0,1.5,1.0,-1.9003,,100.0,-100.0,6,7,0.0,0.0,0.0,0.0,0.0,0.0,0,0,0,1,0,0,Ministry of Railways,Railways,PCE/NCR,"Multi-States
(Bihar, Delhi,
Jharkhand, Uttar
Pradesh, West
Bengal)"
705799,Nagpur- Nagbhir Railway Line Gauge Conversion Project,2026-06,1400.0,6.0,1472.0,105.1429,0.0,0.0,80.0,0.0,0.0,68.0,74.0,-6.0,1.0882,1.0,-25.1429,1.3143,100.0,-20.0,6,7,0.0,0.0,0.0,0.0,0.0,0.0,0,0,0,1,0,0,Ministry of Railways,Railways,MRIDC,Maharashtra
705912,Sawai Madhopur-Jaipur Railway Line Project,2026-06,1203.89,-10.0,240.33,19.9628,31.66,15.1723,19.0,0.0,0.0,47.0,38.0,9.0,0.8085,0.0,-0.9628,1.0507,80.8511,-61.8511,6,7,0.0,0.0,31.66,33.22,1.0,17.0867,0,0,0,0,0,0,Ministry of Railways,Railways,North Western Railway [NWR],Rajasthan
705918,Allahabad division - Aligarh - Harduaganj Flyover,2026-06,1457.0,10.0,400.19,27.4667,0.0,0.0,36.0,0.0,0.0,68.0,64.0,4.0,0.9412,0.0,8.5333,0.763,94.1176,-58.1176,5,6,0.0,0.0,0.0,0.0,0.4,0.0,0,0,0,0,0,0,Ministry of Railways,Railways,North Central Railway,Uttar Pradesh
705919,Agra Fort-Bandikui Doubling Line Project,2026-07,1390.0,-16.0,529.92,38.1237,0.0,0.0,56.0,0.0,0.0,76.0,65.0,11.0,0.8553,0.0,17.8763,0.6808,85.5263,-29.5263,7,8,0.0,0.0,0.0,0.0,-0.1429,23.8571,0,0,0,0,0,0,Ministry of Railways,Railways,CAO/C/NCR,Rajasthan
705933,Nimach-Ratlam 133 km,2026-07,1095.88,10.0,1488.18,135.7977,203.27,15.8198,100.0,0.0,0.0,62.0,47.0,15.0,0.7581,0.0,-35.7977,1.358,75.8065,24.1935,7,8,0.0,6.0,203.27,203.27,1.5714,60.0986,0,0,0,0,0,0,Ministry of Railways,Railways,CAOCWR WR mor,Madhya Pradesh
705941,Bangalore Suburban Railway Project,2026-07,15767.0,0.0,3277.99,20.7902,0.0,0.0,20.02,0.0,0.0,74.0,69.0,5.0,0.9324,0.0,-0.7702,1.0385,93.2432,-73.2232,7,8,0.0,0.0,0.0,0.0,0.1457,136.7329,0,0,0,0,0,0,Ministry of Railways,Railways,Karnataka Rail Infrastructure Development Company Limited [K-RIDE],Karnataka
706718,C/o NITB Imphal Airport,2026-07,499.0,8.0,212.17,42.519,5.34,2.5818,53.14,0.5,0.9498,24.0,48.0,-24.0,2.0,1.0,10.621,0.8001,100.0,-46.86,7,8,0.5,1.49,5.34,5.56,1.5914,7.4443,0,0,0,1,0,0,Ministry of Civil Aviation,Aviation & Aviation Infrastructure,Airport Authority of India [AAI],Manipur
706724,Guwahati Airport New Integrated Terminal Building Construction Project,2026-07,1712.0,15.0,2670.23,155.9714,10.08,0.3789,99.5,0.2,0.2014,84.0,100.0,-16.0,1.1905,1.0,-56.4714,1.5676,100.0,-0.5,7,8,0.2,1.0,10.08,30.24,0.5,22.2343,0,0,0,1,0,0,Ministry of Civil Aviation,Aviation & Aviation Infrastructure,Adani Airport Holdings Limited,Assam
706757,Modasa-Shamlaji Road Railway Line Project,2026-06,262.0,-53.0,387.82,148.0229,0.0,0.0,64.0,0.0,0.0,203.0,218.0,-15.0,1.0739,1.0,-84.0229,2.3129,100.0,-36.0,6,7,0.0,0.0,0.0,4.15,0.1667,7.725,0,0,0,1,0,0,Ministry of Railways,Railways,Western Railway WR - II,Gujarat
706759,Rampur Dumra-Tal-Rajendrapul - Addl bridge and doubling 14 km,2026-07,2373.64,13.0,2028.18,85.446,446.22,28.2068,95.0,-3.5,-3.5533,92.0,111.0,-19.0,1.2065,1.0,9.554,0.8994,100.0,-5.0,7,8,-3.5,-3.5,446.22,446.22,-0.4286,82.4557,0,0,0,1,0,0,Ministry of Railways,Railways,CGM/CIVIL ECR mor,Bihar
706763,Rajkot-Kanalus 111.20 km,2026-07,1080.58,10.0,1107.75,102.5144,137.97,14.2269,90.0,8.0,9.7561,50.0,47.0,3.0,0.94,0.0,-12.5144,1.139,94.0,-4.0,7,8,8.0,9.0,137.97,149.34,1.7143,39.7,0,0,0,0,0,0,Ministry of Railways,Railways,CAOCWR WR mor,Gujarat
706775,BharatNet,2026-07,61109.0,-69.0,48809.69,79.8732,0.0,0.0,99.98,0.0,0.0,142.0,177.0,-35.0,1.2465,1.0,20.1068,0.7989,100.0,-0.02,7,8,0.0,16.68,0.0,2378.15,2.7114,339.7357,0,0,0,1,0,0,Department of Telecommunications,Telecommunication,Department of Telecommunications [DoT],PAN India
706776,Noapara-Barasat via Bimanbandar - Construction of Metro railway [18 km],2026-06,4830.0,-8.0,3350.62,69.371,0.0,0.0,32.2,0.0,0.0,197.0,195.0,2.0,0.9898,0.0,-37.171,2.1544,98.9848,-66.7848,6,7,0.0,0.2,0.0,91.67,0.0333,97.7483,0,0,0,0,0,0,Ministry of Railways,Railways,"Metro Railway, Kolkata",West Bengal
706777,Baranagar-Barrackpore and Dakshineshwar- Construction of Metro Railway,2026-06,2298.0,0.0,429.56,18.6928,0.0,0.0,17.0,0.0,0.0,201.0,195.0,6.0,0.9701,0.0,-1.6928,1.0996,97.0149,-80.0149,6,7,0.0,0.0,0.0,36.54,0.0,6.0917,0,0,0,0,0,0,Ministry of Railways,Railways,RVNL - II,West Bengal
706779,Mumbai Urban Transport Project [MUTP] - PHASE II,2026-06,8087.0,-1.0,7559.14,93.4727,37.05,0.4925,90.0,0.0,0.0,71.0,218.0,-147.0,3.0704,1.0,-3.4727,1.0386,100.0,-10.0,6,7,0.0,0.0,37.05,54.39,0.5,21.7583,0,0,0,1,0,0,Ministry of Railways,Railways,Mumbai Rail Vikas Corporation Ltd.[MRVC],Maharashtra
706780,Mumbai Urban Transport Project [MUTP] Phase-IIIA,2026-06,33690.0,0.0,3854.46,11.441,112.51,3.0067,25.0,0.0,0.0,104.0,86.0,18.0,0.8269,0.0,13.559,0.4576,82.6923,-57.6923,6,7,0.0,3.0,112.51,277.1,0.8333,155.39,0,0,0,0,0,0,Ministry of Railways,Railways,Mumbai Rail Vikas Corporation Ltd.[MRVC],Maharashtra
706781,Mumbai Urban Transport Project Phase-III,2026-06,10947.0,1.0,6880.48,62.8527,148.28,2.2025,75.0,0.0,0.0,63.0,114.0,-51.0,1.8095,1.0,12.1473,0.838,100.0,-25.0,6,7,0.0,0.0,148.28,270.53,0.8333,186.6117,0,0,0,1,0,0,Ministry of Railways,Railways,Mumbai Rail Vikas Corporation Ltd.[MRVC],Maharashtra
706811,NMDC Slurry Pipeline Project Phase-1,2026-07,2907.0,58.0,3649.08,125.5273,9.58,0.2632,95.8,0.6,0.6303,33.0,70.0,-37.0,2.1212,1.0,-29.7273,1.3103,100.0,-4.2,7,8,0.6,1.2,9.58,32.2,0.8286,44.7186,0,0,0,1,0,0,Ministry of Steel,Steel,National Mineral Development Corporation Limited [NMDC],Chhattisgarh
706835,Belgaum-Dharwad via Kittur [73.10Km],2026-06,1591.0,54.0,0.38,0.0239,0.0,0.0,0.0,0.0,,33.0,15.0,18.0,0.4545,0.0,-0.0239,,45.4545,-45.4545,6,7,0.0,0.0,0.0,0.0,0.0,0.0,0,0,0,0,0,0,Ministry of Railways,Railways,South Western Railway [SWR] - II,Karnataka
706836,Dedicatedtest track for RDSO Phase-2 34 km Umbrella work PB22/2019-20/NR,2026-07,466.42,0.0,586.33,125.7086,48.11,8.9387,98.0,0.0,0.0,60.0,56.0,4.0,0.9333,0.0,-27.7086,1.2827,93.3333,4.6667,3,4,0.0,0.0,48.11,48.11,0.0,17.4767,0,0,0,0,0,0,Ministry of Railways,Railways,CAOC/NWR NWR mor,Rajasthan
706837,Pradhan Kuntha Jn Line Doubling Project,2026-07,349.22,0.0,145.57,41.6843,0.0,0.0,72.0,0.0,0.0,60.0,44.0,16.0,0.7333,0.0,30.3157,0.5789,73.3333,-1.3333,7,8,0.0,0.0,0.0,0.0,1.4286,4.3543,0,0,0,0,0,0,Ministry of Railways,Railways,East Central Railway [ECR] - I,Jharkhand
706854,Boridand-Ambikapur 118.81 km Umbrella work PB57/2019-20/NR,2026-07,1376.0,21.0,499.37,36.2914,186.65,59.686,38.0,8.0,26.6667,75.0,28.0,47.0,0.3733,0.0,1.7086,0.955,37.3333,0.6667,7,8,8.0,10.0,186.65,209.21,2.2857,49.1829,0,0,0,0,0,0,Ministry of Railways,Railways,CAOC/SECR SECR mor,Chhattisgarh
706860,Barauni-Bachwara 16 km - 3rd & 4th line incl Barauni yard remodelling 32 km Umbrella work PB57/2019-20/NR,2026-07,645.0,28.0,228.43,35.4155,174.3,322.0026,38.0,-18.9,-33.2162,6.0,17.0,-11.0,2.8333,1.0,2.5845,0.932,100.0,-62.0,7,8,-18.9,-18.9,174.3,174.3,-2.4286,27.7114,0,0,0,1,0,0,Ministry of Railways,Railways,CAO/Con/North/MHX ECR mor,Bihar
706865,Chandorgaon-Cansaulim rail flyover 16 km Umbrella work PB57/2019-20/NR,2026-07,1892.0,,0.0,0.0,0.0,,0.0,0.0,,110.0,54.0,56.0,0.4909,0.0,0.0,,49.0909,-49.0909,3,4,0.0,0.0,0.0,0.0,0.0,0.0,0,0,0,0,0,0,Ministry of Railways,Railways,CAOC/SWR SWR mor,Goa
706866,Sawaimadhopur - Bypass line 6.98 km Umbrella work PB57/2019-20/NR,2026-07,304.0,16.0,188.07,61.8651,94.98,102.0303,72.0,-5.0,-6.4935,23.0,27.0,-4.0,1.1739,1.0,10.1349,0.8592,100.0,-28.0,7,8,-5.0,-5.0,94.98,103.48,1.0,18.2271,0,0,0,1,0,0,Ministry of Railways,Railways,CAOC/NWR NWR mor,Rajasthan
706898,Khurda Road - Balangir Electrification of Railway Track Project,2026-06,267.61,12.0,0.0,0.0,0.0,,0.0,0.0,,18.0,81.0,-63.0,4.5,1.0,0.0,,100.0,-100.0,6,7,0.0,0.0,0.0,0.0,0.0,0.0,0,0,0,1,0,0,Ministry of Railways,Railways,Ministry of Railways,Odisha
706922,Guwahati-Dibrugarh via Tinsukia & Simaluguri-Dibrugarh,2026-06,890.36,-24.0,391.73,43.9968,0.0,0.0,89.0,0.0,0.0,24.0,93.0,-69.0,3.875,1.0,45.0032,0.4943,100.0,-11.0,6,7,0.0,0.0,0.0,0.0,0.0,0.0,0,0,0,1,0,0,Ministry of Railways,Railways,Central Organisation for Railway Electrification [CORE],Assam
706940,"Mariani-Jorhat, Tinsukia-Dangri and Makum -TirapTrack Electrification Project",2026-06,183.99,40.0,0.0,0.0,0.0,,0.0,0.0,,28.0,53.0,-25.0,1.8929,1.0,0.0,,100.0,-100.0,6,7,0.0,0.0,0.0,0.0,0.0,0.0,0,0,0,1,0,0,Ministry of Railways,Railways,GM/C/ NFR,Assam
706942,Harmuty-Murkongselek Branch Line Electrification Project,2026-06,237.52,40.0,0.0,0.0,0.0,,0.0,0.0,,28.0,53.0,-25.0,1.8929,1.0,0.0,,100.0,-100.0,6,7,0.0,0.0,0.0,0.0,0.0,0.0,0,0,0,1,0,0,Ministry of Railways,Railways,GM/C/ NFR,Assam
706950,Hospet-Hubli-Vasco da Gama Line Electrification Project,2026-06,744.49,34.0,1163.32,156.2573,1.88,0.1619,99.7,0.0,0.0,58.0,97.0,-39.0,1.6724,1.0,-56.5573,1.5673,100.0,-0.3,6,7,0.0,0.05,1.88,0.18,0.1167,2.3467,0,0,0,1,0,0,Ministry of Railways,Railways,RVNL,"Multi-States (Goa,
Karnataka)"
706965,Establishment of new GMC Saran [Chhapara],2026-07,189.0,,113.4,60.0,0.0,0.0,0.0,0.0,,0.0,1518.0,-1518.0,,1.0,-60.0,,,,2,3,0.0,0.0,0.0,0.0,0.0,0.0,0,0,1,1,0,0,Ministry of Health & Family Welfare,Healthcare,"Medical Education, Ministry of Health and Family Welfare",Bihar
706966,Establishment of new GMC Samastipur,2026-07,189.0,,113.4,60.0,0.0,0.0,0.0,0.0,,0.0,1518.0,-1518.0,,1.0,-60.0,,,,2,3,0.0,0.0,0.0,0.0,0.0,0.0,0,0,1,1,0,0,Ministry of Health & Family Welfare,Healthcare,"Medical Education, Ministry of Health and Family Welfare",Bihar
706988,Establishment of new GMC Gondia,2026-07,189.0,-1458.0,113.4,60.0,0.0,0.0,40.14,40.14,,0.0,1518.0,-1518.0,,1.0,-19.86,1.4948,,,2,3,40.14,40.14,0.0,0.0,20.07,0.0,0,0,1,1,0,0,Ministry of Health & Family Welfare,Healthcare,"Medical Education, Ministry of Health and Family Welfare",Maharashtra
706989,Establishment of new GMC West Garo Hills [Tura],2026-07,189.0,,170.1,90.0,0.0,0.0,0.0,0.0,,0.0,1518.0,-1518.0,,1.0,-90.0,,,,2,3,0.0,0.0,0.0,0.0,0.0,0.0,0,0,1,1,0,0,Ministry of Health & Family Welfare,Healthcare,"Medical Education, Ministry of Health and Family Welfare",Meghalaya
707016,Establishment of new GMC Sitamarhi,2026-07,250.0,,150.0,60.0,0.0,0.0,0.0,0.0,,0.0,1518.0,-1518.0,,1.0,-60.0,,,,2,3,0.0,0.0,0.0,0.0,0.0,0.0,0,0,1,1,0,0,Ministry of Health & Family Welfare,Healthcare,"Medical Education, Ministry of Health and Family Welfare",Bihar
707017,Establishment of new GMC Jhanjharpur,2026-07,250.0,,150.0,60.0,0.0,0.0,0.0,0.0,,0.0,1518.0,-1518.0,,1.0,-60.0,,,,2,3,0.0,0.0,0.0,0.0,0.0,0.0,0,0,1,1,0,0,Ministry of Health & Family Welfare,Healthcare,"Medical Education, Ministry of Health and Family Welfare",Bihar
707018,Establishment of new GMC Siwan,2026-07,250.0,,150.0,60.0,0.0,0.0,0.0,0.0,,0.0,1518.0,-1518.0,,1.0,-60.0,,,,2,3,0.0,0.0,0.0,0.0,0.0,0.0,0,0,1,1,0,0,Ministry of Health & Family Welfare,Healthcare,"Medical Education, Ministry of Health and Family Welfare",Bihar
707019,Establishment of new GMC Buxar,2026-07,250.0,,150.0,60.0,0.0,0.0,0.0,0.0,,0.0,1518.0,-1518.0,,1.0,-60.0,,,,2,3,0.0,0.0,0.0,0.0,0.0,0.0,0,0,1,1,0,0,Ministry of Health & Family Welfare,Healthcare,"Medical Education, Ministry of Health and Family Welfare",Bihar
707020,Establishment of new GMC Jamui,2026-07,250.0,43.0,103.21,41.284,0.0,0.0,50.0,0.0,0.0,36.0,45.0,-9.0,1.25,1.0,8.716,0.8257,100.0,-50.0,6,7,0.0,0.0,0.0,0.0,3.5,2.8333,0,0,0,1,0,0,Ministry of Health & Family Welfare,Healthcare,"Medical Education, Ministry of Health and Family Welfare",Bihar
707021,Establishment of new GMC Koderma,2026-07,250.0,5.0,271.0,108.4,0.0,0.0,40.0,0.0,0.0,30.0,29.0,1.0,0.9667,0.0,-68.4,2.71,96.6667,-56.6667,6,7,0.0,0.0,0.0,0.0,2.3333,2.6667,0,0,0,0,0,0,Ministry of Health & Family Welfare,Healthcare,"Medical Education, Ministry of Health and Family Welfare",Jharkhand
707022,Establishment of new GMC Chaibasa [Singhbhum],2026-07,250.0,57.0,65.0,26.0,0.0,0.0,57.0,0.0,0.0,30.0,40.0,-10.0,1.3333,1.0,31.0,0.4561,100.0,-43.0,6,7,0.0,0.0,0.0,0.0,2.5,10.0,0,0,0,1,0,0,Ministry of Health & Family Welfare,Healthcare,"Medical Education, Ministry of Health and Family Welfare",Jharkhand
707039,Establishment of new GMC Gangtok,2026-07,250.0,2.0,667.21,266.884,0.0,0.0,92.0,0.0,0.0,96.0,91.0,5.0,0.9479,0.0,-174.884,2.9009,94.7917,-2.7917,6,7,0.0,0.0,0.0,0.0,0.6667,3.6667,0,0,0,0,0,0,Ministry of Health & Family Welfare,Healthcare,"Medical Education, Ministry of Health and Family Welfare",Sikkim
707044,Establishment of new GMC Korba,2026-07,325.0,8.0,179.49,55.2277,1.0,0.5603,55.0,1.0,1.8519,38.0,33.0,5.0,0.8684,0.0,-0.2277,1.0041,86.8421,-31.8421,6,7,1.0,1.0,1.0,1.0,1.6667,3.5,0,0,0,0,0,0,Ministry of Health & Family Welfare,Healthcare,"Medical Education, Ministry of Health and Family Welfare",Chhattisgarh
707045,Establishment of new GMC Mahasamund,2026-07,325.0,0.0,321.7,98.9846,-0.8,-0.2481,84.0,2.0,2.439,31.0,33.0,-2.0,1.0645,1.0,-14.9846,1.1784,100.0,-16.0,6,7,2.0,2.0,-0.8,-0.8,1.5,3.2,0,0,0,1,0,0,Ministry of Health & Family Welfare,Healthcare,"Medical Education, Ministry of Health and Family Welfare",Chhattisgarh
707046,Establishment of new GMC Kanker,2026-07,325.0,55.0,37.0,11.3846,1.0,2.7778,45.0,-14.0,-23.7288,30.0,22.0,8.0,0.7333,0.0,33.6154,0.253,73.3333,-28.3333,6,7,-14.0,-14.0,1.0,1.0,-0.5,2.8333,0,0,0,0,0,0,Ministry of Health & Family Welfare,Healthcare,"Medical Education, Ministry of Health and Family Welfare",Chhattisgarh
707049,Establishment of new GMC Panchmahal,2026-07,325.0,0.0,467.34,143.7969,10.0,2.1866,88.0,0.5,0.5714,42.0,46.0,-4.0,1.0952,1.0,-55.7969,1.6341,100.0,-12.0,6,7,0.5,0.5,10.0,10.0,9.1667,7.0,0,0,0,1,0,0,Ministry of Health & Family Welfare,Healthcare,"Medical Education, Ministry of Health and Family Welfare",Gujarat
707050,Establishment of new GMC Porbandar,2026-07,325.0,6.0,936.64,288.1969,0.0,0.0,81.0,0.0,0.0,23.0,45.0,-22.0,1.9565,1.0,-207.1969,3.558,100.0,-19.0,6,7,0.0,0.0,0.0,0.0,3.1667,3.0,0,0,0,1,0,0,Ministry of Health & Family Welfare,Healthcare,"Medical Education, Ministry of Health and Family Welfare",Gujarat
707051,Establishment of new GMc Udhampur,2026-07,325.0,28.0,222.0,68.3077,0.0,0.0,75.0,0.0,0.0,62.0,54.0,8.0,0.871,0.0,6.6923,0.9108,87.0968,-12.0968,2,3,0.0,0.0,0.0,0.0,0.0,0.0,0,0,0,0,0,0,Ministry of Health & Family Welfare,Healthcare,"Medical Education, Ministry of Health and Family Welfare","Jammu and
Kashmir"
707052,Establishment of new GMC Handwara [Distt. Kupwara],2026-07,325.0,,173.0,53.2308,0.0,0.0,0.0,0.0,,0.0,1518.0,-1518.0,,1.0,-53.2308,,,,2,3,0.0,0.0,0.0,0.0,0.0,0.0,0,0,1,1,0,0,Ministry of Health & Family Welfare,Healthcare,"Medical Education, Ministry of Health and Family Welfare","Jammu and
Kashmir"
707057,Establishment of new GMC Leh,2026-07,325.0,-1437.0,127.0,39.0769,0.0,0.0,0.0,0.0,,0.0,1518.0,-1518.0,,1.0,-39.0769,,,,2,3,0.0,0.0,0.0,0.0,0.0,0.0,0,0,1,1,0,0,Ministry of Health & Family Welfare,Healthcare,"Medical Education, Ministry of Health and Family Welfare",Ladakh
707058,Establishment of new GMC Rajgarh,2026-07,325.0,11.0,179.5,55.2308,0.5,0.2793,86.0,2.0,2.381,17.0,44.0,-27.0,2.5882,1.0,30.7692,0.6422,100.0,-14.0,6,7,2.0,2.0,0.5,0.5,4.0,3.5833,0,0,0,1,0,0,Ministry of Health & Family Welfare,Healthcare,"Medical Education, Ministry of Health and Family Welfare",Madhya Pradesh
707059,Establishment of new GMC Mandla,2026-07,325.0,2.0,89.41,27.5108,6.0,7.1934,45.0,2.0,4.6512,30.0,33.0,-3.0,1.1,1.0,17.4892,0.6114,100.0,-55.0,6,7,2.0,2.0,6.0,6.0,1.6667,4.3333,0,0,0,1,0,0,Ministry of Health & Family Welfare,Healthcare,"Medical Education, Ministry of Health and Family Welfare",Madhya Pradesh
707067,Establishment of new GMC Mon,2026-07,325.0,,155.0,47.6923,0.0,0.0,0.0,0.0,,0.0,1518.0,-1518.0,,1.0,-47.6923,,,,2,3,0.0,0.0,0.0,0.0,0.0,0.0,0,0,1,1,0,0,Ministry of Health & Family Welfare,Healthcare,"Medical Education, Ministry of Health and Family Welfare",Nagaland
707069,Establishment of new GMC Kapurthala,2026-07,325.0,92.0,50.0,15.3846,50.0,,0.0,0.0,,17.0,-12.0,29.0,-0.7059,0.0,-15.3846,,0.0,0.0,6,7,0.0,0.0,50.0,50.0,0.0,8.3333,0,0,0,0,0,0,Ministry of Health & Family Welfare,Healthcare,"Medical Education, Ministry of Health and Family Welfare",Punjab
707070,Establishment of new GMC Hoshiarpur,2026-07,325.0,74.0,2.04,0.6277,0.04,2.0,5.0,4.0,400.0,33.0,4.0,29.0,0.1212,0.0,4.3723,0.1255,12.1212,-7.1212,6,7,4.0,4.0,0.04,0.04,0.8333,0.34,0,0,0,0,0,0,Ministry of Health & Family Welfare,Healthcare,"Medical Education, Ministry of Health and Family Welfare",Punjab
707086,Establishment of new GMC Rudrapur,2026-07,325.0,16.0,353.01,108.6185,79.01,28.8358,95.0,35.0,58.3333,34.0,29.0,5.0,0.8529,0.0,-13.6185,1.1434,85.2941,9.7059,6,7,35.0,35.0,79.01,79.01,10.8333,15.335,0,0,0,0,0,0,Ministry of Health & Family Welfare,Healthcare,"Medical Education, Ministry of Health and Family Welfare",Uttarakhand
707087,Establishment of new GMC Pithoragarh,2026-07,325.0,20.0,470.08,144.64,143.0,43.7202,78.0,-6.0,-7.1429,44.0,39.0,5.0,0.8864,0.0,-66.64,1.8544,88.6364,-10.6364,6,7,-6.0,-6.0,143.0,143.0,1.3333,26.1667,0,0,0,0,0,0,Ministry of Health & Family Welfare,Healthcare,"Medical Education, Ministry of Health and Family Welfare",Uttarakhand
707215,National Maritime Heritage Complex [NMHC] Phase-I,2026-07,573.0,35.0,656.38,114.5515,19.47,3.0569,79.87,0.95,1.2038,58.0,54.0,4.0,0.931,0.0,-34.6815,1.4342,93.1034,-13.2334,7,8,0.95,1.39,19.47,31.97,0.9814,15.8386,0,0,0,0,0,0,"Ministry of Ports, Shipping and Waterways","Tourism, Hospitality & Wellness",Indian Port Rail & Ropeway Corporation Ltd. [IPRCL],Gujarat
707229,"Integrated Command control Center [ICCC] - Construction and Development of Integrated Command Control Center with Security, Surveillance, ITMS, Connecting Port, Ship Service, Smart Solid Waste Management, Smart Public Transport System",2026-07,209.88,4.0,37.35,17.7959,0.0,0.0,97.0,0.0,0.0,18.0,56.0,-38.0,3.1111,1.0,79.2041,0.1835,100.0,-3.0,7,8,0.0,0.0,0.0,0.0,3.8571,5.3357,0,0,0,1,0,0,Ministry of Housing & Urban Affairs,Real Estate,ministry of housing and urban affairs,"Andaman &
Nicobar"
707267,Upgradation of Sewerage system in Gandhinagar City,2026-03,200.0,8.0,100.0,50.0,0.0,0.0,10.0,0.0,0.0,27.0,60.0,-33.0,2.2222,1.0,-40.0,5.0,100.0,-90.0,3,4,0.0,0.0,0.0,0.0,0.0,0.0,0,0,0,1,0,0,Ministry of Housing & Urban Affairs,Waste & Water,ministry of housing and urban affairs,Gujarat
707410,Integrated Multi Modal Logistics Hub at Nangal Chaudhary in Haryana - Other Trunk Infrastructure Development Phase 1,2026-07,763.0,43.0,430.0,56.3565,0.0,0.0,60.0,0.0,0.0,24.0,55.0,-31.0,2.2917,1.0,3.6435,0.9393,100.0,-40.0,6,7,0.0,0.0,0.0,0.0,0.0,0.0,0,0,0,1,0,0,"Ministry of Ports, Shipping and Waterways",Logistics Infrastructure,NICDC,Haryana
707414,Multi Modal Transport Hub [MMTH] Project at Boraki in Greater Noida - Infrastructure Development - Phase 1,2026-05,1480.0,71.0,0.0,0.0,,,0.0,,,40.0,-6.0,46.0,-0.15,0.0,0.0,,0.0,0.0,0,1,,,,,,,0,1,0,0,0,0,"Ministry of Ports, Shipping and Waterways",Logistics Infrastructure,National Industrial Corridor Development Corporation,Uttar Pradesh
707419,IMC at Prayagraj,2026-07,658.0,20.0,75.63,11.4939,0.0,0.0,27.79,5.25,23.2919,14.0,3.0,11.0,0.2143,0.0,16.2961,0.4136,21.4286,6.3614,3,4,5.25,16.26,0.0,75.63,7.0967,25.21,0,0,0,0,0,0,"Ministry of Ports, Shipping and Waterways",Real Estate,National Industrial Corridor Development Corporation,Uttar Pradesh
707420,Gaya Integrated Manufacturing Cluster IMC in Bihar,2026-07,1339.02,20.0,0.0,0.0,,,5.0,,,36.0,3.0,33.0,0.0833,0.0,5.0,0.0,8.3333,-3.3333,0,1,,,,,,,0,1,0,0,0,0,"Ministry of Ports, Shipping and Waterways",Real Estate,National Industrial Corridor Development Corporation,Bihar
708662,Establishment of 600 bed super specialty hospital with optional development of Medical college and further expansion on PPP basis.,2026-03,693.0,29.0,58.0,8.3694,0.0,0.0,11.0,0.0,0.0,53.0,50.0,3.0,0.9434,0.0,2.6306,0.7609,94.3396,-83.3396,3,4,0.0,0.0,0.0,0.0,0.0,0.0,0,0,0,0,0,0,"Ministry of Ports, Shipping and Waterways",Healthcare,Mumbai Port Trust [MPT],Maharashtra
708687,Amended BharatNet Program - UP (West),2026-07,1917.0,18.0,0.0,0.0,-183.16,-100.0,7.2,7.2,,36.0,17.0,19.0,0.4722,0.0,7.2,0.0,47.2222,-40.0222,1,2,7.2,,-183.16,,7.2,-183.16,0,0,0,0,0,0,Department of Telecommunications,Telecommunication,Department of Telecommunications,Uttar Pradesh
709747,Bagodara Solar Power Project,2026-07,339.35,2.0,370.0,109.032,0.0,0.0,51.86,0.0,0.0,55.0,62.0,-7.0,1.1273,1.0,-57.172,2.1024,100.0,-48.14,7,8,0.0,0.0,0.0,0.0,0.1229,7.4871,0,0,0,1,0,0,Ministry of Power,Electricity Generation,Satluj Jal Vidyut Nigam [SJVN] Thermal Limited,Gujarat
709749,PHASE-I OF CONSOLIDATION OF EXISTING CDR DATA CENTERS AND NIB-P3 DATA CENTERS WITH STATE OF THE ART,2026-02,461.42,0.0,166.02,35.9802,0.0,0.0,81.0,0.0,0.0,15.0,71.0,-56.0,4.7333,1.0,45.0198,0.4442,100.0,-19.0,2,3,0.0,0.0,0.0,0.0,0.0,0.0,0,0,0,1,0,0,Department of Telecommunications,Telecommunication,BSNL,"Multi-States
(Maharashtra,
Telangana)"
709750,Laying of new 28 inch Desal Water Pipeline and 10 inch Reject Water Pipeline between CPCL Manali Refinery and CPCL Desalination plant at Ennore,2026-07,205.0,0.0,117.88,57.5024,3.01,2.6204,76.9,2.1,2.8075,20.0,30.0,-10.0,1.5,1.0,19.3976,0.7478,100.0,-23.1,7,8,2.1,3.8,3.01,16.61,3.4143,5.9543,0,0,0,1,0,0,Ministry of Petroleum & Natural Gas,Oil & Gas,Chennai Petroleum Corporation Limited [CPCL],Tamil Nadu
709752,HP-COAT [Crude to Olefins and Aromatics Technology] demo unit at Visakh Refinery,2026-07,160.0,0.0,158.94,99.3375,6.12,4.0047,94.0,0.5,0.5348,33.0,58.0,-25.0,1.7576,1.0,-5.3375,1.0568,100.0,-6.0,7,8,0.5,1.9,6.12,16.51,2.0,7.5243,0,0,0,1,0,0,Ministry of Petroleum & Natural Gas,Oil & Gas,Hindustan Petroleum Corporation Limited,Andhra Pradesh
709753,Haldia Panagarh Pipeline Project,2026-07,1010.0,0.0,884.2,87.5446,19.01,2.1972,98.3,1.1,1.1317,36.0,44.0,-8.0,1.2222,1.0,10.7554,0.8906,100.0,-1.7,7,8,1.1,2.5,19.01,33.49,1.3286,23.7257,0,0,0,1,0,0,Ministry of Petroleum & Natural Gas,Oil & Gas,Hindustan Petroleum Corporation Limited,West Bengal
709754,"Construction of LPG Facilities at Kamardanga, Assam",2026-07,156.36,0.0,114.1,72.9726,4.76,4.3534,83.8,4.0,5.0125,52.0,40.0,12.0,0.7692,0.0,10.8274,0.8708,76.9231,6.8769,7,8,4.0,6.8,4.76,9.35,4.1143,5.6629,0,0,0,0,0,0,Ministry of Petroleum & Natural Gas,Energy Storage,Hindustan Petroleum Corporation Limited,Assam
709755,"Setting up of new rail fed POL facility at Kamardanga, Assam",2026-07,384.04,0.0,250.07,65.1156,14.8,6.2906,87.5,2.0,2.3392,52.0,40.0,12.0,0.7692,0.0,22.3844,0.7442,76.9231,10.5769,7,8,2.0,3.3,14.8,19.91,2.9286,11.6571,0,0,0,0,0,0,Ministry of Petroleum & Natural Gas,Energy Storage,Hindustan Petroleum Corporation Limited,Assam
709757,"CGD Project in Banka, Dumka, Godda, Jamtara, Pakur, Sahibganj GA ID 11A.02",2026-04,1377.0,0.0,375.17,27.2455,9.78,2.6766,37.0,1.4,3.9326,96.0,46.0,50.0,0.4792,0.0,9.7545,0.7364,47.9167,-10.9167,4,5,1.4,3.0,9.78,11.19,1.25,6.1375,0,0,0,0,0,0,Ministry of Petroleum & Natural Gas,Oil & Gas,Hindustan Petroleum Corporation Limited,"Multi-States
(Bihar, Jharkhand)"
709758,"CGD Project in Malda, Birbhum, Murshidabad, Dakshin Dinajpur GA ID 11A.03",2026-04,2628.0,0.0,388.06,14.7664,-179.59,-31.6375,36.3,0.9,2.5424,96.0,46.0,50.0,0.4792,0.0,21.5336,0.4068,47.9167,-11.6167,4,5,0.9,2.3,-179.59,9.24,1.325,8.0525,0,0,0,0,0,0,Ministry of Petroleum & Natural Gas,Oil & Gas,Hindustan Petroleum Corporation Limited,West Bengal
709759,"Petrochemical evacuation marketing terminal at Barmer, Rajasthan",2026-07,461.05,0.0,252.18,54.6969,17.08,7.265,97.5,1.7,1.7745,36.0,31.0,5.0,0.8611,0.0,42.8031,0.561,86.1111,11.3889,7,8,1.7,3.2,17.08,21.27,3.6429,12.2943,0,0,0,0,0,0,Ministry of Petroleum & Natural Gas,Energy Storage,Hindustan Petroleum Corporation Limited,Rajasthan
709760,HP TDAE Unit in Mumbai Refinery,2026-05,240.0,0.0,152.75,63.6458,1.71,1.1322,92.0,7.0,8.2353,22.0,23.0,-1.0,1.0455,1.0,28.3542,0.6918,100.0,-8.0,5,6,7.0,11.6,1.71,12.85,4.4,15.034,0,0,0,1,0,0,Ministry of Petroleum & Natural Gas,Oil & Gas,Hindustan Petroleum Corporation Limited,Maharashtra
709766,"City Gas Distribution Project at Kurnool, Guntur & Prakasam Districts",2026-02,1420.0,0.0,170.54,12.0099,1.4,0.8277,6.0,0.0,0.0,96.0,47.0,49.0,0.4896,0.0,-6.0099,2.0016,48.9583,-42.9583,2,3,0.0,0.0,1.4,-0.16,0.0,-0.08,0,0,0,0,0,0,Ministry of Petroleum & Natural Gas,Oil & Gas,MinistryofPetroleumNaturalGas,Andhra Pradesh
709770,City Gas Distribution Project at Pathankot District,2026-07,151.0,0.0,9.02,5.9735,0.06,0.6696,2.0,0.0,0.0,138.0,52.0,86.0,0.3768,0.0,-3.9735,2.9868,37.6812,-35.6812,7,8,0.0,0.0,0.06,0.15,0.0,0.03,0,0,0,0,0,0,Ministry of Petroleum & Natural Gas,Oil & Gas,Indian Oil Corporation Limited [IOCL],Punjab
709771,"City Gas Distribution Project at Beed, Jalgaon and Jalna Districts",2026-07,865.0,0.0,89.23,10.3156,4.38,5.1621,3.4,0.0,0.0,114.0,52.0,62.0,0.4561,0.0,-6.9156,3.034,45.614,-42.214,7,8,0.0,0.0,4.38,7.81,0.0571,2.1257,0,0,0,0,0,0,Ministry of Petroleum & Natural Gas,Oil & Gas,Indian Oil Corporation Limited [IOCL],Maharashtra
709772,"City Gas Distribution Project at East Mednipore, West Mednipore & Jhargram Districts",2026-07,609.0,0.0,64.44,10.5813,0.82,1.2889,3.0,0.1,3.4483,111.0,52.0,59.0,0.4685,0.0,-7.5813,3.5271,46.8468,-43.8468,7,8,0.1,0.2,0.82,2.0,0.1429,0.7343,0,0,0,0,0,0,Ministry of Petroleum & Natural Gas,Oil & Gas,Indian Oil Corporation Limited [IOCL],West Bengal
709773,"City Gas Distribution Project at Jammu, Udhampur, Reasi, Samba and Kathua Districts",2026-07,538.0,0.0,4.45,0.8271,0.15,3.4884,0.6,0.0,0.0,150.0,52.0,98.0,0.3467,0.0,-0.2271,1.3786,34.6667,-34.0667,7,8,0.0,0.0,0.15,0.15,0.0857,0.0486,0,0,0,0,0,0,Ministry of Petroleum & Natural Gas,Oil & Gas,Indian Oil Corporation Limited [IOCL],"Jammu and
Kashmir"
709774,Revamping/ Augmentation of facilities at existing port terminal at Mangalore,2026-07,463.0,0.0,327.65,70.7667,6.06,1.8844,85.6,0.6,0.7059,47.0,54.0,-7.0,1.1489,1.0,14.8333,0.8267,100.0,-14.4,7,8,0.6,1.2,6.06,9.33,1.3714,3.7943,0,0,0,1,0,0,Ministry of Petroleum & Natural Gas,Oil & Gas,Indian Oil Corporation Limited [IOCL],Karnataka
709776,Augmentation/Revamping of Facilities at existing Guwahati Terminal at Betkuchi,2026-07,277.0,0.0,236.16,85.2563,1.59,0.6778,84.3,0.1,0.1188,53.0,51.0,2.0,0.9623,0.0,-0.9563,1.0113,96.2264,-11.9264,7,8,0.1,1.4,1.59,5.08,1.4714,6.2643,0,0,0,0,0,0,Ministry of Petroleum & Natural Gas,Oil & Gas,Indian Oil Corporation Limited [IOCL],Assam
709777,Installation of Bitumen Manufacturing Unit along with allied facilities at Barauni Refinery,2026-07,389.35,0.0,124.57,31.9943,-6.32,-4.8285,66.3,1.7,2.6316,39.0,54.0,-15.0,1.3846,1.0,34.3057,0.4826,100.0,-33.7,7,8,1.7,3.4,-6.32,2.94,2.0429,5.68,0,0,0,1,0,0,Ministry of Petroleum & Natural Gas,Oil & Gas,Indian Oil Corporation Limited [IOCL],Bihar
709778,Installation of new Biturox Unit along with allied facilities at Gujarat Refinery,2026-07,328.29,0.0,218.17,66.4565,-9.31,-4.0927,87.7,0.7,0.8046,43.0,54.0,-11.0,1.2558,1.0,21.2435,0.7578,100.0,-12.3,7,8,0.7,1.9,-9.31,0.29,2.2429,4.96,0,0,0,1,0,0,Ministry of Petroleum & Natural Gas,Oil & Gas,Indian Oil Corporation Limited [IOCL],Gujarat
709779,Capacity Expansion of Digboi Refinery from 0.65 to 1.0 MMTPA,2026-07,768.0,0.0,250.84,32.6615,25.64,11.3854,60.1,0.7,1.1785,45.0,49.0,-4.0,1.0889,1.0,27.4385,0.5435,100.0,-39.9,7,8,0.7,2.6,25.64,67.37,1.5857,17.1971,0,0,0,1,0,0,Ministry of Petroleum & Natural Gas,Oil & Gas,Indian Oil Corporation Limited [IOCL],Assam
709780,Construction of Additional Tankages and Allied Facilities at JNPT Terminal,2026-07,341.43,0.0,305.01,89.3331,0.26,0.0853,72.9,0.5,0.6906,52.0,51.0,1.0,0.9808,0.0,-16.4331,1.2254,98.0769,-25.1769,7,8,0.5,1.2,0.26,0.26,2.5571,1.6986,0,0,0,0,0,0,Ministry of Petroleum & Natural Gas,Oil & Gas,Indian Oil Corporation Limited [IOCL],Maharashtra
709781,Revamping / Augmentation of Facilities at Mathura Bitumen Plant,2026-07,260.12,0.0,23.58,9.065,-0.52,-2.1577,57.3,1.6,2.8725,62.0,51.0,11.0,0.8226,0.0,48.235,0.1582,82.2581,-24.9581,7,8,1.6,3.9,-0.52,1.21,3.0429,1.8671,0,0,0,0,0,0,Ministry of Petroleum & Natural Gas,Oil & Gas,Indian Oil Corporation Limited [IOCL],Uttar Pradesh
709782,ATF Pipeline from Jawaharlal Nehru Port Trust to Navi Mumbai International Airport,2026-05,165.0,0.0,102.79,62.297,1.17,1.1513,98.8,1.0,1.0225,36.0,45.0,-9.0,1.25,1.0,36.503,0.6305,100.0,-1.2,5,6,1.0,4.0,1.17,3.75,3.16,1.236,0,0,0,1,0,0,Ministry of Petroleum & Natural Gas,Oil & Gas,Indian Oil Corporation Limited [IOCL],Maharashtra
709783,"Installation of Multiple Effect Evaporator [MEE] for ETP-1, 2 & 4 of Panipat Refinery and Petrochemical Complex.",2026-07,165.13,0.0,193.38,117.1077,6.74,3.6112,92.5,0.7,0.7625,30.0,67.0,-37.0,2.2333,1.0,-24.6077,1.266,100.0,-7.5,7,8,0.7,4.3,6.74,15.19,1.9286,5.3743,0,0,0,1,0,0,Ministry of Petroleum & Natural Gas,Oil & Gas,Indian Oil Corporation Limited [IOCL],Haryana
709785,Laying of Natural Gas Pipeline from Hazaribagh to Ranchi [HRPL],2026-07,202.07,0.0,65.98,32.6521,0.68,1.0413,58.4,0.3,0.5164,36.0,41.0,-5.0,1.1389,1.0,25.7479,0.5591,100.0,-41.6,7,8,0.3,0.6,0.68,1.15,1.2,0.5914,0,0,0,1,0,0,Ministry of Petroleum & Natural Gas,Oil & Gas,Indian Oil Corporation Limited [IOCL],Jharkhand
709786,"Augmentation/ Revamping of Dimapur Depot, Dimapur",2026-07,227.62,0.0,28.03,12.3144,0.4,1.4477,43.0,1.4,3.3654,51.0,35.0,16.0,0.6863,0.0,30.6856,0.2864,68.6275,-25.6275,7,8,1.4,1.8,0.4,1.43,2.1429,1.74,0,0,0,0,0,0,Ministry of Petroleum & Natural Gas,Oil & Gas,Indian Oil Corporation Limited [IOCL],Nagaland
709789,Installation of Independent De- Aromatized Solvents [DAS] production facilities at MR,2026-01,405.0,0.0,250.41,61.8296,6.21,2.543,98.0,1.0,1.0309,28.0,34.0,-6.0,1.2143,1.0,36.1704,0.6309,100.0,-2.0,1,2,1.0,,6.21,,1.0,6.21,0,0,0,1,0,0,Ministry of Petroleum & Natural Gas,Oil & Gas,Bharat Petroleum Corporation Limited [BPCL],Maharashtra
709790,Replacement and Extension of Jetty Pipelines [REJP] at KR,2026-01,621.87,0.0,220.0,35.3772,-239.74,-52.1469,95.0,2.0,2.1505,36.0,34.0,2.0,0.9444,0.0,59.6228,0.3724,94.4444,0.5556,1,2,2.0,,-239.74,,2.0,-239.74,0,0,0,0,0,0,Ministry of Petroleum & Natural Gas,Oil & Gas,Bharat Petroleum Corporation Limited [BPCL],Kerala
709791,City Gas Distribution Projects at Alipurduar and Cooch Behar,2026-07,1017.0,0.0,238.41,23.4425,5.91,2.5419,43.8,0.1,0.2288,87.0,43.0,44.0,0.4943,0.0,20.3575,0.5352,49.4253,-5.6253,7,8,0.1,0.1,5.91,8.99,0.5429,3.8314,0,0,0,0,0,0,Ministry of Petroleum & Natural Gas,Oil & Gas,Bharat Petroleum Corporation Limited [BPCL],West Bengal
709792,"City Gas Distribution Projects at Darbhanga, Madhubani, Supaul, Sitamarhi and Sheohar districts",2026-07,3638.0,0.0,493.91,13.5764,4.49,0.9174,33.6,0.1,0.2985,87.0,43.0,44.0,0.4943,0.0,20.0236,0.4041,49.4253,-15.8253,7,8,0.1,0.2,4.49,15.68,0.5143,8.1214,0,0,0,0,0,0,Ministry of Petroleum & Natural Gas,Oil & Gas,Bharat Petroleum Corporation Limited [BPCL],Bihar
709793,"City Gas Distribution Projects at Gopalganj, Siwan, West Champaran, East Champaran and Deoria districts",2026-07,3919.0,0.0,527.15,13.4511,9.02,1.7409,30.3,0.1,0.3311,90.0,43.0,47.0,0.4778,0.0,16.8489,0.4439,47.7778,-17.4778,7,8,0.1,0.1,9.02,12.71,1.0429,9.9886,0,0,0,0,0,0,Ministry of Petroleum & Natural Gas,Oil & Gas,Bharat Petroleum Corporation Limited [BPCL],Bihar
709794,"City Gas Distribution Projects at Fazilka [except area already authorized], Ganganagar and Hanumangarh districts",2026-07,3207.0,0.0,429.3,13.3863,6.31,1.4918,31.1,0.1,0.3226,90.0,43.0,47.0,0.4778,0.0,17.7137,0.4304,47.7778,-16.6778,7,8,0.1,0.2,6.31,11.25,0.5857,7.4171,0,0,0,0,0,0,Ministry of Petroleum & Natural Gas,Oil & Gas,Bharat Petroleum Corporation Limited [BPCL],Rajasthan
709795,"City Gas Distribution Projects at Lakhimpur Kheri , Sitapur, Bahraich, Shravasti,Balrampur, Siddharth Nagar & Maharajganj districts",2026-07,16654.0,0.0,754.7,4.5316,16.08,2.177,19.8,0.8,4.2105,90.0,43.0,47.0,0.4778,0.0,15.2684,0.2289,47.7778,-27.9778,7,8,0.8,1.4,16.08,31.16,0.9714,16.0743,0,0,0,0,0,0,Ministry of Petroleum & Natural Gas,Oil & Gas,Bharat Petroleum Corporation Limited [BPCL],Uttar Pradesh
709796,City Gas Distribution Projects at the Nilgiris and Erode districts,2026-07,3685.0,0.0,303.1,8.2252,5.34,1.7934,25.5,0.0,0.0,87.0,43.0,44.0,0.4943,0.0,17.2748,0.3226,49.4253,-23.9253,7,8,0.0,0.0,5.34,7.49,0.5,5.8986,0,0,0,0,0,0,Ministry of Petroleum & Natural Gas,Oil & Gas,Bharat Petroleum Corporation Limited [BPCL],Tamil Nadu
709797,POL & LOBS Installations with Receipt Pipelines at Rasayani,2026-07,2585.0,0.0,1507.62,58.3219,91.11,6.432,87.3,1.9,2.2248,36.0,38.0,-2.0,1.0556,1.0,28.9781,0.6681,100.0,-12.7,7,8,1.9,4.3,91.11,157.92,1.0429,81.6557,0,0,0,1,0,0,Ministry of Petroleum & Natural Gas,Oil & Gas,Bharat Petroleum Corporation Limited [BPCL],Maharashtra
709798,Ethylene Cracker Project at Bina Refinery including downstream Petrochemical Plants and expansion of Refinery,2026-07,43367.0,0.0,6104.0,14.0752,508.0,9.0779,33.5,2.8,9.1205,60.0,38.0,22.0,0.6333,0.0,19.4248,0.4202,63.3333,-29.8333,7,8,2.8,5.6,508.0,988.3,2.2143,501.6286,0,0,0,0,0,0,Ministry of Petroleum & Natural Gas,Oil & Gas,Bharat Petroleum Corporation Limited [BPCL],Madhya Pradesh
709799,Setting up Polypropylene Unit at Kochi Refinery,2026-07,4460.0,0.0,1026.0,23.0045,132.14,14.7831,45.2,4.7,11.6049,46.0,31.0,15.0,0.6739,0.0,22.1955,0.5089,67.3913,-22.1913,7,8,4.7,9.0,132.14,181.15,3.6,89.4343,0,0,0,0,0,0,Ministry of Petroleum & Natural Gas,Oil & Gas,Bharat Petroleum Corporation Limited [BPCL],Kerala
709800,"CUF POL Depot at Sadashibpur [Meramundali], Odisha",2026-07,393.54,0.0,233.3,59.2824,1.0,0.4305,86.0,2.5,2.994,59.0,63.0,-4.0,1.0678,1.0,26.7176,0.6893,100.0,-14.0,7,8,2.5,3.4,1.0,5.11,4.5714,11.4186,0,0,0,1,0,0,Ministry of Petroleum & Natural Gas,Oil & Gas,Bharat Petroleum Corporation Limited [BPCL],Odisha
709811,GANDHAMARDAN IRON ORE MINES TO GOALDIH STATION/12.76kms,2026-06,190.0,32.0,3.4,1.7895,0.0,0.0,5.0,0.0,0.0,28.0,13.0,15.0,0.4643,0.0,3.2105,0.3579,46.4286,-41.4286,6,7,0.0,0.0,0.0,0.0,0.8333,0.5667,0,0,0,0,0,0,Ministry of Railways,Railways,East Coast Railway [ECoR] - II,Odisha
709812,Nadiad-Petlad 37.26 km,2026-07,461.91,24.0,142.21,30.7874,-44.69,-23.9112,30.0,22.0,275.0,73.0,26.0,47.0,0.3562,0.0,-0.7874,1.0262,35.6164,-5.6164,7,8,22.0,22.0,-44.69,-44.69,3.1429,-5.1571,0,0,0,0,0,0,Ministry of Railways,Railways,CAOCWR WR mor,Gujarat
709813,New BG line intersection 5 nos between Geratpur-Sanand & Botad-Ahmedabad 16.51 km PB29/NR/2022-23,2026-07,437.21,29.0,463.96,106.1183,346.01,293.3531,22.0,0.0,0.0,31.0,16.0,15.0,0.5161,0.0,-84.1183,4.8236,51.6129,-29.6129,7,8,0.0,0.0,346.01,346.01,0.4286,52.6957,0,0,0,0,0,0,Ministry of Railways,Railways,CAOCWR WR mor,Gujarat
709815,4th line - Bhatapara-Hathband 8.8 km PB72/NR/2022-23,2026-07,177.03,6.0,21.08,11.9076,8.78,71.3821,3.0,-15.0,-83.3333,46.0,40.0,6.0,0.8696,0.0,-8.9076,3.9692,86.9565,-83.9565,7,8,-15.0,-15.0,8.78,8.78,-0.1429,3.0114,0,0,0,0,0,0,Ministry of Railways,Railways,CAOC/SECR SECR mor,"Multi-States
(Chhattisgarh,
Maharashtra)"
709816,4th line - Bhilai-Bhilai nagar 8.8 km PB72/NR/2022-23,2026-07,177.34,6.0,35.21,19.8545,2.72,8.3718,3.0,-8.0,-72.7273,47.0,40.0,7.0,0.8511,0.0,-16.8545,6.6182,85.1064,-82.1064,7,8,-8.0,-6.0,2.72,31.79,-0.4286,4.7929,0,0,0,0,0,0,Ministry of Railways,Railways,CAOC/SECR SECR mor,"Multi-States
(Chhattisgarh,
Maharashtra)"
709817,4th line - Dadhapara-Belha 9.2 km PB72/NR/2022-23,2026-07,169.06,6.0,65.43,38.7022,,,10.0,,,44.0,40.0,4.0,0.9091,0.0,-28.7022,3.8702,90.9091,-80.9091,7,7,,-56.0,,42.64,-7.4286,6.4657,0,1,0,0,0,0,Ministry of Railways,Railways,CAOC/SECR SECR mor,"Multi-States
(Chhattisgarh,
Maharashtra)"
709818,4th line - Rajnandgaon-Dongarhgarh 31.2 km PB72/NR/2022-23,2026-07,328.34,25.0,98.21,29.9111,2.01,2.0894,5.0,-31.0,-86.1111,27.0,21.0,6.0,0.7778,0.0,-24.9111,5.9822,77.7778,-72.7778,7,8,-31.0,-30.0,2.01,10.72,-3.2857,5.1786,0,0,0,0,0,0,Ministry of Railways,Railways,CAOC/SECR SECR mor,Chhattisgarh
709819,3rd & 4th line - Saragbundia & Madwarani 12.2 km PB72/NR/2022-23,2026-07,167.64,6.0,28.44,16.9649,0.43,1.5352,10.0,-1.0,-9.0909,45.0,40.0,5.0,0.8889,0.0,-6.9649,1.6965,88.8889,-78.8889,7,8,-1.0,0.0,0.43,1.92,0.7143,4.0471,0,0,0,0,0,0,Ministry of Railways,Railways,CAOC/SECR SECR mor,Chhattisgarh
709826,SCREENING PLANT-III AT KIRANDUL,2026-07,2718.84,153.0,1754.7,64.5386,5.94,0.3397,83.42,0.27,0.3247,51.0,57.0,-6.0,1.1176,1.0,18.8814,0.7737,100.0,-16.58,7,8,0.27,0.79,5.94,220.28,0.6314,49.2614,0,0,0,1,0,0,Ministry of Steel,Steel,National Mineral Development Corporation Limited [NMDC],Chhattisgarh
709827,CONSTRUCTION OF RESIDENTIAL TOWERS AT BIOM KIRANDUL COMPLEX,2026-02,349.75,15.0,326.85,93.4525,17.55,5.6741,100.0,1.0,1.0101,38.0,40.0,-2.0,1.0526,1.0,6.5475,0.9345,100.0,0.0,2,3,1.0,4.0,17.55,22.27,2.0,11.135,0,0,0,1,0,0,Ministry of Steel,Steel,National Mineral Development Corporation Limited [NMDC],Chhattisgarh
709830,CONVERSION OF FLAT BOTTOM SETTLERS AND WASHERS WITH A SINGLE TRAIN OF HRDS AND DCWS IN STREAMS 1 AND,2026-02,355.0,,163.55,46.0704,0.0,0.0,12.0,0.0,0.0,115.0,106.0,9.0,0.9217,0.0,-34.0704,3.8392,92.1739,-80.1739,2,3,0.0,0.0,0.0,0.0,0.0,0.0,0,0,0,0,0,0,Ministry of Mines,Metals & Mining,Ministry of Mines,Odisha
709831,SOURCING OF BAUXITE ARRANGEMENT FOR 5TH STREAM ALUMINA REFINERY FROM SOUTH BLOCK MINING LEASE OF PANCHPATMAILI MINES,2026-07,483.0,24.0,453.89,93.9731,2.19,0.4848,93.18,0.08,0.0859,66.0,80.0,-14.0,1.2121,1.0,-0.7931,1.0085,100.0,-6.82,7,8,0.08,0.18,2.19,7.73,0.3114,5.2257,0,0,0,1,0,0,Ministry of Mines,Metals & Mining,National Aluminium Company Limited [NALCO],Odisha
709832,25.5 MW WIND POWER PROJECT AT KAYATHAR IN TAMILNADU,2026-07,166.0,3.0,135.0,81.3253,0.0,0.0,70.0,3.27,4.9003,87.0,103.0,-16.0,1.1839,1.0,-11.3253,1.1618,100.0,-30.0,7,8,3.27,3.27,0.0,0.0,0.5714,0.0,0,0,0,1,0,0,Ministry of Mines,Metals & Mining,National Aluminium Company Limited [NALCO],Tamil Nadu
709837,"Creation of Gas Dehydration Facilities, Tripura Asset",2026-07,209.33,0.0,81.31,38.843,1.33,1.6629,71.3,0.8,1.1348,26.0,52.0,-26.0,2.0,1.0,32.457,0.5448,100.0,-28.7,7,8,0.8,2.3,1.33,1.33,0.7571,1.3371,0,0,0,1,0,0,Ministry of Petroleum & Natural Gas,Oil & Gas,Oil and Natural Gas Corporation Limited [ONGC],Tripura
709838,Commercial Polymer Flooding Project in Bechraji field,2026-07,621.4,0.0,280.45,45.132,28.71,11.4046,50.0,1.8,3.7344,34.0,54.0,-20.0,1.5882,1.0,4.868,0.9026,100.0,-50.0,7,8,1.8,4.8,28.71,48.31,3.5714,19.4657,0,0,0,1,0,0,Ministry of Petroleum & Natural Gas,Oil & Gas,Oil and Natural Gas Corporation Limited [ONGC],Gujarat
709839,Daman Upside Development Project,2026-07,4144.41,0.0,6302.5,152.0723,17.69,0.2815,92.9,-7.0,-7.007,40.0,49.0,-9.0,1.225,1.0,-59.1723,1.6369,100.0,-7.1,7,8,-7.0,-7.0,17.69,161.94,-0.0143,209.8286,0,0,0,1,0,0,Ministry of Petroleum & Natural Gas,Oil & Gas,Oil and Natural Gas Corporation Limited [ONGC],Offshore
709840,"Restoration of Gas Terminal, Phase-I [Part-A], Hazira",2026-07,249.43,0.0,219.56,88.0247,1.53,0.7017,97.6,0.1,0.1026,33.0,50.0,-17.0,1.5152,1.0,9.5753,0.9019,100.0,-2.4,7,8,0.1,0.3,1.53,2.07,0.3714,1.3014,0,0,0,1,0,0,Ministry of Petroleum & Natural Gas,Oil & Gas,Oil and Natural Gas Corporation Limited [ONGC],Gujarat
709841,Old Pipe Line Replacement [OPRP] Group-A,2026-07,173.03,0.0,168.22,97.2201,0.24,0.1429,94.6,0.1,0.1058,48.0,60.0,-12.0,1.25,1.0,-2.6201,1.0277,100.0,-5.4,7,8,0.1,0.4,0.24,3.33,0.8,1.9114,0,0,0,1,0,0,Ministry of Petroleum & Natural Gas,Oil & Gas,Oil and Natural Gas Corporation Limited [ONGC],Gujarat
709842,"Kalol Redevelopment Project, Ahmedabad Asset",2026-07,1487.41,0.0,946.45,63.6307,1.0,0.1058,66.0,1.0,1.5385,55.0,47.0,8.0,0.8545,0.0,2.3693,0.9641,85.4545,-19.4545,7,8,1.0,2.0,1.0,5.95,0.4286,1.1357,0,0,0,0,0,0,Ministry of Petroleum & Natural Gas,Oil & Gas,Oil and Natural Gas Corporation Limited [ONGC],Gujarat
709845,"Revamping of SV Stations, Gas Terminal & Kribhco Terminal",2026-07,837.34,0.0,469.99,56.1289,18.38,4.0699,70.9,0.8,1.1412,45.0,44.0,1.0,0.9778,0.0,14.7711,0.7917,97.7778,-26.8778,7,8,0.8,2.1,18.38,20.52,1.7,20.7071,0,0,0,0,0,0,Ministry of Petroleum & Natural Gas,Oil & Gas,Oil and Natural Gas Corporation Limited [ONGC],Gujarat
709846,Part Replacement Pipeline Project [PRPP],2026-02,1219.48,0.0,820.4,67.2746,75.4,10.1208,97.0,2.0,2.1053,18.0,39.0,-21.0,2.1667,1.0,29.7254,0.6936,100.0,-3.0,2,3,2.0,7.0,75.4,75.4,3.5,37.7,0,0,0,1,0,0,Ministry of Petroleum & Natural Gas,Oil & Gas,Oil and Natural Gas Corporation Limited [ONGC],Maharashtra
709847,Pipeline Network Project Rudrasagar,2026-07,481.03,0.0,238.83,49.6497,0.13,0.0545,55.4,0.6,1.0949,39.0,42.0,-3.0,1.0769,1.0,5.7503,0.8962,100.0,-44.6,7,8,0.6,0.7,0.13,3.15,0.7714,2.6371,0,0,0,1,0,0,Ministry of Petroleum & Natural Gas,Oil & Gas,Oil and Natural Gas Corporation Limited [ONGC],Assam
709848,MHN TCPP PGC BGC Project [MTPBP],2026-07,2329.45,0.0,1930.25,82.8629,0.71,0.0368,95.6,0.1,0.1047,47.0,49.0,-2.0,1.0426,1.0,12.7371,0.8668,100.0,-4.4,7,8,0.1,0.2,0.71,6.64,4.2286,111.6214,0,0,0,1,0,0,Ministry of Petroleum & Natural Gas,Oil & Gas,Oil and Natural Gas Corporation Limited [ONGC],Offshore
709849,PRP-VIII Group B [NH & BS Asset],2026-07,2546.9,0.0,3003.9,117.9434,80.41,2.7505,98.7,0.0,0.0,20.0,25.0,-5.0,1.25,1.0,-19.2434,1.195,100.0,-1.3,7,8,0.0,0.0,80.41,80.41,3.1,126.9557,0,0,0,1,0,0,Ministry of Petroleum & Natural Gas,Oil & Gas,Oil and Natural Gas Corporation Limited [ONGC],Offshore
709850,Borholla GGS Life Extension Project [BLEP],2026-07,198.7,0.0,110.99,55.8581,7.4,7.1435,63.5,1.0,1.6,32.0,34.0,-2.0,1.0625,1.0,7.6419,0.8797,100.0,-36.5,7,8,1.0,3.1,7.4,7.43,2.6429,7.32,0,0,0,1,0,0,Ministry of Petroleum & Natural Gas,Oil & Gas,Oil and Natural Gas Corporation Limited [ONGC],Assam
709851,Integrated Development of 4 Contract Areas under DSF-II,2026-07,6183.79,0.0,2053.0,33.1997,29.05,1.4353,47.4,3.5,7.9727,47.0,38.0,9.0,0.8085,0.0,14.2003,0.7004,80.8511,-33.4511,7,8,3.5,4.7,29.05,331.0,2.7714,165.3486,0,0,0,0,0,0,Ministry of Petroleum & Natural Gas,Oil & Gas,Oil and Natural Gas Corporation Limited [ONGC],Offshore
709856,MPLS-IP BASED ACCESS AND AGGREGATION NETWORK [MAAN] IN BSNL ALONG WITH TEST AND MEASURING EQUIPMENT,2026-07,645.13,0.0,407.9,63.2276,0.75,0.1842,92.1,0.0,0.0,15.0,38.0,-23.0,2.5333,1.0,28.8724,0.6865,100.0,-7.9,7,8,0.0,0.0,0.75,30.31,0.0143,4.33,0,0,0,1,0,0,Department of Telecommunications,Telecommunication,BSNL,PAN India
709857,"Planning, Engineering, Supply, Installation, Testing, Commissioning, Integration & Annual Maintenance of 4G mobile network at 1 Lakh sites on PAN India basis including Mumbai & Delhi LSA on turnkey basis under Phase IX.2 Project.",2026-07,24544.55,1.0,9165.89,37.3439,22.41,0.2451,98.56,0.15,0.1524,24.0,37.0,-13.0,1.5417,1.0,61.2161,0.3789,100.0,-1.44,7,8,0.15,0.22,22.41,693.85,0.2229,99.1214,0,0,0,1,0,0,Department of Telecommunications,Telecommunication,BSNL,PAN India
709859,SETTING UP OF PHYSICAL INFRASTRUCTURE FOR THE NATIONAL INSTITUTE OF COMMUNICATION FINANCE [NICF] AT GHITORNI,2026-07,248.2,42.0,237.43,95.6608,0.0,0.0,98.0,0.0,0.0,22.0,99.0,-77.0,4.5,1.0,2.3392,0.9761,100.0,-2.0,7,8,0.0,0.0,0.0,0.04,0.0,0.0743,0,0,0,1,0,0,Department of Telecommunications,Telecommunication,National Communication Academy - Finance [Erstwhile NICF],Delhi
709864,DCU Revamp Project,2026-07,370.0,0.0,310.38,83.8865,0.0,0.0,80.5,1.9,2.4173,35.0,59.0,-24.0,1.6857,1.0,-3.3865,1.0421,100.0,-19.5,7,8,1.9,1.9,0.0,11.13,1.7857,5.0814,0,0,0,1,0,0,Ministry of Petroleum & Natural Gas,Oil & Gas,Numaligarh Refinery Limited,Assam
709865,Power Recovery Turbine [PRT] in PFCCU unit as an Energy Conservation Scheme,2026-07,293.5,0.0,81.84,27.8842,0.0,0.0,99.0,0.0,0.0,20.0,39.0,-19.0,1.95,1.0,71.1158,0.2817,100.0,-1.0,7,8,0.0,0.0,0.0,0.0,0.1429,-2.1971,0,0,0,1,0,0,Ministry of Petroleum & Natural Gas,Oil & Gas,Numaligarh Refinery Limited,Assam
738679,Stamp Charge Battery No.7 Battery Proper at RSP,2026-07,2584.41,1.0,1182.92,45.7714,,,54.16,,,41.0,21.0,20.0,0.5122,0.0,8.3886,0.8451,51.2195,2.9405,0,1,,,,,,,0,1,0,0,0,0,Ministry of Steel,Steel,Steel Authority of India Limited (SAIL,Odisha
834015,Stamp Charge Battery No.12 By-product Plant at RSP,2026-07,1140.07,1.0,207.56,18.2059,,,22.59,,,41.0,21.0,20.0,0.5122,0.0,4.3841,0.8059,51.2195,-28.6295,0,1,,,,,,,0,1,0,0,0,0,Ministry of Steel,Steel,Steel Authority of India Limited (SAIL,Odisha
900808,Transmission System for Kurnool Wind Energy Zone/ Solar Energy Zone Part-A and Part-B,2026-05,3546.94,4.0,3532.75,99.5999,0.0,0.0,99.69,0.0,0.0,20.0,38.0,-18.0,1.9,1.0,0.0901,0.9991,100.0,-0.31,5,6,0.0,0.01,0.0,3.55,0.338,18.452,0,0,0,1,0,0,Ministry of Power,Transmission & Distribution,Power Grid Corporation of India Limited [POWERGRID],"Multi-States
(Andhra Pradesh,
Telangana)"
900874,Jhajha - Batia 20 km Umbrella work PB23/2018-19/NR,2026-07,588.18,86.0,26.52,4.5088,24.14,1014.2857,0.0,-0.1,-100.0,23.0,3.0,20.0,0.1304,0.0,-4.5088,,13.0435,-13.0435,7,8,-0.1,-0.1,24.14,24.14,0.0,3.6186,0,0,0,0,0,0,Ministry of Railways,Railways,CAO/Con/South/MHX ECR mor,Bihar
914467,Amended BharatNet Program - BR,2026-07,1550.0,19.0,222.77,14.3723,,,17.76,,,36.0,16.0,20.0,0.4444,0.0,3.3877,0.8092,44.4444,-26.6844,0,1,,,,,,,0,1,0,0,0,0,Department of Telecommunications,Telecommunication,Department of Telecommunications,PAN India
938832,Amended BharatNet Program - RJ,2026-07,2839.0,31.0,283.93,10.0011,,,0.0,,,36.0,4.0,32.0,0.1111,0.0,-10.0011,,11.1111,-11.1111,0,1,,,,,,,0,1,0,0,0,0,Department of Telecommunications,Telecommunication,Department of Telecommunications,PAN India
944288,Super accelerated cooling system (Uniform Cooling) for high strength plates in Plate Mill at BSP,2026-07,192.21,0.0,63.8,33.1929,,,48.01,,,18.0,13.0,5.0,0.7222,0.0,14.8171,0.6914,72.2222,-24.2122,0,1,,,,,,,0,1,0,0,0,0,Ministry of Steel,Steel,Steel Authority of India Limited (SAIL,Chhattisgarh
946208,Amended BharatNet Program - SKM,2026-07,160.0,34.0,0.0,0.0,,,0.0,,,36.0,1.0,35.0,0.0278,0.0,0.0,,2.7778,-2.7778,0,1,,,,,,,0,1,0,0,0,0,Department of Telecommunications,Telecommunication,Department of Telecommunications,PAN India
976009,"Amended BharatNet Program - ARP, NGL, MNP",2026-07,1168.0,22.0,123.28,10.5548,,,0.61,,,36.0,13.0,23.0,0.3611,0.0,-9.9448,17.3029,36.1111,-35.5011,0,1,,,,,,,0,1,0,0,0,0,Department of Telecommunications,Telecommunication,Department of Telecommunications,PAN India
