project_id,project_name,ministry,sector,implementing_agency,state,snapshot_month,actual_completion_date,lead_time_months,date_of_approval,start_date,original_doc,revised_doc,original_cost,revised_cost,cumulative_expenditure,physical_progress_pct,completion_cost,final_revised_doc,target_cost_overrun_pct,target_cost_overrun_binary,target_delay_from_original_months,target_delay_binary
400234,Third Railway Line between Patratu-Sonnagar [291 kms],"All Ongoing Projects
DECEMBER 2025
Orignal/Target DoC
Date of Approval Orignal Cost Cumulative
(Revised DoC) Physical Progress
Sl.No Project Name (Agency) (Project Code) State (Start Date) Revised Cost Expenditure
MM/YYYY (%)
MM/YYYY in Rs. Crore in Rs. Crore
AURANGABAD-ANKAI - DOUBLING PROJECT 98.25 Km
05/2023 03/2027 960.64
592 (South Central Railway [SCR] - II) Maharashtra 732.32 1
(05/2023) (-) (960.64)
(611751)
Redevelopment of Chhatrapati Shivaji Maharaj Terminus [CSMT] and construction of
associated infrastructure 04/2023 03/2027 1813
593 Maharashtra 635.74 17
(Rail Land Development Authority) (07/2023) (-) (1813)
(613015)
Gondia-Balharshah [Chanda Fort] Doubling [240 Km]
04/2025 03/2031 4373.04
594 (South East Central Railway) Maharashtra 0.29 0
(04/2025) (-) (4373.04)
(617201)
Doubling between Parbhani Parli Vaijanath stations 64.71 Km
12/2023 03/2028 769.93
595 (South Central Railway [SCR] - II) Maharashtra 43.91 0
(12/2023) (-) (769.93)
(617215)
Babupeth - Sasti New Rail Line [13.114 KMs]
10/2024 03/2028 362.81
596 (CentralRailway) Maharashtra 0.47 0
(10/2024) (-) (362.81)
(617361)
Double Chord line Between Nilaje-Kopar
01/2025 07/2028 338.33
597 (CentralRailway) Maharashtra 7.8 0
(01/2025) (-) (205)
(617364)
Ahmednagar - Beed - Parli - Vaijnath New Broad Gauge Line Railway Project [261.3
km] 01/1999 03/2026 2538.67
598 Maharashtra 5183.23 98
(Central Railway [CR] - II) (10/2002) (03/2026) (4957.27)
(705356)
Baramati Lonand New Line Project
03/2016 03/2027 138.48
599 (Central Railway) Maharashtra 877.37 51
(03/1999) (03/2027) (1843.9)
(705357)
Wadsa-Gadchiroli
05/2017 03/2027 1886
600 (South East Central Railway) Maharashtra 730.33 53
(03/2012) (03/2027) (1886)
(705479)
3rd Line Kalyan - Kasara [67.35 Kilometres]
09/2015 12/2026 792.89
601 (Central Railway) Maharashtra 996.09 68
(09/2015) (12/2026) (1395.79)
(705498)
3rd Line Wardha - Sewagram - Nagpur
09/2015 12/2025 540.02
602 (Central Railway [CR] - II) Maharashtra 798.01 84
(05/2016) (10/2026) (916.53)
(705500)
3rd Line Wardha - Ballarshah [132 Kilometres]
03/2016 12/2025 1384.72
603 (Central Railway [CR] - II) Maharashtra 1727.83 86
(12/2016) (02/2026) (2033.59)
(705502)
Pune - Miraj-Londa [467 Kilometres]
06/2016 02/2025 4027.53
604 (Central Railway) Maharashtra 5113.51 100
(06/2016) (08/2025) (4872.52)
(705503)
Doubling of Daund Manmad Line [247.6 km]
10/2017 12/2025 2081.27
605 (Central Railway) Maharashtra 2956.98 92
(03/2017) (03/2026) (3267.06)
(705504)
4th Line Wardha - Nagpur [78.7 Kilometres]
04/2017 12/2025 637.95
606 (Central Railway [CR] - II) Maharashtra 1035.92 88
(05/2018) (10/2026) (1214.69)
(705505)
3rd Line Manmad - Jalgaon [160 Kilometres]
05/2017 12/2024 1035.16
607 (Central Railway [CR] - II) Maharashtra 1726.94 95
(04/2018) (08/2025) (1558.75)
(705506)
Solapur-tuljapur-Osmanabad
08/2018 03/2027 904.92
608 (Central Railway) Maharashtra 1177.85 12
(12/2023) (03/2028) (3295.74)
(705735)
Nagpur- Nagbhir Railway Line Gauge Conversion Project
10/2019 12/2025 1400
609 (MRIDC) Maharashtra 1472 80
(04/2020) (12/2025) (1400)
(705799)
Mumbai Urban Transport Project [MUTP] - PHASE II
05/2008 03/2014 8087
610 (Mumbai Rail Vikas Corporation Ltd.[MRVC]) Maharashtra 7428.59 87
(04/2008) (12/2027) (8087)
(706779)
Mumbai Urban Transport Project [MUTP] Phase-IIIA
04/2019 12/2027 33690
611 (Mumbai Rail Vikas Corporation Ltd.[MRVC]) Maharashtra 2922.12 20
(04/2019) (12/2027) (33690)
(706780)
Mumbai Urban Transport Project Phase-III
11/2016 03/2022 10947
612 (Mumbai Rail Vikas Corporation Ltd.[MRVC]) Maharashtra 5760.81 70
(12/2016) (12/2026) (10947)
(706781)
Jiribam-Imphal new line project
03/2013 12/2026 14323
613 (Northeast Frontier Railway [NFR]) Manipur 15824.48 72
(12/2007) (06/2029) (21885.9)
(705391)
Marikuppam - Kuppam New Line Project [23.70 Km] Multi-States
04/2012 06/2026 297
614 (South Western Railway [SWR] - II) (Andhra Pradesh, 137.3 20
(10/2018) (06/2026) (297)
(705491) Karnataka)
Rayadurg-Tumkur via Kalyandurg New Line [207 km] Multi-States
03/2008 09/2015 2496
615 (South Western Railway [SWR] - II) (Andhra Pradesh, 1807.86 70
(07/2010) (02/2028) (2496)
(705494) Karnataka)
Renigunta, Wadi & Gooty Bypass Railway Project Multi-States
04/2016 12/2025 302
616 (South Central Railway [SCR] - II) (Andhra Pradesh, 381 50
(04/2016) (12/2025) (543)
(705610) Karnataka)
Doubling between Mudkhed Medchal & Mahbubnagar Dhone section 417.88 Km Multi-States
(South Central Railway [SCR] - II) (Andhra Pradesh, 08/2023 03/2029 4686.09
617 1048.12 2
(617212) Maharashtra, (08/2023) (-) (4686.09)
Telangana)
Vizianagaram - Titlagarh 3rd line [272 Km including By - pass line of 7.68 KM] Multi-States
06/2016 12/2025 4803
618 (RVNL - II) (Andhra Pradesh, 6016.71 94
(11/2016) (12/2025) (6669.91)
(400253) Odisha)
Doubling of Kottavalasa-Koraput Rail Line [189 KM] Multi-States
12/2015 03/2022 2500
619 (East Coast Railway [ECoR] - II) (Andhra Pradesh, 2091.69 71
(01/2016) (03/2028) (2500)
(705512) Odisha)
Tindivanam-Nagari New Line Project [184.5 km] Multi-States
07/2008 09/2025 3631
620 (Ministry of Railways) (Andhra Pradesh, 1176.55 19
(10/2008) (03/2028) (3631)
(400275) Tamil Nadu)
Doubling between Motumari Vishnupuram - 88.81 Km and Rail over Rail - RoR at
Multi-States
Motumari - 10.877 Km 02/2024 03/2029 1595.55
621 (Andhra Pradesh, 46.01 2
(South Central Railway [SCR] - II) (03/2025) (-) (1595.55)
Telangana)
(616857)",Railways,RVNL - II,"Multi-States
(Bihar, Jharkhand)",2025-12,2026-02,2,2016-11,2018-08,2026-03,2028-12,8975.0,8975.0,4798.96,90.0,5690.22,2026-07,-36.5992,0,-1,0
702948,Jaunpur Sewerage Management Infrastructure Project,"All Ongoing Projects
JANUARY 2026
Orignal/Target DoC
Date of Approval Orignal Cost Cumulative
(Revised DoC) Physical Progress
Sl.No Project Name (Agency) (Project Code) State (Start Date) Revised Cost Expenditure
MM/YYYY (%)
MM/YYYY in Rs. Crore in Rs. Crore
SAAP-3 Water Supply Infrastructure SAAP-3 Project
02/2017 10/2023 159.31
295 (Ministry of Housing & Urban Affairs) Jharkhand 87.5 66
(12/2018) (03/2026) (159.31)
(702742)
Augmentation and Strenghthning of Urban Water Supply Phase 1 - SAAP 3
02/2017 03/2023 278.28
296 (Ministry of Housing & Urban Affairs) Jharkhand 186.5 79
(12/2018) (03/2026) (278.28)
(702746)
Belgavi Improvement in Sewerage System Project
12/2015 07/2023 162.73
297 (Ministry of Housing & Urban Affairs) Karnataka 85.71 80
(10/2016) (03/2026) (162.73)
(702760)
24/7 water supply under AMRUT for Davanagere
11/2016 03/2023 174.96
298 (Ministry of Housing & Urban Affairs) Karnataka 93.18 65
(01/2018) (03/2026) (174.96)
(702764)
Indore Water Supply Infrastructure Project
12/2016 03/2023 287.17
299 (Ministry of Housing & Urban Affairs) Madhya Pradesh 252.5 99
(11/2017) (03/2026) (287.17)
(702793)
Jabalpur Sewerage Management and Treatment Infrastructure Project
10/2018 03/2023 362.31
300 (Ministry of Housing & Urban Affairs) Madhya Pradesh 324.79 96
(12/2017) (03/2026) (362.31)
(702798)
Satna Sewerage Management and Treatment Infrastructure Project
11/2015 03/2024 191.56
301 (Ministry of Housing & Urban Affairs) Madhya Pradesh 192.79 90
(12/2016) (03/2026) (215.89)
(702808)
Singrauli Sewerage Management and Treatment Infrastructure Project
05/2016 03/2023 402.01
302 (Ministry of Housing & Urban Affairs) Madhya Pradesh 357.68 90
(11/2017) (03/2026) (438.1)
(702810)
Kalyan-Dombivali Water Supply Infrastructure Project
07/2016 10/2023 194.2
303 (Ministry of Housing & Urban Affairs) Maharashtra 136.56 75
(09/2019) (03/2026) (194.2)
(702833)
Mira-Bhayandar Water Supply Infrastructure Project
11/2016 03/2023 204.55
304 (Ministry of Housing & Urban Affairs) Maharashtra 186.13 99
(08/2018) (03/2026) (204.55)
(702840)
Pune Water Supply Infrastructure Project
03/2017 03/2023 235.95
305 (Ministry of Housing & Urban Affairs) Maharashtra 184.98 95
(07/2017) (03/2026) (235.95)
(702851)
Solapur Sewerage Management Infrastructure Project
03/2017 03/2023 180.24
306 (Ministry of Housing & Urban Affairs) Maharashtra 166.32 98
(04/2018) (03/2026) (180.24)
(702854)
Jalandhar Water Supply Infrastructure Project
11/2016 08/2023 258.53
307 (Ministry of Housing & Urban Affairs) Punjab 161.02 58
(08/2020) (03/2026) (266.64)
(703021)
Patiala Water Supply Infrastructure Part-2 Project
11/2016 10/2023 287
308 (Ministry of Housing & Urban Affairs) Punjab 213.64 99
(08/2020) (03/2026) (287)
(703057)
Jaunpur Sewerage Management Infrastructure Project
03/2017 06/2023 235.73
309 (Ministry of Housing & Urban Affairs) Uttar Pradesh 221.27 100
(08/2019) (03/2026) (235.73)
(702948)
Jhansi Water Supply Infrastructure Phase-II Project
03/2017 07/2023 561.74
310 (Ministry of Housing & Urban Affairs) Uttar Pradesh 485.91 93
(06/2019) (03/2026) (561.74)
(702949)
Total (23) 5625.02 4134.88
Ministry of Mines
Construction
Construction of Basement + Ground Floor+ 10 Storeyed building for State of the Art
Director General, GSI Building at plot No.GN-40, Sector-V, Salt Lake, Kolkata 04/2019 08/2026 255.37
311 West Bengal 94.91 52
(Central Public Works Department (CPWD)) (02/2020) (-) (255.37)
(617280)
Total (1) 255.37 94.91
Metals & Mining
Expansion of Malanjkhand Copper Project
09/2011 04/2020 1856.36
312 (Hindustan Copper Limited [HCL]) Madhya Pradesh 955.12 83
(04/2015) (04/2026) (1856.36)
(400426)
Expansion of Alumina Refinery Plant with addition of 5th Stream having capacity
enhancement of 1.0 Million Tonee Per Annum 04/2017 12/2022 4103
313 Odisha 4556.52 81
(National Aluminium Company Limited [NALCO]) (04/2017) (06/2026) (5677.4)
(400141)
Pottangi Bauxite Mines Project
05/2018 03/2025 1381
314 (National Aluminium Company Limited [NALCO]) Odisha 769.17 51
(05/2018) (05/2026) (1960.77)
(400299)
CONVERSION OF FLAT BOTTOM SETTLERS AND WASHERS WITH A SINGLE
TRAIN OF HRDS AND DCWS IN STREAMS 1 AND NA 11/2026 355
315 Odisha 163.55 12
(Ministry of Mines) (04/2017) (-) (581)
(709830)
SOURCING OF BAUXITE ARRANGEMENT FOR 5TH STREAM ALUMINA
REFINERY FROM SOUTH BLOCK MINING LEASE OF PANCHPATMAILI MINES 11/2017 05/2025 483
316 Odisha 423.32 91
(National Aluminium Company Limited [NALCO]) (11/2019) (06/2026) (483)
(709831)
25.5 MW WIND POWER PROJECT AT KAYATHAR IN TAMILNADU
09/2017 03/2025 166
317 (National Aluminium Company Limited [NALCO]) Tamil Nadu 135 66
(12/2017) (03/2026) (166)
(709832)
Total (6) 8344.36 7002.68
Department of Higher Education
Education
Construction and Developement of National Institute of Technology Meghalaya
Permanent Campus at Sohra 09/2009 03/2022 494.52
318 362.48 92
(National Institute of Technology, Meghalaya) (09/2014) (10/2026) (429.7)
(612885)
Construction of Permanent Campus of Central Tribal University of Andhra Pradesh
Phase-1 09/2019 06/2027 305
319 Andhra Pradesh 62.16 40
(Central Tribal University of Andhra Pradesh) (12/2023) (-) (305)
(613008)",Waste & Water,Ministry of Housing & Urban Affairs,Uttar Pradesh,2026-01,2026-03,2,2017-03,2019-08,2023-06,2026-03,235.73,235.73,221.27,100.0,231.62,2026-03,-1.7435,0,33,0
709790,Replacement and Extension of Jetty Pipelines [REJP] at KR,"All Ongoing Projects
DECEMBER 2025
Orignal/Target DoC
Date of Approval Orignal Cost Cumulative
(Revised DoC) Physical Progress
Sl.No Project Name (Agency) (Project Code) State (Start Date) Revised Cost Expenditure
MM/YYYY (%)
MM/YYYY in Rs. Crore in Rs. Crore
Redevelopment of Sobhasan Complex
08/2021 02/2026 885.63
370 (Oil and Natural Gas Corporation Limited [ONGC]) Gujarat 911.57 85
(08/2021) (02/2026) (1286.67)
(400087)
Redevelopment of Santhal Field [Onshore-Mehsana Asset]
02/2017 03/2026 1162.56
371 (Oil and Natural Gas Corporation Limited [ONGC]) Gujarat 1145.85 95
(02/2017) (03/2026) (1162.56)
(400167)
Redevelopment of Linch Field
04/2021 03/2025 631.03
372 (Oil and Natural Gas Corporation Limited [ONGC]) Gujarat 600.07 88
(04/2021) (03/2026) (860.04)
(400169)
Petrochemical and Lube Integration Project at Gujarat Refinery
09/2020 08/2024 18936
373 (Ministry of Petroleum & Natural Gas) Gujarat 13229.31 85
(09/2020) (06/2026) (17825)
(701329)
Installation of new Biturox Unit along with allied facilities at Gujarat Refinery
01/2022 08/2025 328.29
374 (MinistryofPetroleumNaturalGas) Gujarat 183.45 72
(01/2022) (09/2026) (287)
(709778)
Commercial Polymer Flooding Project in Bechraji field
01/2022 11/2024 621.4
375 (Oil and Natural Gas Corporation Limited [ONGC]) Gujarat 144.19 25
(01/2022) (05/2027) (739.02)
(709838)
Restoration of Gas Terminal, Phase-I [Part-A], Hazira
05/2022 02/2025 249.43
376 (Oil and Natural Gas Corporation Limited [ONGC]) Gujarat 210.45 95
(05/2022) (04/2026) (249.43)
(709840)
Old Pipe Line Replacement [OPRP] Group-A
07/2021 07/2025 173.03
377 (Oil and Natural Gas Corporation Limited [ONGC]) Gujarat 154.84 89
(07/2021) (03/2026) (169.84)
(709841)
Kalol Redevelopment Project, Ahmedabad Asset
08/2022 03/2027 1487.41
378 (Oil and Natural Gas Corporation Limited [ONGC]) Gujarat 938.5 63
(08/2022) (03/2027) (1487.41)
(709842)
Revamping of SV Stations, Gas Terminal & Kribhco Terminal
11/2022 08/2026 837.34
379 (Oil and Natural Gas Corporation Limited [ONGC]) Gujarat 325.04 59
(11/2022) (08/2026) (837.34)
(709845)
Indian Oil Technology Development and Deployment Centre at R&D Campus-II,
Faridabad 06/2019 12/2022 2281.94
380 Haryana 1885.39 64
(Ministry of Petroleum & Natural Gas) (06/2019) (10/2026) (3200)
(604853)
Poly Butadiene Rubber plant at Panipat
03/2022 03/2025 1459
381 (Indian Oil Corporation Limited [IOCL]) Haryana 1435.65 79
(03/2022) (06/2026) (2531.44)
(611917)
Capacity Expansion of Panipat Refinery from 15 to 25 MMTPA
02/2021 09/2024 34627
382 (Ministry of Petroleum & Natural Gas) Haryana 27829.24 91
(02/2021) (06/2026) (36225)
(701289)
Installation of Multiple Effect Evaporator [MEE] for ETP-1, 2 & 4 of Panipat Refinery
and Petrochemical Complex. 12/2020 06/2023 165.13
383 Haryana 155.76 79
(MinistryofPetroleumNaturalGas) (12/2020) (06/2026) (247.69)
(709783)
City Gas Distribution Project at Jammu, Udhampur, Reasi, Samba and Kathua
Districts Jammu and 03/2022 03/2032 538
384 4.11 0
(MinistryofPetroleumNaturalGas) Kashmir (03/2022) (03/2032) (538)
(709773)
Development of Jharia CBM Block [Phase-1]
11/2019 01/2024 431
385 (Oil and Natural Gas Corporation Limited [ONGC]) Jharkhand 228.44 61
(11/2019) (03/2026) (431)
(610984)
Laying of Natural Gas Pipeline from Hazaribagh to Ranchi [HRPL]
02/2023 02/2026 202.07
386 (MinistryofPetroleumNaturalGas) Jharkhand 61.84 50
(02/2023) (03/2027) (202.07)
(709785)
Power System Upgradation Project
10/2023 11/2025 385
387 (Mangalore Refinary and Petrochemicals Limited) Karnataka 178.36 74
(10/2023) (05/2026) (385)
(612790)
Demo Bio-ATF Project
03/2024 01/2027 364
388 (Ministry of Petroleum & Natural Gas) Karnataka 49.39 26
(03/2024) (01/2027) (364)
(616879)
Revamping/ Augmentation of facilities at existing port terminal at Mangalore
01/2022 12/2025 463
389 (Ministry of Petroleum & Natural Gas) Karnataka 301.09 76
(01/2022) (06/2027) (500.62)
(709774)
Augmentation of CCKPL and IDPL Pipelines capacity along with setting up of
Palakkad TOP 09/2024 08/2028 1130
390 Kerala 189.61 20
(Ministry of Petroleum & Natural Gas) (09/2024) (08/2028) (1130)
(617838)
Replacement and Extension of Jetty Pipelines [REJP] at KR
03/2023 03/2026 621.87
391 (Bharat Petroleum Corporation Limited [BPCL]) Kerala 459.74 93
(03/2023) (03/2026) (372)
(709790)
Setting up Polypropylene Unit at Kochi Refinery
12/2023 10/2027 4460
392 (MinistryofPetroleumNaturalGas) Kerala 399.96 20
(12/2023) (10/2027) (4460)
(709799)
C2/C3 Vijaipur Pata Pipeline
05/2024 01/2027 1792
393 (Ministry of Petroleum & Natural Gas) Madhya Pradesh 390.2 46
(05/2024) (01/2027) (1792)
(617830)
Ethylene Cracker Project at Bina Refinery including downstream Petrochemical Plants
and expansion of Refinery 05/2023 05/2028 43367
394 Madhya Pradesh 2592.6 18
(MinistryofPetroleumNaturalGas) (05/2023) (05/2028) (43367)
(709798)
500 KTA PDHPP Project, Usar
04/2021 04/2025 8797
395 (Ministry of Petroleum & Natural Gas) Maharashtra 7371.46 88
(04/2021) (06/2026) (11256)
(400168)
Lube Modernization & Bottom Upgradation Project at Mumbai Refinery
12/2024 03/2028 4679
396 (Ministry of Petroleum and Natural Gas) Maharashtra 222.44 7
(12/2024) (03/2028) (4679)
(616933)
HP TDAE Unit in Mumbai Refinery
06/2024 04/2026 240
397 (Hindustan Petroleum Corporation Limited) Maharashtra 77.58 70
(06/2024) (04/2026) (240)
(709760)
City Gas Distribution Project at Beed, Jalgaon and Jalna Districts
03/2022 09/2031 865
398 (MinistryofPetroleumNaturalGas) Maharashtra 74.35 3
(03/2022) (09/2031) (865)
(709771)",Oil & Gas,Bharat Petroleum Corporation Limited [BPCL],Kerala,2025-12,2026-02,2,2023-03,2023-03,2026-03,2026-03,621.87,372.0,459.74,93.0,220.0,2026-02,-64.6228,0,-1,0
709789,Installation of Independent De- Aromatized Solvents [DAS] production facilities at MR,"All Ongoing Projects
DECEMBER 2025
Orignal/Target DoC
Date of Approval Orignal Cost Cumulative
(Revised DoC) Physical Progress
Sl.No Project Name (Agency) (Project Code) State (Start Date) Revised Cost Expenditure
MM/YYYY (%)
MM/YYYY in Rs. Crore in Rs. Crore
Construction of Additional Tankages and Allied Facilities at JNPT Terminal
04/2022 08/2026 341.43
399 (MinistryofPetroleumNaturalGas) Maharashtra 293.12 55
(04/2022) (08/2026) (436.14)
(709780)
ATF Pipeline from Jawaharlal Nehru Port Trust to Navi Mumbai International Airport
08/2022 08/2025 165
400 (Indian Oil Corporation Limited [IOCL]) Maharashtra 96.61 83
(08/2022) (03/2026) (165)
(709782)
Installation of Independent De- Aromatized Solvents [DAS] production facilities at MR
03/2023 07/2025 405
401 (Bharat Petroleum Corporation Limited [BPCL]) Maharashtra 244.2 97
(03/2023) (02/2026) (343)
(709789)
POL & LOBS Installations with Receipt Pipelines at Rasayani
05/2023 05/2026 2585
402 (Bharat Petroleum Corporation Limited [BPCL]) Maharashtra 936.03 80
(05/2023) (05/2026) (2585)
(709797)
Part Replacement Pipeline Project [PRPP]
11/2022 05/2024 1219.48
403 (Oil and Natural Gas Corporation Limited [ONGC]) Maharashtra 745 90
(11/2022) (01/2026) (1145.1)
(709846)
Visakh Raipur Pipeline Project Multi-States
(Ministry of Petroleum and Natural Gas) (Andhra Pradesh, 09/2024 09/2027 2212
404 127.64 21
(616254) Chhattisgarh, (09/2024) (09/2027) (2212)
Odisha)
North East Gas Grid Multi-States
(Ministry of Petroleum & Natural Gas) (Arunachal
(701346) Pradesh, Assam,
Manipur,
04/2020 03/2024 9265
405 Meghalaya, 6622 86
(04/2020) (03/2026) (9265)
Mizoram,
Nagaland, Sikkim,
Tripura, West
Bengal)
Pipeline Rehabilitation Project, Phase-II Multi-States
12/2024 12/2029 680
406 (Ministry of Petroleum & Natural Gas) (Assam, Bihar, 2.32 17
(12/2024) (12/2029) (680)
(617827) West Bengal)
Upgradation of Facilities of Numaligarh-Siliguri Product Pipeline [NSPL] for
Multi-States
transportation of additional products from existing 1.72 MMTPA to 5.5 MMTPA 06/2021 12/2024 860
407 (Assam, West 636.92 99
(Ministry of Petroleum & Natural Gas) (06/2021) (03/2026) (860)
Bengal)
(701350)
CGD Project in Banka, Dumka, Godda, Jamtara, Pakur, Sahibganj GA ID 11A.02
Multi-States 06/2022 06/2030 1377
408 (Hindustan Petroleum Corporation Limited) 350.62 32
(Bihar, Jharkhand) (06/2022) (06/2030) (1377)
(709757)
Mumbai Nagpur Jharsuguda Pipeline Project Multi-States
(Ministry of Petroleum & Natural Gas) (Chhattisgarh,
06/2020 05/2023 7844.25
409 (701354) Madhya Pradesh, 6857.3 97
(06/2020) (02/2026) (8255)
Maharashtra,
Odisha)
Mehsana-Bhatinda & Bhatinda-Jammu Natural Gas Pipeline Multi-States
(Ministry of Petroleum & Natural Gas) (Gujarat, Haryana, 07/2011 06/2024 7392
410 6336.9 90
(701330) Punjab, (07/2011) (03/2026) (7392)
Rajasthan)
Gurdaspur Jammu Pipeline Multi-States
07/2023 07/2026 521.9
411 (Gas Authority of India Limited [GAIL]) (Jammu and 249.7 43
(07/2023) (07/2026) (521.9)
(612853) Kashmir, Punjab)
Kochi - Koottanad - Bangalore - Mangalore Pipeline Phase-II Multi-States
(Ministry of Petroleum & Natural Gas) (Karnataka, 06/2009 12/2012 2915
412 4548.29 95
(701228) Kerala, Tamil (06/2009) (03/2026) (5909)
Nadu)
City Gas Distribution Maharashtra Natural Gas Limited Multi-States
01/2006 06/2031 5535
413 (Ministry of Petroleum & Natural Gas) (Karnataka, 4037.28 0
(01/2006) (06/2031) (5535)
(701338) Maharashtra)
Dhamra Haldia Pipeline Project Multi-States
03/2020 11/2022 1030.65
414 (Ministry of Petroleum & Natural Gas) (Odisha, West 885.2 91
(03/2020) (03/2026) (1125)
(701344) Bengal)
City Gas Distribution Projects at Fazilka [except area already authorized], Ganganagar
Multi-States
and Hanumangarh districts 12/2022 06/2030 3207
415 (Punjab, 377.38 27
(Bharat Petroleum Corporation Limited [BPCL]) (12/2022) (06/2030) (3207)
Rajasthan)
(709794)
Augmentation/ Revamping of Dimapur Depot, Dimapur
08/2023 11/2027 227.62
416 (MinistryofPetroleumNaturalGas) Nagaland 15.85 28
(08/2023) (11/2027) (227.62)
(709786)
Integrated Para Xylene [PX] and Purified Terephthalic Acid [PTA] Project at Paradip
Refinery 07/2020 01/2024 13805
417 Odisha 8613.21 92
(Ministry of Petroleum & Natural Gas) (07/2020) (08/2026) (11783)
(604859)
City Gas Distribution [CGD] Project in Gajapati, Kandhamal, Boudh, & Sonepur GA
02/2022 02/2030 514.91
418 (GAIL Gas) Odisha 19.92 4
(02/2022) (02/2030) (514.91)
(617818)
CUF POL Depot at Sadashibpur [Meramundali], Odisha
04/2021 03/2026 393.54
419 (MinistryofPetroleumNaturalGas) Odisha 153.37 54
(04/2021) (03/2026) (393.54)
(709800)
Life Extension of 48 well platforms of Mumbai High & Heera Fields
12/2015 04/2018 3190.69
420 (Oil and Natural Gas Corporation Limited [ONGC]) Offshore 3123.2 90
(12/2015) (03/2026) (3375.9)
(400119)
PRP-VIII [Group-A]
09/2024 02/2026 1486.4
421 (Ministry of Petroleum & Natural Gas) Offshore 394.85 30
(09/2024) (05/2026) (1486.4)
(616950)
Daman Upside Development Project
06/2022 10/2025 4144.41
422 (Oil and Natural Gas Corporation Limited [ONGC]) Offshore 4833.7 93
(06/2022) (02/2026) (6406.9)
(709839)
MHN TCPP PGC BGC Project [MTPBP]
06/2022 05/2026 2329.45
423 (Ministry of Petroleum & Natural Gas) Offshore 1148.9 66
(06/2022) (05/2026) (2354.23)
(709848)
PRP-VIII Group B [NH & BS Asset]
06/2024 02/2026 2379.84
424 (Ministry of Petroleum & Natural Gas) Offshore 2115.21 77
(06/2024) (05/2026) (3165.53)
(709849)
Integrated Development of 4 Contract Areas under DSF-II
05/2023 04/2027 6183.79
425 (Ministry of Petroleum & Natural Gas) Offshore 895.56 28
(05/2023) (04/2027) (6183.79)
(709851)",Oil & Gas,Bharat Petroleum Corporation Limited [BPCL],Maharashtra,2025-12,2026-02,2,2023-03,2023-03,2025-07,2026-02,405.0,343.0,244.2,97.0,254.56,2026-02,-37.1457,0,7,0
400161,"PP Project, Pata","All Ongoing Projects
DECEMBER 2025
Orignal/Target DoC
Date of Approval Orignal Cost Cumulative
(Revised DoC) Physical Progress
Sl.No Project Name (Agency) (Project Code) State (Start Date) Revised Cost Expenditure
MM/YYYY (%)
MM/YYYY in Rs. Crore in Rs. Crore
2G Ethanol Biorefinery at Bathinda
05/2020 02/2023 1421.46
426 (Hindustan Petroleum Corporation Limited [HPCL]) Punjab 1218.24 95
(05/2020) (03/2026) (1421.46)
(400171)
City Gas Distribution Project at Pathankot District
03/2022 09/2033 151
427 (MinistryofPetroleumNaturalGas) Punjab 8.81 2
(03/2022) (09/2033) (151)
(709770)
CBR 9 MMTPA Project
09/2021 06/2025 31580
428 (Chennai Petroleum Corporation Limited [CPCL]) Tamil Nadu 1404.61 10
(09/2021) (10/2028) (36354)
(604795)
Laying of new 28 inch Desal Water Pipeline and 10 inch Reject Water Pipeline
between CPCL Manali Refinery and CPCL Desalination plant at Ennore 01/2024 09/2025 205
429 Tamil Nadu 76.2 53
(Chennai Petroleum Corporation Limited [CPCL]) (01/2024) (12/2026) (205)
(709750)
City Gas Distribution Projects at the Nilgiris and Erode districts
12/2022 03/2030 3685
430 (Bharat Petroleum Corporation Limited [BPCL]) Tamil Nadu 261.81 22
(12/2022) (03/2030) (3685)
(709796)
ATF Pipeline from BPCLs Malkapur POL Installation to Hyderabad International
airport 03/2025 09/2027 215
431 Telangana 38.16 17
(MinistryofPetroleumNaturalGas) (03/2025) (-) (215)
(617822)
Creation of Gas Dehydration Facilities, Tripura Asset
03/2022 05/2024 209.33
432 (Oil and Natural Gas Corporation Limited [ONGC]) Tripura 71.95 66
(03/2022) (05/2026) (131.51)
(709837)
PP Project, Pata
03/2019 01/2024 910.56
433 (Gas Authority of India Limited [GAIL]) Uttar Pradesh 1066 99
(03/2019) (12/2026) (1299.02)
(400161)
Revamping / Augmentation of Facilities at Mathura Bitumen Plant
04/2022 06/2027 260.12
434 (MinistryofPetroleumNaturalGas) Uttar Pradesh 10.51 36
(04/2022) (12/2026) (260.12)
(709781)
City Gas Distribution Projects at Lakhimpur Kheri , Sitapur, Bahraich,
Shravasti,Balrampur, Siddharth Nagar & Maharajganj districts 12/2022 06/2030 16654
435 Uttar Pradesh 642.18 13
(Bharat Petroleum Corporation Limited [BPCL]) (12/2022) (06/2030) (16654)
(709795)
Durgapur - Haldia Pipeline [Section-3B of JHBDPL Project]
03/2017 12/2020 1740
436 (Ministry of Petroleum & Natural Gas) West Bengal 2314.2 93
(03/2017) (03/2026) (2493.15)
(617302)
Siliguri-Jhapa Pipeline Project
09/2024 03/2029 267
437 (Indian Oil Corporation Limited (IOCL)) West Bengal 1.37 8
(09/2024) (03/2029) (267)
(617828)
Siliguri Marketing Terminal [SMT] Capacity Augmentation Project
11/2021 12/2025 484
438 (Ministry of Petroleum & Natural Gas) West Bengal 293.69 82
(11/2021) (09/2026) (484)
(617837)
Haldia Panagarh Pipeline Project
11/2022 11/2025 1010
439 (Hindustan Petroleum Corporation Limited) West Bengal 718.12 89
(11/2022) (05/2026) (1107)
(709753)
CGD Project in Malda, Birbhum, Murshidabad, Dakshin Dinajpur GA ID 11A.03
06/2022 06/2030 2628
440 (Hindustan Petroleum Corporation Limited) West Bengal 355.85 31
(06/2022) (06/2030) (2628)
(709758)
City Gas Distribution Project at East Mednipore, West Mednipore & Jhargram Districts
03/2022 06/2031 609
441 (MinistryofPetroleumNaturalGas) West Bengal 59.3 2
(03/2022) (06/2031) (609)
(709772)
City Gas Distribution Projects at Alipurduar and Cooch Behar
12/2022 03/2030 1017
442 (Bharat Petroleum Corporation Limited [BPCL]) West Bengal 211.59 40
(12/2022) (03/2030) (1017)
(709791)
Total (93) 353462.93 191900.78
Ministry of Health & Family Welfare
Healthcare
AIIMS Darbhanga
NA 09/2024 1264
443 (PMSSY AND Institute of NATIONAL Importance) Bihar 0 0
(09/2020) (-) (1264)
(701172)
Setting up IT Infrastructure including Network Security and Hosting at AIIMS, New
Delhi 09/2025 09/2026 358.19
444 Delhi 0 0
(PMSSY AND Institute of NATIONAL Importance) (09/2025) (-) (358.19)
(617882)
Redevelopment of Residential colonies at Ayur Vigyan Nagar and West Ansari Nagar
campuses of AIIMS, New Delhi 10/2016 06/2027 4441
445 Delhi 24.68 61
(PMSSY AND Institute of NATIONAL Importance) (06/2022) (-) (4441)
(617883)
AIIMS Rajkot
01/2019 03/2026 1195
446 (PMSSY AND Institute of NATIONAL Importance) Gujarat 774.6 93
(01/2019) (03/2026) (1195)
(701170)
AIIMS Majra Rewari Haryana
02/2019 12/2026 1299
447 (PMSSY AND Institute of NATIONAL Importance) Haryana 479.98 45
(02/2019) (12/2026) (1646.43)
(701173)
AIIMS Kashmir at Awantipora Jammu & Kashmir
Jammu and 01/2019 12/2025 1828
448 (PMSSY AND Institute of NATIONAL Importance) 1491.97 72
Kashmir (03/2019) (06/2026) (2160.84)
(701167)
ALL India Institute of Medical Sciences-AIIMS Madurai
12/2018 08/2022 1264
449 (PMSSY AND Institute of NATIONAL Importance) Tamil Nadu 366.59 43
(12/2018) (10/2026) (2021.51)
(701168)
AIIMS Bibinagar
12/2018 06/2026 1028
450 (PMSSY AND Institute of NATIONAL Importance) Telangana 939.72 86
(07/2022) (06/2026) (1365.95)
(701171)
Total (8) 12677.19 4077.54
Ministry of Labour and Employment
Healthcare
Construction of 350 beds + 50 Super Specialty beds ESIC Hospital Sheelanagar,
Visakhapatnam, Andhra Pradesh 02/2021 10/2025 384.27
451 Andhra Pradesh 167.37 70
(Employee's State Insurance Company [ESIC]) (04/2023) (03/2026) (384.27)
(612167)",Oil & Gas,Gas Authority of India Limited [GAIL],Uttar Pradesh,2025-12,2026-02,2,2019-03,2019-03,2024-01,2026-12,910.56,1299.02,1066.0,99.0,1082.0,2026-02,18.828,1,25,0
611950,Transmission system for evacuation of power from REZ in Rajasthan 20 GW under Phase-III part B1,"All Ongoing Projects
JANUARY 2026
Orignal/Target DoC
Date of Approval Orignal Cost Cumulative
(Revised DoC) Physical Progress
Sl.No Project Name (Agency) (Project Code) State (Start Date) Revised Cost Expenditure
MM/YYYY (%)
MM/YYYY in Rs. Crore in Rs. Crore
Transmission system for evacuation of power from REZ in Rajasthan 20 GW under
Phase-III part B1 09/2023 04/2025 2190.54
245 Rajasthan 2139.44 99
(Power Grid Corporation of India Limited [POWERGRID]) (09/2023) (02/2026) (2190.54)
(611950)
Transmission system for evacuation of power from REZ in Rajasthan 20GW under
Phase-III Part E1 12/2021 02/2025 688.74
246 Rajasthan 685.98 99
(Power Grid Corporation of India Limited [POWERGRID]) (08/2023) (02/2026) (688.74)
(611951)
Transmission System for Evacuation of power from Rajasthan REZ Ph-IV [Part-1]
[Bikaner Complex] Part A [Bikaner Neemrana Transmission Ltd] 12/2023 12/2025 2998.34
247 Rajasthan 2248.75 64
(Power Grid Corporation of India Limited [POWERGRID]) (12/2023) (06/2026) (2998.34)
(612134)
Transmission System for Evacuation of Power from Rajasthan REZ Ph-IV [Part-2 5.5
GW][Jaisalmer/Barmer Complex] Part B [SPV Name POWERGRID Sirohi
08/2024 08/2026 3279
248 Transmission Limited] Rajasthan 1393.24 37
(08/2024) (12/2026) (3279)
(Power Grid Corporation of India Limited [POWERGRID])
(615332)
Transmission System Strengthening for Interconnections of Bhadla-III & Bikaner III
Complex [SPV Name POWERGRID BHADLA BIKANER TRANSMISSION LIMITED] 08/2024 08/2026 1382
249 Rajasthan 332.92 21
(Power Grid Corporation of India Limited [POWERGRID]) (08/2024) (12/2026) (1382)
(615335)
Additional Transmission System for evacuation of Power from Bhadla-III PS as part of
Rajasthan REZ Phase III Scheme [20 GW] [SPV Name POWERGRID Bhadla-III
08/2024 02/2026 369
250 Power Transmission Limited] Rajasthan 136.6 45
(08/2024) (03/2026) (369)
(Power Grid Corporation of India Limited [POWERGRID])
(615337)
TRANSMISSION SYSTEM FOR EVACUATION OF POWER FROM RAJASTHAN
REZ PH -IV [PART-2 5.5 GW] [JAISALMER/BARMER COMPLEX] PART F [SPV
11/2024 11/2026 2735
251 Name POWERGRID BARMER I TRANSMISSION LIMITED] Rajasthan 803.26 24
(11/2024) (06/2027) (2735)
(Power Grid Corporation of India Limited [POWERGRID])
(615338)
Augmentation at Fatehgarh-II PS, Fatehgarh-IV PS [Section-II] and Barmer-I PS
[POWERGRID Fatehgarh Barmer Augmentation Transmission Limited] 03/2025 12/2026 404
252 Rajasthan 21.04 3
(Power Grid Corporation of India Limited [POWERGRID]) (03/2025) (03/2027) (404)
(617181)
Transmission System under ISTS for evacuation of Power from Kudankulam Unit-3&4
[2x1000 MW] [SPV Name POWERGRID Kudankulam Tarnsmission Limited] 01/2025 12/2026 548
253 Tamil Nadu 111.13 14
(Power Grid Corporation of India Limited [POWERGRID]) (01/2025) (12/2026) (548)
(616671)
Transmission System for Strengthening to facilitate evacuation of power from
Bhadla/Bikaner Complex 12/2024 06/2026 212.81
254 Uttar Pradesh 2.13 1
(Power Grid Corporation of India Limited [POWERGRID]) (12/2024) (08/2026) (212.81)
(617269)
Total (70) 206140.79 61527.48
Ministry of Housing & Urban Affairs
Construction
Construction of One Tower of Office Complex and another Tower of Residential
quarters consisting of 10Nos. Type-V, 10Nos. Type-VI & 1No.Type-VII Quarters i/c
internal water supply, sanitary installation and all development and bulk services,
Horticulture works on EPC Mode-I basis i/c comprehensive operation and
03/2024 09/2027 644
255 maintenance of Civil, E&M services for 7 years after completion of original Telangana 127.46 15
(11/2024) (-) (644)
construction work for Ranga Reddy, Secunderabad, Medchal, AuditI, Audit-II
Commissionerates of Central Tax at Khajaguda, Serilingampally, Hyderabad.
(Central Public Works Department - CPWD)
(617412)
Total (1) 644 127.46
Real Estate
Integrated Command control Center [ICCC] - Construction and Development of
Integrated Command Control Center with Security, Surveillance, ITMS, Connecting
Andaman & 07/2021 05/2023 209.88
256 Port, Ship Service, Smart Solid Waste Management, Smart Public Transport System 0 70
Nicobar (11/2021) (-) (209.88)
(ministry of housing and urban affairs)
(707229)
Redevelopment of Seven General Pool Residential Accommodation [GPRA] Colonies
in Delhi 07/2016 12/2025 32850
257 Delhi 12339.04 43
(National Buildings Construction Corporation [NBCC]) (05/2018) (12/2025) (32841)
(400188)
Rehablitation in Junavadaj Area Smart City Project
02/2016 07/2022 539
258 (ministry of housing and urban affairs) Gujarat 39.63 50
(06/2016) (-) (539)
(701719)
Green Building Development Project
11/2019 11/2023 150.97
259 (ministry of housing and urban affairs) Uttarakhand 18.95 31
(08/2019) (-) (150.97)
(701766)
Total (4) 33749.85 12397.62
Urban Public Transport
Patna Metro Rail Project
02/2019 02/2024 13365.77
260 (Patna Metro Rail Corporation Ltd. [PMRCL]) Bihar 4670.21 48
(02/2019) (06/2027) (13365.8)
(702627)
Delhi Metro Rail Phase-IV [2 Corridors]
03/2024 03/2029 8399.81
261 (Delhi Metro Rail Corporation Limited [DMRC]) Delhi 67.42 0
(03/2024) (-) (8399.81)
(617207)
Delhi Metro Rail Phase V A
01/2026 12/2028 12014.91
262 (Delhi Metro Rail Corporation Limited [DMRC]) Delhi 2.07 0
(01/2026) (-) (12014.9)
(619031)
DMRTS Phase - IV [3 Priority Corridors]
07/2019 03/2025 24948.65
263 (Delhi Metro Rail Corporation Limited [DMRC]) Delhi 18768.36 75
(07/2019) (03/2026) (24948.7)
(702632)
Surat Metro Rail Project
03/2019 03/2024 12020.32
264 (Gujarat Metro Rail Corporation Limited [GMRCL]) Gujarat 8371.28 76
(04/2019) (06/2026) (12020.3)
(702630)
Ahmedabad Metro Rail Project, Phase-II
03/2019 03/2024 5384.17
265 (Gujarat Metro Rail Corporation Limited [GMRCL]) Gujarat 4960.02 100
(03/2019) (12/2025) (5384.17)
(702631)",Transmission & Distribution,Power Grid Corporation of India Limited [POWERGRID],Rajasthan,2026-01,2026-03,2,2023-09,2023-09,2025-04,2026-02,2190.54,2190.54,2139.44,99.0,2190.54,2026-02,0.0,0,11,0
705789,Penukonda - Dharmavaram Doubling Project [41.5 Km],Ministry of Railways,Railways,South Western Railway [SWR] - II,Andhra Pradesh,2025-12,2026-02,2,2018-06,2018-12,2026-03,2026-03,307.66,307.66,294.61,87.0,311.28,2026-03,1.1766,0,-1,0
611944,Quadrupling between Gandhidham Adipur with Y connection at Adipur for providing direct entry towards Mundra Port and Bhuj and high level platform at Gopalpur 11Kms,Ministry of Railways,Railways,Western Railway (WR,Gujarat,2025-12,2026-02,2,2023-02,2023-02,2026-03,2026-01,152.44,152.44,104.58,85.0,120.36,2026-01,-21.0443,0,-1,0
705635,Trivandrum- Kanyakumari,"All Ongoing Projects
JANUARY 2026
Orignal/Target DoC
Date of Approval Orignal Cost Cumulative
(Revised DoC) Physical Progress
Sl.No Project Name (Agency) (Project Code) State (Start Date) Revised Cost Expenditure
MM/YYYY (%)
MM/YYYY in Rs. Crore in Rs. Crore
Doubling between Mudkhed Medchal & Mahbubnagar Dhone section 417.88 Km Multi-States
(South Central Railway [SCR] - II) (Andhra Pradesh, 08/2023 03/2029 4686.09
649 1109.51 2
(617212) Maharashtra, (08/2023) (-) (4686.09)
Telangana)
Vizianagaram - Titlagarh 3rd line [272 Km including By - pass line of 7.68 KM] Multi-States
06/2016 12/2025 4803
650 (RVNL - II) (Andhra Pradesh, 6049.39 94
(11/2016) (12/2026) (6669.91)
(400253) Odisha)
Doubling of Kottavalasa-Koraput Rail Line [189 KM] Multi-States
12/2015 03/2022 2500
651 (East Coast Railway [ECoR] - II) (Andhra Pradesh, 2087.36 71
(01/2016) (03/2028) (2500)
(705512) Odisha)
Tindivanam-Nagari New Line Project [184.5 km] Multi-States
07/2008 09/2025 3631
652 (Ministry of Railways) (Andhra Pradesh, 1185.28 19
(10/2008) (03/2028) (3631)
(400275) Tamil Nadu)
Doubling between Motumari Vishnupuram - 88.81 Km and Rail over Rail - RoR at
Multi-States
Motumari - 10.877 Km 02/2024 03/2029 1595.55
653 (Andhra Pradesh, 46.1 2
(South Central Railway [SCR] - II) (03/2025) (-) (1595.55)
Telangana)
(616857)
Doubling of Guntur Bibinagar 239 Km Multi-States
08/2023 03/2029 2853.23
654 (South Central Railway [SCR] - II) (Andhra Pradesh, 110.45 2
(08/2023) (-) (2853.23)
(617211) Telangana)
Rail Connectivity to Errupalem Amravati Namburu 57 Km Multi-States
11/2024 03/2027 2047.4
655 (South Central Railway [SCR] - II) (Andhra Pradesh, 34.78 0
(11/2024) (-) (2047.4)
(617214) Telangana)
Kazipet-Vijayawada 3rd line with electrification [220 km] Multi-States
03/2013 02/2025 1953
656 (South Central Railway [SCR] - II) (Andhra Pradesh, 4139.07 94
(08/2014) (12/2025) (3363)
(705612) Telangana)
Vijayawada - Kazipet Byepass line Multi-States
04/2016 01/2025 647
657 (South Central Railway [SCR] - II) (Andhra Pradesh, 1060.15 93
(04/2016) (12/2025) (904)
(705632) Telangana)
Murkongselek-Pasighat Multi-States
02/2011 03/2025 435
658 (Northeast Frontier Railway (NFR) - II) (Arunachal 816.33 66
(03/2023) (05/2026) (1250)
(705401) Pradesh, Assam)
Lumding Furkating Doubling Project 140 km Multi-States
02/2024 02/2028 2123.7
659 (Northeast Frontier Railway [NFR]) (Assam, 57.66 1
(01/2025) (-) (2123.7)
(616701) Nagaland)
Dimapur [Dhansiri]-Sukhobi Kohima [Zubza] NL [82.5 Km] Multi-States
08/2015 03/2025 6663
660 (Northeast Frontier Railway (NFR) - II) (Assam, 5949.29 40
(02/2016) (12/2029) (6663)
(705392) Nagaland)
New Delhi- Howrah Speed Booster[160Kmph] Project Multi-States
(PCE/NCR) (Bihar, Delhi,
09/2019 03/2024 6684.81
661 (705794) Jharkhand, Uttar 127.03 0
(09/2019) (-) (6684.81)
Pradesh, West
Bengal)
Multi tracking of Son Nagar-Andal 374.53 rkm & 814.38 tkm
Multi-States 08/2023 03/2028 12333.57
662 (East Central Railway [ECR] - I) 509.75 15
(Bihar, Jharkhand) (08/2023) (-) (12333.6)
(616699)
Koderma-Tilaiya New Line
Multi-States 11/2004 02/2025 1626
663 (East Central Railway [ECR] - I) 2156.71 95
(Bihar, Jharkhand) (03/2002) (02/2026) (2486.62)
(705375)
Pirpainti - Jasidih [100.52 Km] New BG line
Multi-States 03/2014 03/2028 2555
664 (Eastern Railway [ER] - I) 1105.03 61
(Bihar, Jharkhand) (03/2022) (03/2028) (2555)
(705385)
NER Provision of Automatic Block Signalling on Gorakhpur Cantt[Excl] Chhapra
Multi-States
Gramin & Burhwal Jn [Excl] Sitapur Jn section of high density routes NA 03/2027 380.47
665 (Bihar, Uttar 244.67 20
(North Eastern Railway [NER]) (06/2023) (03/2028) (380.47)
Pradesh)
(611669)
Gorakhpur-Valmikinagar Doubling project Multi-States
08/2023 12/2027 1120
666 (NER) (Bihar, Uttar 318.9 26
(03/2024) (-) (1120)
(617224) Pradesh)
Chhapra-Ballia Patch Doubling Multi-States
03/2013 02/2025 963
667 (North Eastern Railway [NER]) (Bihar, Uttar 912.43 95
(12/2015) (03/2026) (1046)
(705562) Pradesh)
Katihar Kumedpur & Katihar Mukuria BG Doubling Project Multi-States
08/2022 08/2026 942.64
668 (Northeast Frontier Railway [NFR]) (Bihar, West 476.45 63
(08/2022) (02/2027) (942.64)
(617245) Bengal)
Gondia - Dongargarh 4th line [84 Km] Multi-States
10/2025 10/2030 2222.53
669 (South Eastern Central Railway) (Chhattisgarh, 0 0
(10/2025) (-) (2222.53)
(618978) Maharashtra)
Rajnandgaon - Nagpur [Kalumna] Third Railway Line [228.30 km] Multi-States
09/2016 12/2024 3545
670 (South East Central Railway [SECR] - II) (Chhattisgarh, 3589.67 96
(12/2016) (06/2026) (3545)
(705617) Maharashtra)
Sardega -Bhalumuda New Double line [37.24 Km] Multi-States
09/2024 03/2028 1281.81
671 (SECR) (Chhattisgarh, 128.01 3
(09/2024) (-) (1281.81)
(617390) Odisha)
Jagdalpur-Koraput Multi-States
12/2015 03/2024 1547
672 (East Coast Railway [ECoR] - II) (Chhattisgarh, 1356.59 93
(03/2016) (12/2026) (1547)
(705511) Odisha)
Jharsuguda-Bilaspur Fourth Railway Line [206 km] Multi-States
09/2016 10/2024 2140
673 (SECR) (Chhattisgarh, 2217.72 94
(09/2016) (03/2026) (2979)
(705616) Odisha)
Mumbai-Ahmedabad High Speed Rail Project- 508 km Multi-States
(National High Speed Rail Corporation [NHSRC]) (Dadra & Nagar
03/2015 08/2027 108000
674 (705728) Haveli and Daman 86792.89 57
(09/2017) (12/2029) (108000)
& Diu, Gujarat,
Maharashtra)
Raising of speed to 160 kmph/200 kmph on existing New Delhi-Mumbai route incl. Multi-States (Delhi,
Vadodara-Ahmedabad Gujarat, Madhya
09/2019 03/2024 6806.44
675 (PCE/WR) Pradesh, 9341.42 64
(09/2019) (03/2026) (8095.12)
(705793) Maharashtra,
Rajasthan)
Hospet - Tinaighat - Vasco Rail Doubling Project
Multi-States (Goa, 03/2010 03/2027 5060
676 (RVNL - II) 5282.88 86
Karnataka) (07/2012) (12/2027) (5060)
(705650)",Railways,Southern Railway (SR,"Multi-States
(Kerala, Tamil
Nadu)",2026-01,2026-03,2,2017-08,2016-03,2025-03,2026-12,1432.0,3785.45,2851.29,52.0,2882.55,2026-12,101.2954,1,12,0
702633,Delhi-Ghaziabad-Meerut Regional Rapid Transit System [RRTS] corridor,"All Ongoing Projects
DECEMBER 2025
Orignal/Target DoC
Date of Approval Orignal Cost Cumulative
(Revised DoC) Physical Progress
Sl.No Project Name (Agency) (Project Code) State (Start Date) Revised Cost Expenditure
MM/YYYY (%)
MM/YYYY in Rs. Crore in Rs. Crore
Mumbai Metro Line 3
07/2013 03/2023 23136
266 (Mumbai Metro Rail Corporation Limited [MMRC]) Maharashtra 32609.9 97
(06/2016) (08/2025) (37276)
(702637)
Nagpur Metro Rail Phase II Development Project
12/2022 12/2027 6708
267 (Maharashtra Metro Rail Corporation Limited [MMRCL]) Maharashtra 1472.03 31
(12/2022) (-) (6708)
(702658)
Delhi Metro Rail Phase-IV [Rithala - Kundli Corridor]
Multi-States (Delhi, 01/2025 01/2029 6230.99
268 (Delhi Metro Rail Corporation Limited [DMRC]) 72.43 0
Haryana) (01/2025) (-) (6230.99)
(617206)
Delhi-Ghaziabad-Meerut Regional Rapid Transit System [RRTS] corridor
Multi-States (Delhi, 03/2019 06/2025 30274
269 (National Capital Region Transport Corporation [NCRTC]) 27312.17 96
Uttar Pradesh) (03/2019) (01/2026) (30274)
(702633)
Chennai Metro Rail Phase-II Development Project
10/2024 08/2029 63246
270 (Chennai Metro Rail Limited [CMRL]) Tamil Nadu 30211.38 48
(11/2020) (-) (63246)
(702668)
Kanpur Metro Rail Project
05/2019 05/2024 11076.48
271 (Uttar Pradesh metro rail corporation [UPMRC]) Uttar Pradesh 9089.89 76
(11/2019) (03/2027) (11076.5)
(702628)
Agra Metro Rail Project
05/2019 05/2024 8379.62
272 (Uttar Pradesh metro rail corporation [UPMRC]) Uttar Pradesh 6062.03 65
(12/2020) (06/2027) (8379.62)
(702629)
Total (25) 311946.96 203575.23
Waste & Water
ESR - 8 nos., distribution system - 216 Km, new house service connections - 38760
nos. upgrading of feeder mains, pumping station etc. - Phase II 02/2017 03/2023 172.22
273 Andhra Pradesh 88.86 82
(Ministry of Housing & Urban Affairs) (07/2018) (03/2026) (172.22)
(702674)
Muzaffarpur Storm Water Drainage Phase-I Project
11/2016 10/2023 158.78
274 (Ministry of Housing & Urban Affairs) Bihar 69.52 83
(02/2019) (03/2026) (158.78)
(702699)
Storm water drainag Development Project Dadra & Nagar
08/2020 03/2024 210
275 (ministry of housing and urban affairs) Haveli and Daman 0 20
(12/2021) (-) (210)
(702355) & Diu
Upgradation of Sewerage system in Gandhinagar City
07/2020 06/2023 200
276 (ministry of housing and urban affairs) Gujarat 100 10
(03/2021) (-) (200)
(707267)
Sewerage Management Scheme Part-3 Implementation
03/2017 09/2023 278.01
277 (Ministry of Housing & Urban Affairs) Haryana 218.89 88
(11/2017) (03/2026) (278.01)
(702734)
Sewerage Management Scheme Part-3 Implementation
03/2017 03/2023 213.19
278 (Ministry of Housing & Urban Affairs) Haryana 168.14 91
(10/2018) (01/2026) (213.19)
(702735)
Dhanbad Water Supply Infrastructure Project
02/2017 03/2023 216.55
279 (Ministry of Housing & Urban Affairs) Jharkhand 129.16 74
(12/2018) (03/2026) (216.55)
(702741)
SAAP-3 Water Supply Infrastructure SAAP-3 Project
02/2017 10/2023 159.31
280 (Ministry of Housing & Urban Affairs) Jharkhand 87.5 66
(12/2018) (03/2026) (159.31)
(702742)
Augmentation and Strenghthning of Urban Water Supply Phase 1 - SAAP 3
02/2017 03/2023 278.28
281 (Ministry of Housing & Urban Affairs) Jharkhand 186.5 79
(12/2018) (03/2026) (278.28)
(702746)
Belgavi Improvement in Sewerage System Project
12/2015 07/2023 162.73
282 (Ministry of Housing & Urban Affairs) Karnataka 85.71 80
(10/2016) (03/2026) (162.73)
(702760)
24/7 water supply under AMRUT for Davanagere
11/2016 03/2023 174.96
283 (Ministry of Housing & Urban Affairs) Karnataka 93.18 65
(01/2018) (03/2026) (174.96)
(702764)
Indore Water Supply Infrastructure Project
12/2016 03/2023 287.17
284 (Ministry of Housing & Urban Affairs) Madhya Pradesh 252.5 99
(11/2017) (01/2026) (287.17)
(702793)
Jabalpur Sewerage Management and Treatment Infrastructure Project
10/2018 03/2023 362.31
285 (Ministry of Housing & Urban Affairs) Madhya Pradesh 322.31 96
(12/2017) (01/2026) (362.31)
(702798)
Satna Sewerage Management and Treatment Infrastructure Project
11/2015 03/2024 191.56
286 (Ministry of Housing & Urban Affairs) Madhya Pradesh 191.79 88
(12/2016) (03/2026) (215.89)
(702808)
Singrauli Sewerage Management and Treatment Infrastructure Project
05/2016 03/2023 402.01
287 (Ministry of Housing & Urban Affairs) Madhya Pradesh 357.68 90
(11/2017) (03/2026) (402.01)
(702810)
Kalyan-Dombivali Water Supply Infrastructure Project
07/2016 10/2023 194.2
288 (Ministry of Housing & Urban Affairs) Maharashtra 136.56 75
(09/2019) (03/2026) (194.2)
(702833)
Mira-Bhayandar Water Supply Infrastructure Project
11/2016 03/2023 204.55
289 (Ministry of Housing & Urban Affairs) Maharashtra 186.13 99
(08/2018) (02/2026) (204.55)
(702840)
Pune Water Supply Infrastructure Project
03/2017 03/2023 235.95
290 (Ministry of Housing & Urban Affairs) Maharashtra 184.98 95
(07/2017) (03/2026) (235.95)
(702851)
Solapur Sewerage Management Infrastructure Project
03/2017 03/2023 180.24
291 (Ministry of Housing & Urban Affairs) Maharashtra 155.01 91
(04/2018) (03/2026) (180.24)
(702854)
Jalandhar Water Supply Infrastructure Project
11/2016 08/2023 258.53
292 (Ministry of Housing & Urban Affairs) Punjab 161.02 58
(08/2020) (03/2026) (258.53)
(703021)
Patiala Water Supply Infrastructure Part-2 Project
11/2016 10/2023 287
293 (Ministry of Housing & Urban Affairs) Punjab 213.64 99
(08/2020) (02/2026) (287)
(703057)
Jaunpur Sewerage Management Infrastructure Project
03/2017 06/2023 235.73
294 (Ministry of Housing & Urban Affairs) Uttar Pradesh 221.27 99
(08/2019) (02/2026) (235.73)
(702948)
Jhansi Water Supply Infrastructure Phase-II Project
03/2017 07/2023 561.74
295 (Ministry of Housing & Urban Affairs) Uttar Pradesh 485.91 93
(06/2019) (02/2026) (561.74)
(702949)",Urban Public Transport,National Capital Region Transport Corporation [NCRTC],"Multi-States (Delhi,
Uttar Pradesh)",2025-12,2026-02,2,2019-03,2019-03,2025-06,2026-01,30274.0,30274.0,27312.17,96.0,27950.13,2026-02,-7.6761,0,8,0
616235,Construction of Aviation Fuel farm Facilities at Bhogapuram Airport,Ministry of Petroleum & Natural Gas,Energy Storage,Ministry of Petroleum & Natural Gas,Andhra Pradesh,2026-01,2026-03,2,2024-08,2024-08,2026-03,2026-03,240.0,240.0,146.17,91.0,152.91,2026-03,-36.2875,0,0,0
400077,"Grass root POL Terminal at Vallur, Chennai",Ministry of Petroleum & Natural Gas,Energy Storage,Indian Oil Corporation Limited [IOCL],Tamil Nadu,2026-01,2026-03,2,2022-01,2022-01,2024-12,2026-03,827.0,887.71,641.34,90.0,661.1,2026-03,-20.0605,0,15,0
709766,"City Gas Distribution Project at Kurnool, Guntur & Prakasam Districts",Ministry of Petroleum & Natural Gas,Oil & Gas,MinistryofPetroleumNaturalGas,Andhra Pradesh,2026-01,2026-03,2,2022-03,2022-03,2030-03,2030-03,1420.0,1420.0,169.14,6.0,171.55,2026-03,-87.919,0,-48,0
709846,Part Replacement Pipeline Project [PRPP],"All Ongoing Projects
JANUARY 2026
Orignal/Target DoC
Date of Approval Orignal Cost Cumulative
(Revised DoC) Physical Progress
Sl.No Project Name (Agency) (Project Code) State (Start Date) Revised Cost Expenditure
MM/YYYY (%)
MM/YYYY in Rs. Crore in Rs. Crore
City Gas Distribution Project at Jammu, Udhampur, Reasi, Samba and Kathua
Districts Jammu and 03/2022 03/2032 538
399 4.29 0
(MinistryofPetroleumNaturalGas) Kashmir (03/2022) (03/2032) (538)
(709773)
Development of Jharia CBM Block [Phase-1]
11/2019 01/2024 431
400 (Oil and Natural Gas Corporation Limited [ONGC]) Jharkhand 238.67 61
(11/2019) (03/2026) (431)
(610984)
Laying of Natural Gas Pipeline from Hazaribagh to Ranchi [HRPL]
02/2023 02/2026 202.07
401 (MinistryofPetroleumNaturalGas) Jharkhand 63.32 50
(02/2023) (03/2027) (202.07)
(709785)
Power System Upgradation Project
10/2023 11/2025 385
402 (Mangalore Refinary and Petrochemicals Limited) Karnataka 184.83 76
(10/2023) (05/2026) (385)
(612790)
Demo Bio-ATF Project
03/2024 01/2027 364
403 (Ministry of Petroleum & Natural Gas) Karnataka 49.39 35
(03/2024) (01/2027) (364)
(616879)
Revamping/ Augmentation of facilities at existing port terminal at Mangalore
01/2022 12/2025 463
404 (Ministry of Petroleum & Natural Gas) Karnataka 293.54 79
(01/2022) (06/2027) (500.62)
(709774)
Augmentation of CCKPL and IDPL Pipelines capacity along with setting up of
Palakkad TOP 09/2024 08/2028 1130
405 Kerala 212.67 27
(Ministry of Petroleum & Natural Gas) (09/2024) (08/2028) (1130)
(617838)
Replacement and Extension of Jetty Pipelines [REJP] at KR
03/2023 03/2026 621.87
406 (Bharat Petroleum Corporation Limited [BPCL]) Kerala 220 95
(03/2023) (03/2026) (621.87)
(709790)
Setting up Polypropylene Unit at Kochi Refinery
12/2023 10/2027 4460
407 (MinistryofPetroleumNaturalGas) Kerala 443.12 22
(12/2023) (10/2027) (4460)
(709799)
C2/C3 Vijaipur Pata Pipeline
05/2024 01/2027 1792
408 (Ministry of Petroleum & Natural Gas) Madhya Pradesh 448 52
(05/2024) (01/2027) (1792)
(617830)
Ethylene Cracker Project at Bina Refinery including downstream Petrochemical Plants
and expansion of Refinery 05/2023 05/2028 43367
409 Madhya Pradesh 2703.6 19
(MinistryofPetroleumNaturalGas) (05/2023) (05/2028) (43367)
(709798)
500 KTA PDHPP Project, Usar
04/2021 04/2025 8797
410 (Ministry of Petroleum & Natural Gas) Maharashtra 7568.46 88
(04/2021) (06/2026) (11256)
(400168)
Lube Modernization & Bottom Upgradation Project at Mumbai Refinery
12/2024 03/2028 4679
411 (Ministry of Petroleum and Natural Gas) Maharashtra 236.11 8
(12/2024) (03/2028) (4679)
(616933)
HP TDAE Unit in Mumbai Refinery
06/2024 04/2026 240
412 (Hindustan Petroleum Corporation Limited) Maharashtra 88.15 72
(06/2024) (04/2026) (240)
(709760)
City Gas Distribution Project at Beed, Jalgaon and Jalna Districts
03/2022 09/2031 865
413 (MinistryofPetroleumNaturalGas) Maharashtra 77.25 3
(03/2022) (09/2031) (865)
(709771)
Construction of Additional Tankages and Allied Facilities at JNPT Terminal
04/2022 08/2026 341.43
414 (MinistryofPetroleumNaturalGas) Maharashtra 284.84 57
(04/2022) (08/2026) (436.14)
(709780)
ATF Pipeline from Jawaharlal Nehru Port Trust to Navi Mumbai International Airport
08/2022 08/2025 165
415 (Indian Oil Corporation Limited [IOCL]) Maharashtra 94.37 88
(08/2022) (03/2026) (165)
(709782)
Installation of Independent De- Aromatized Solvents [DAS] production facilities at MR
03/2023 07/2025 405
416 (Bharat Petroleum Corporation Limited [BPCL]) Maharashtra 250.41 98
(03/2023) (02/2026) (343)
(709789)
POL & LOBS Installations with Receipt Pipelines at Rasayani
05/2023 05/2026 2585
417 (Bharat Petroleum Corporation Limited [BPCL]) Maharashtra 972.34 74
(05/2023) (05/2026) (2585)
(709797)
Part Replacement Pipeline Project [PRPP]
11/2022 05/2024 1219.48
418 (Oil and Natural Gas Corporation Limited [ONGC]) Maharashtra 745 95
(11/2022) (02/2026) (1145.1)
(709846)
Visakh Raipur Pipeline Project Multi-States
(Ministry of Petroleum and Natural Gas) (Andhra Pradesh, 09/2024 09/2027 2212
419 159.29 27
(616254) Chhattisgarh, (09/2024) (09/2027) (2212)
Odisha)
North East Gas Grid Multi-States
(Ministry of Petroleum & Natural Gas) (Arunachal
(701346) Pradesh, Assam,
Manipur,
04/2020 03/2024 9265
420 Meghalaya, 6678 86
(04/2020) (03/2026) (9265)
Mizoram,
Nagaland, Sikkim,
Tripura, West
Bengal)
Pipeline Rehabilitation Project, Phase-II Multi-States
12/2024 12/2029 680
421 (Ministry of Petroleum & Natural Gas) (Assam, Bihar, 2.93 18
(12/2024) (12/2029) (680)
(617827) West Bengal)
Upgradation of Facilities of Numaligarh-Siliguri Product Pipeline [NSPL] for
Multi-States
transportation of additional products from existing 1.72 MMTPA to 5.5 MMTPA 06/2021 12/2024 860
422 (Assam, West 636.92 99
(Ministry of Petroleum & Natural Gas) (06/2021) (03/2026) (860)
Bengal)
(701350)
CGD Project in Banka, Dumka, Godda, Jamtara, Pakur, Sahibganj GA ID 11A.02
Multi-States 06/2022 06/2030 1377
423 (Hindustan Petroleum Corporation Limited) 360.24 33
(Bihar, Jharkhand) (06/2022) (06/2030) (1377)
(709757)
Mumbai Nagpur Jharsuguda Pipeline Project Multi-States
(Ministry of Petroleum & Natural Gas) (Chhattisgarh,
06/2020 05/2023 7844.25
424 (701354) Madhya Pradesh, 6932.1 97
(06/2020) (02/2026) (8255)
Maharashtra,
Odisha)
Mehsana-Bhatinda & Bhatinda-Jammu Natural Gas Pipeline Multi-States
(Ministry of Petroleum & Natural Gas) (Gujarat, Haryana, 07/2011 06/2024 7392
425 6344 90
(701330) Punjab, (07/2011) (03/2026) (7392)
Rajasthan)",Oil & Gas,Oil and Natural Gas Corporation Limited [ONGC],Maharashtra,2026-01,2026-03,2,2022-11,2022-11,2024-05,2026-02,1219.48,1145.1,745.0,95.0,833.21,2026-03,-31.675,0,22,0
701350,Upgradation of Facilities of Numaligarh-Siliguri Product Pipeline [NSPL] for transportation of additional products from existing 1.72 MMTPA to 5.5 MMTPA,"All Ongoing Projects
JANUARY 2026
Orignal/Target DoC
Date of Approval Orignal Cost Cumulative
(Revised DoC) Physical Progress
Sl.No Project Name (Agency) (Project Code) State (Start Date) Revised Cost Expenditure
MM/YYYY (%)
MM/YYYY in Rs. Crore in Rs. Crore
City Gas Distribution Project at Jammu, Udhampur, Reasi, Samba and Kathua
Districts Jammu and 03/2022 03/2032 538
399 4.29 0
(MinistryofPetroleumNaturalGas) Kashmir (03/2022) (03/2032) (538)
(709773)
Development of Jharia CBM Block [Phase-1]
11/2019 01/2024 431
400 (Oil and Natural Gas Corporation Limited [ONGC]) Jharkhand 238.67 61
(11/2019) (03/2026) (431)
(610984)
Laying of Natural Gas Pipeline from Hazaribagh to Ranchi [HRPL]
02/2023 02/2026 202.07
401 (MinistryofPetroleumNaturalGas) Jharkhand 63.32 50
(02/2023) (03/2027) (202.07)
(709785)
Power System Upgradation Project
10/2023 11/2025 385
402 (Mangalore Refinary and Petrochemicals Limited) Karnataka 184.83 76
(10/2023) (05/2026) (385)
(612790)
Demo Bio-ATF Project
03/2024 01/2027 364
403 (Ministry of Petroleum & Natural Gas) Karnataka 49.39 35
(03/2024) (01/2027) (364)
(616879)
Revamping/ Augmentation of facilities at existing port terminal at Mangalore
01/2022 12/2025 463
404 (Ministry of Petroleum & Natural Gas) Karnataka 293.54 79
(01/2022) (06/2027) (500.62)
(709774)
Augmentation of CCKPL and IDPL Pipelines capacity along with setting up of
Palakkad TOP 09/2024 08/2028 1130
405 Kerala 212.67 27
(Ministry of Petroleum & Natural Gas) (09/2024) (08/2028) (1130)
(617838)
Replacement and Extension of Jetty Pipelines [REJP] at KR
03/2023 03/2026 621.87
406 (Bharat Petroleum Corporation Limited [BPCL]) Kerala 220 95
(03/2023) (03/2026) (621.87)
(709790)
Setting up Polypropylene Unit at Kochi Refinery
12/2023 10/2027 4460
407 (MinistryofPetroleumNaturalGas) Kerala 443.12 22
(12/2023) (10/2027) (4460)
(709799)
C2/C3 Vijaipur Pata Pipeline
05/2024 01/2027 1792
408 (Ministry of Petroleum & Natural Gas) Madhya Pradesh 448 52
(05/2024) (01/2027) (1792)
(617830)
Ethylene Cracker Project at Bina Refinery including downstream Petrochemical Plants
and expansion of Refinery 05/2023 05/2028 43367
409 Madhya Pradesh 2703.6 19
(MinistryofPetroleumNaturalGas) (05/2023) (05/2028) (43367)
(709798)
500 KTA PDHPP Project, Usar
04/2021 04/2025 8797
410 (Ministry of Petroleum & Natural Gas) Maharashtra 7568.46 88
(04/2021) (06/2026) (11256)
(400168)
Lube Modernization & Bottom Upgradation Project at Mumbai Refinery
12/2024 03/2028 4679
411 (Ministry of Petroleum and Natural Gas) Maharashtra 236.11 8
(12/2024) (03/2028) (4679)
(616933)
HP TDAE Unit in Mumbai Refinery
06/2024 04/2026 240
412 (Hindustan Petroleum Corporation Limited) Maharashtra 88.15 72
(06/2024) (04/2026) (240)
(709760)
City Gas Distribution Project at Beed, Jalgaon and Jalna Districts
03/2022 09/2031 865
413 (MinistryofPetroleumNaturalGas) Maharashtra 77.25 3
(03/2022) (09/2031) (865)
(709771)
Construction of Additional Tankages and Allied Facilities at JNPT Terminal
04/2022 08/2026 341.43
414 (MinistryofPetroleumNaturalGas) Maharashtra 284.84 57
(04/2022) (08/2026) (436.14)
(709780)
ATF Pipeline from Jawaharlal Nehru Port Trust to Navi Mumbai International Airport
08/2022 08/2025 165
415 (Indian Oil Corporation Limited [IOCL]) Maharashtra 94.37 88
(08/2022) (03/2026) (165)
(709782)
Installation of Independent De- Aromatized Solvents [DAS] production facilities at MR
03/2023 07/2025 405
416 (Bharat Petroleum Corporation Limited [BPCL]) Maharashtra 250.41 98
(03/2023) (02/2026) (343)
(709789)
POL & LOBS Installations with Receipt Pipelines at Rasayani
05/2023 05/2026 2585
417 (Bharat Petroleum Corporation Limited [BPCL]) Maharashtra 972.34 74
(05/2023) (05/2026) (2585)
(709797)
Part Replacement Pipeline Project [PRPP]
11/2022 05/2024 1219.48
418 (Oil and Natural Gas Corporation Limited [ONGC]) Maharashtra 745 95
(11/2022) (02/2026) (1145.1)
(709846)
Visakh Raipur Pipeline Project Multi-States
(Ministry of Petroleum and Natural Gas) (Andhra Pradesh, 09/2024 09/2027 2212
419 159.29 27
(616254) Chhattisgarh, (09/2024) (09/2027) (2212)
Odisha)
North East Gas Grid Multi-States
(Ministry of Petroleum & Natural Gas) (Arunachal
(701346) Pradesh, Assam,
Manipur,
04/2020 03/2024 9265
420 Meghalaya, 6678 86
(04/2020) (03/2026) (9265)
Mizoram,
Nagaland, Sikkim,
Tripura, West
Bengal)
Pipeline Rehabilitation Project, Phase-II Multi-States
12/2024 12/2029 680
421 (Ministry of Petroleum & Natural Gas) (Assam, Bihar, 2.93 18
(12/2024) (12/2029) (680)
(617827) West Bengal)
Upgradation of Facilities of Numaligarh-Siliguri Product Pipeline [NSPL] for
Multi-States
transportation of additional products from existing 1.72 MMTPA to 5.5 MMTPA 06/2021 12/2024 860
422 (Assam, West 636.92 99
(Ministry of Petroleum & Natural Gas) (06/2021) (03/2026) (860)
Bengal)
(701350)
CGD Project in Banka, Dumka, Godda, Jamtara, Pakur, Sahibganj GA ID 11A.02
Multi-States 06/2022 06/2030 1377
423 (Hindustan Petroleum Corporation Limited) 360.24 33
(Bihar, Jharkhand) (06/2022) (06/2030) (1377)
(709757)
Mumbai Nagpur Jharsuguda Pipeline Project Multi-States
(Ministry of Petroleum & Natural Gas) (Chhattisgarh,
06/2020 05/2023 7844.25
424 (701354) Madhya Pradesh, 6932.1 97
(06/2020) (02/2026) (8255)
Maharashtra,
Odisha)
Mehsana-Bhatinda & Bhatinda-Jammu Natural Gas Pipeline Multi-States
(Ministry of Petroleum & Natural Gas) (Gujarat, Haryana, 07/2011 06/2024 7392
425 6344 90
(701330) Punjab, (07/2011) (03/2026) (7392)
Rajasthan)",Oil & Gas,Ministry of Petroleum & Natural Gas,"Multi-States
(Assam, West
Bengal)",2026-01,2026-03,2,2021-06,2021-06,2024-12,2026-03,860.0,860.0,636.92,99.0,639.43,2026-03,-25.6477,0,15,0
602193,Tehri Pumped Storage Plant Project [4x250 MW],Ministry of Power,Electricity Generation,THDC India Limited,Uttarakhand,2026-02,2026-04,2,2006-07,2011-06,2022-06,2026-03,4825.6,8339.0,8213.03,99.0,8267.03,2026-04,71.3161,1,46,0
612856,Augmentation of 1x1500 MVA 3rd 765/400 kV transformation capacity at Kurnool New Substation,Ministry of Power,Transmission & Distribution,Power Grid Corporation of India Limited [POWERGRID],Andhra Pradesh,2026-01,2026-03,2,2023-05,2023-12,2025-09,2026-03,163.61,163.61,134.08,83.0,163.61,2026-03,0.0,0,6,0
705651,Katni - Bina Third Railway Line [279 km],"All Ongoing Projects
JANUARY 2026
Orignal/Target DoC
Date of Approval Orignal Cost Cumulative
(Revised DoC) Physical Progress
Sl.No Project Name (Agency) (Project Code) State (Start Date) Revised Cost Expenditure
MM/YYYY (%)
MM/YYYY in Rs. Crore in Rs. Crore
Redevelopment of Ahmedabad railway station and associated infrastructure on
engineering, procurement and construction mode 01/2023 03/2028 2379
589 Gujarat 820.62 24
(Rail Land Development Authority) (11/2023) (-) (2379)
(613786)
Devbhumi Dwarka [Okha] - Kanalus Doubling
12/2025 12/2028 1456.77
590 (Western Railway (WR) - II) Gujarat 0 0
(12/2025) (-) (1456.77)
(618972)
Miyagam-Karjan-Dabhoi-Samlaya [GC]
01/2017 03/2021 483.88
591 (Western Railway [WR] - II) Gujarat 648.18 42
(01/2017) (12/2026) (1039.13)
(705458)
Modasa-Shamlaji Road Railway Line Project
09/2012 03/2025 262
592 (Western Railway (WR) - II) Gujarat 342.95 63
(04/2008) (03/2026) (262)
(706757)
Rajkot - Kanalus Doubling Project [111.2 Kms]
10/2021 10/2026 1080.58
593 (Western Railway WR - II) Gujarat 861.18 79
(12/2021) (06/2026) (1080.58)
(706763)
NADIAD-PETLAD [37.26 KM]
05/2022 06/2030 461.91
594 (Railway) Gujarat 178.33 8
(10/2023) (06/2030) (461.91)
(709812)
NEW BG LINE INTERSECTION [5 NOS] BETWEEN GERATPUR-SANAND &
BOTAD-AHMEDABAD [16.51 KM] 10/2022 06/2028 437.21
595 Gujarat 95.69 20
(Western Railway (WR) - II) (07/2025) (10/2027) (437.21)
(709813)
Bhiwani - Dobh Bahali Doubling Project [42.30 Km]
02/2023 02/2028 471
596 (North Western Railway [NWR]) Haryana 235.07 67
(02/2023) (02/2028) (471)
(611884)
Doubling between Pradhankunta-Patherih-Bhojudih of East Central Railway
11/2022 12/2025 349.22
597 (East Central Railway [ECR] - I) Jharkhand 118.77 71
(11/2022) (03/2026) (349.22)
(617372)
Koderma-Arigada Doubling 133.38 Km of East Central Railway
06/2025 12/2029 2887.11
598 (East Central Railway [ECR] - I) Jharkhand 0 0
(06/2025) (-) (2887.11)
(617832)
Gomoh - Flyover for DN trains
01/2018 03/2026 686
599 (East Central Railway [ECR] - I) Jharkhand 602.54 65
(01/2018) (03/2026) (686)
(705765)
Lodhma - Piska - Link Line bypassing Hatia/Ranchi with Y connection
08/2021 06/2026 473
600 (South Eastern Railway [SER] - I) Jharkhand 291.12 5
(03/2019) (05/2027) (473)
(705785)
Pradhan Kuntha Jn Line Doubling Project
11/2022 11/2027 349.22
601 (East Central Railway [ECR] - I) Jharkhand 118.77 71
(11/2022) (11/2027) (349.22)
(706837)
Construction of New BG line between Hassan to Belur [27 Km]
03/2019 04/2028 749
602 (South Western Railway [SWR] - II) Karnataka 0.94 0
(12/2025) (04/2027) (749)
(400023)
Yeshvanthpur - Channasandra Doubling Project [21.70 Km]
04/2019 03/2024 314.1
603 (Karnataka Rail Infrastructure Development Company Limited [K-RIDE]) Karnataka 163.55 55
(10/2019) (03/2026) (683.57)
(703585)
New Railway Line between Ginigera and Raichur [165.57 km]
03/2008 03/2019 2565
604 (South Western Railway [SWR] - II) Karnataka 2156.91 66
(05/2009) (03/2027) (3034.98)
(705434)
Gadag-Wadi New Railway Line [257 km]
04/2013 03/2027 2842
605 (South Western Railway [SWR] - II) Karnataka 1436.64 30
(08/2017) (12/2027) (6700)
(705490)
Kadur - Chickamagalur - Sakleshpur [93km]
01/2014 06/2025 825
606 (South Western Railway [SWR] - II) Karnataka 732.7 83
(11/2016) (12/2025) (825)
(705492)
Bagalkot-Kudachi New Railway Line [142 km]
10/2013 03/2027 1378
607 (South Western Railway [SWR] - II) Karnataka 750.4 35
(11/2012) (01/2027) (1649)
(705495)
Tumkur-Chitradurga-Davangere New Rail Line Project [191 km]
10/2013 03/2019 1876
608 (South Western Railway [SWR] - II) Karnataka 523.94 14
(01/2017) (12/2027) (1876)
(705496)
Bangalore-Whitefield-Bangalore City-Krishnarajapuram [23.08 km] - Quadrupling
02/2018 02/2026 493
609 (South Western Railway [SWR] - II) Karnataka 282.53 84
(06/2022) (02/2026) (493)
(705663)
SHIMOGA - SHIKARIPURA - RANEBENNUR [96 Km]
09/2019 12/2027 1454
610 (South Western Railway [SWR] - II) Karnataka 81.36 12
(02/2023) (06/2028) (1454)
(705761)
Bangalore Suburban Railway Project
10/2020 12/2026 15767
611 (Karnataka Rail Infrastructure Development Company Limited [K-RIDE]) Karnataka 2384.86 19
(10/2020) (03/2030) (15767)
(705941)
Belgaum-Dharwad via Kittur [73.10Km]
09/2020 12/2027 1591
612 (South Western Railway [SWR] - II) Karnataka 0.38 0
(03/2025) (03/2029) (1591)
(706835)
Kumbalam-Turavur doubling project [15.59 Km]
04/2023 03/2027 813
613 (Ministry of Railways) Kerala 86.79 21
(04/2023) (03/2027) (802.8)
(705638)
Ernakulam-Kumbalam doubling project [7.71 Km]
04/2023 03/2028 601
614 (SR-ERS) Kerala 298.71 22
(04/2023) (02/2027) (595.39)
(705639)
Lalitpur-Satna, Rewa-Singrauli & Mahoba-Khajuraho
01/2007 03/2027 8914
615 (North Central Railway) Madhya Pradesh 6652.56 74
(03/1998) (12/2027) (8914)
(705480)
Katni - Bina Third Railway Line [279 km]
06/2016 03/2022 2478.23
616 (West Central Railway WCR I) Madhya Pradesh 3357.47 99
(01/2017) (12/2025) (4127.23)
(705651)
Satna-Rewa Railway Line Doubling Project
11/2015 03/2026 500
617 (West Central Railway [WCR] - II) Madhya Pradesh 559.49 85
(08/2017) (03/2026) (584)
(705659)
Doubling of Katni - Singrauli Railway Line [261 km]
03/2016 12/2025 2445
618 (Indian Railway Construction International Limited [IRCON]) Madhya Pradesh 3267.93 100
(03/2017) (12/2025) (4377)
(705660)",Railways,West Central Railway WCR I,Madhya Pradesh,2026-01,2026-03,2,2016-06,2017-01,2022-03,2025-12,2478.23,4127.23,3357.47,99.0,3368.11,2026-02,35.9079,1,48,0
705662,Hotgi-Kudgi-Gadag Doubling Project,"All Ongoing Projects
JANUARY 2026
Orignal/Target DoC
Date of Approval Orignal Cost Cumulative
(Revised DoC) Physical Progress
Sl.No Project Name (Agency) (Project Code) State (Start Date) Revised Cost Expenditure
MM/YYYY (%)
MM/YYYY in Rs. Crore in Rs. Crore
Doubling between Mudkhed Medchal & Mahbubnagar Dhone section 417.88 Km Multi-States
(South Central Railway [SCR] - II) (Andhra Pradesh, 08/2023 03/2029 4686.09
649 1109.51 2
(617212) Maharashtra, (08/2023) (-) (4686.09)
Telangana)
Vizianagaram - Titlagarh 3rd line [272 Km including By - pass line of 7.68 KM] Multi-States
06/2016 12/2025 4803
650 (RVNL - II) (Andhra Pradesh, 6049.39 94
(11/2016) (12/2026) (6669.91)
(400253) Odisha)
Doubling of Kottavalasa-Koraput Rail Line [189 KM] Multi-States
12/2015 03/2022 2500
651 (East Coast Railway [ECoR] - II) (Andhra Pradesh, 2087.36 71
(01/2016) (03/2028) (2500)
(705512) Odisha)
Tindivanam-Nagari New Line Project [184.5 km] Multi-States
07/2008 09/2025 3631
652 (Ministry of Railways) (Andhra Pradesh, 1185.28 19
(10/2008) (03/2028) (3631)
(400275) Tamil Nadu)
Doubling between Motumari Vishnupuram - 88.81 Km and Rail over Rail - RoR at
Multi-States
Motumari - 10.877 Km 02/2024 03/2029 1595.55
653 (Andhra Pradesh, 46.1 2
(South Central Railway [SCR] - II) (03/2025) (-) (1595.55)
Telangana)
(616857)
Doubling of Guntur Bibinagar 239 Km Multi-States
08/2023 03/2029 2853.23
654 (South Central Railway [SCR] - II) (Andhra Pradesh, 110.45 2
(08/2023) (-) (2853.23)
(617211) Telangana)
Rail Connectivity to Errupalem Amravati Namburu 57 Km Multi-States
11/2024 03/2027 2047.4
655 (South Central Railway [SCR] - II) (Andhra Pradesh, 34.78 0
(11/2024) (-) (2047.4)
(617214) Telangana)
Kazipet-Vijayawada 3rd line with electrification [220 km] Multi-States
03/2013 02/2025 1953
656 (South Central Railway [SCR] - II) (Andhra Pradesh, 4139.07 94
(08/2014) (12/2025) (3363)
(705612) Telangana)
Vijayawada - Kazipet Byepass line Multi-States
04/2016 01/2025 647
657 (South Central Railway [SCR] - II) (Andhra Pradesh, 1060.15 93
(04/2016) (12/2025) (904)
(705632) Telangana)
Murkongselek-Pasighat Multi-States
02/2011 03/2025 435
658 (Northeast Frontier Railway (NFR) - II) (Arunachal 816.33 66
(03/2023) (05/2026) (1250)
(705401) Pradesh, Assam)
Lumding Furkating Doubling Project 140 km Multi-States
02/2024 02/2028 2123.7
659 (Northeast Frontier Railway [NFR]) (Assam, 57.66 1
(01/2025) (-) (2123.7)
(616701) Nagaland)
Dimapur [Dhansiri]-Sukhobi Kohima [Zubza] NL [82.5 Km] Multi-States
08/2015 03/2025 6663
660 (Northeast Frontier Railway (NFR) - II) (Assam, 5949.29 40
(02/2016) (12/2029) (6663)
(705392) Nagaland)
New Delhi- Howrah Speed Booster[160Kmph] Project Multi-States
(PCE/NCR) (Bihar, Delhi,
09/2019 03/2024 6684.81
661 (705794) Jharkhand, Uttar 127.03 0
(09/2019) (-) (6684.81)
Pradesh, West
Bengal)
Multi tracking of Son Nagar-Andal 374.53 rkm & 814.38 tkm
Multi-States 08/2023 03/2028 12333.57
662 (East Central Railway [ECR] - I) 509.75 15
(Bihar, Jharkhand) (08/2023) (-) (12333.6)
(616699)
Koderma-Tilaiya New Line
Multi-States 11/2004 02/2025 1626
663 (East Central Railway [ECR] - I) 2156.71 95
(Bihar, Jharkhand) (03/2002) (02/2026) (2486.62)
(705375)
Pirpainti - Jasidih [100.52 Km] New BG line
Multi-States 03/2014 03/2028 2555
664 (Eastern Railway [ER] - I) 1105.03 61
(Bihar, Jharkhand) (03/2022) (03/2028) (2555)
(705385)
NER Provision of Automatic Block Signalling on Gorakhpur Cantt[Excl] Chhapra
Multi-States
Gramin & Burhwal Jn [Excl] Sitapur Jn section of high density routes NA 03/2027 380.47
665 (Bihar, Uttar 244.67 20
(North Eastern Railway [NER]) (06/2023) (03/2028) (380.47)
Pradesh)
(611669)
Gorakhpur-Valmikinagar Doubling project Multi-States
08/2023 12/2027 1120
666 (NER) (Bihar, Uttar 318.9 26
(03/2024) (-) (1120)
(617224) Pradesh)
Chhapra-Ballia Patch Doubling Multi-States
03/2013 02/2025 963
667 (North Eastern Railway [NER]) (Bihar, Uttar 912.43 95
(12/2015) (03/2026) (1046)
(705562) Pradesh)
Katihar Kumedpur & Katihar Mukuria BG Doubling Project Multi-States
08/2022 08/2026 942.64
668 (Northeast Frontier Railway [NFR]) (Bihar, West 476.45 63
(08/2022) (02/2027) (942.64)
(617245) Bengal)
Gondia - Dongargarh 4th line [84 Km] Multi-States
10/2025 10/2030 2222.53
669 (South Eastern Central Railway) (Chhattisgarh, 0 0
(10/2025) (-) (2222.53)
(618978) Maharashtra)
Rajnandgaon - Nagpur [Kalumna] Third Railway Line [228.30 km] Multi-States
09/2016 12/2024 3545
670 (South East Central Railway [SECR] - II) (Chhattisgarh, 3589.67 96
(12/2016) (06/2026) (3545)
(705617) Maharashtra)
Sardega -Bhalumuda New Double line [37.24 Km] Multi-States
09/2024 03/2028 1281.81
671 (SECR) (Chhattisgarh, 128.01 3
(09/2024) (-) (1281.81)
(617390) Odisha)
Jagdalpur-Koraput Multi-States
12/2015 03/2024 1547
672 (East Coast Railway [ECoR] - II) (Chhattisgarh, 1356.59 93
(03/2016) (12/2026) (1547)
(705511) Odisha)
Jharsuguda-Bilaspur Fourth Railway Line [206 km] Multi-States
09/2016 10/2024 2140
673 (SECR) (Chhattisgarh, 2217.72 94
(09/2016) (03/2026) (2979)
(705616) Odisha)
Mumbai-Ahmedabad High Speed Rail Project- 508 km Multi-States
(National High Speed Rail Corporation [NHSRC]) (Dadra & Nagar
03/2015 08/2027 108000
674 (705728) Haveli and Daman 86792.89 57
(09/2017) (12/2029) (108000)
& Diu, Gujarat,
Maharashtra)
Raising of speed to 160 kmph/200 kmph on existing New Delhi-Mumbai route incl. Multi-States (Delhi,
Vadodara-Ahmedabad Gujarat, Madhya
09/2019 03/2024 6806.44
675 (PCE/WR) Pradesh, 9341.42 64
(09/2019) (03/2026) (8095.12)
(705793) Maharashtra,
Rajasthan)
Hospet - Tinaighat - Vasco Rail Doubling Project
Multi-States (Goa, 03/2010 03/2027 5060
676 (RVNL - II) 5282.88 86
Karnataka) (07/2012) (12/2027) (5060)
(705650)",Railways,South Western Railway [SWR] - II,"Multi-States
(Karnataka,
Maharashtra)",2026-01,2026-03,2,2014-04,2016-01,2024-12,2026-03,1878.0,2459.0,2709.7,93.0,2771.29,2026-03,47.566,1,15,0
709827,CONSTRUCTION OF RESIDENTIAL TOWERS AT BIOM KIRANDUL COMPLEX,Ministry of Steel,Steel,National Mineral Development Corporation Limited [NMDC],Chhattisgarh,2026-01,2026-03,2,2021-07,2022-10,2025-12,2026-02,349.75,349.75,309.3,99.0,326.85,2026-03,-6.5475,0,3,0
707267,Upgradation of Sewerage system in Gandhinagar City,"All Ongoing Projects
JANUARY 2026
Orignal/Target DoC
Date of Approval Orignal Cost Cumulative
(Revised DoC) Physical Progress
Sl.No Project Name (Agency) (Project Code) State (Start Date) Revised Cost Expenditure
MM/YYYY (%)
MM/YYYY in Rs. Crore in Rs. Crore
Ahmedabad Metro Rail Project [Phase-I]
11/2014 03/2018 10773
266 (Gujarat Metro Rail Corporation Limited [GMRCL]) Gujarat 12330.27 99
(02/2015) (01/2026) (12924.5)
(702639)
Metro connectivity from Millennium City Centre to Cyber City with Spur to Dwarka
Expressway, Gurugram. 07/2023 07/2027 5452.72
267 Haryana 92.12 0
(Gurugram Metro Rail Limited (GMRL)) (08/2024) (-) (5452.72)
(619022)
Construction of Bangalore Metro Rail Project Phase 2.
02/2014 03/2021 26405.14
268 (Bengaluru Metro Rail) Karnataka 29717.97 95
(02/2016) (09/2026) (30695.1)
(702635)
Construction Bangalore Metro Rail Project Phase-2A & 2B
06/2021 06/2026 14788.1
269 (Bengaluru Metro Rail) Karnataka 9394.4 61
(01/2019) (06/2026) (14788.1)
(702665)
Kochi Metro Rail Phase 2 Development Project
11/2022 11/2026 1957.05
270 (CSPCC Projects) Kerala 567.33 27
(11/2022) (11/2026) (1957.05)
(702664)
Bhopal Metro Rail Project
11/2018 11/2022 6941.4
271 (Madhya Pradesh Metro Rail Co Limited [MPMRCL]) Madhya Pradesh 3948.31 53
(11/2018) (06/2028) (6941.4)
(702625)
Indore Metro Rail Project
11/2018 11/2022 7500.8
272 (Madhya Pradesh Metro Rail Co Limited [MPMRCL]) Madhya Pradesh 4547.78 60
(11/2018) (12/2028) (7500.8)
(702626)
PCMC To Nigdi- Extension Of North South Corridor Of Phase-1
10/2023 01/2027 910.18
273 (Maharashtra Metro Rail Corporation Limited [MMRCL]) Maharashtra 218.14 35
(10/2023) (-) (910.18)
(617225)
Pune Metro Phase-1 Extension line towards south from Swargate to Katraj
09/2024 03/2029 2954.53
274 (Maharashtra Metro Rail Corporation Limited [MMRCL]) Maharashtra 26.99 4
(09/2024) (-) (2954.53)
(617226)
Thane Integral Ring Metro Rail Project
09/2024 09/2029 12200.1
275 (Maharashtra Metro Rail Corporation Limited [MMRCL]) Maharashtra 9.23 5
(09/2024) (-) (12200.1)
(617327)
Pune Metro Rail Project Phase-2 Corridor 2A Vanaz to Chandani Chowk and Corridor
2B Ramwadi to Wagholi/Vitthalwadi 07/2025 07/2029 3626.24
276 Maharashtra 0.63 0
(Maharashtra Metro Rail Corporation Limited [MMRCL]) (07/2025) (-) (3626.24)
(618971)
Pune Metro Rail Project Phase-2 Line-4 Kharadi to Khadakwasla with Spur Line 4A
Nal Stop - Warje - Manikbaug 12/2025 12/2030 9857.85
277 Maharashtra 0.09 0
(Maharashtra Metro Rail Corporation Limited [MMRCL]) (12/2025) (-) (9857.85)
(618985)
New Suburba Station Development Project
04/2018 07/2022 262.76
278 (ministry of housing and urban affairs) Maharashtra 17.62 6
(03/2019) (-) (262.76)
(701745)
Kalyan Station Precinct Imporvement Project
04/2018 07/2023 600
279 (ministry of housing and urban affairs) Maharashtra 272.42 70
(07/2020) (-) (600)
(701991)
Mumbai Metro Line 3
07/2013 03/2023 23136
280 (Mumbai Metro Rail Corporation Limited [MMRC]) Maharashtra 32732.81 97
(06/2016) (08/2025) (37276)
(702637)
Nagpur Metro Rail Phase II Development Project
12/2022 12/2027 6708
281 (Maharashtra Metro Rail Corporation Limited [MMRCL]) Maharashtra 1530.96 33
(12/2022) (-) (6708)
(702658)
Delhi Metro Rail Phase-IV [Rithala - Kundli Corridor]
Multi-States (Delhi, 01/2025 01/2029 6230.99
282 (Delhi Metro Rail Corporation Limited [DMRC]) 72.51 0
Haryana) (01/2025) (-) (6230.99)
(617206)
Delhi-Ghaziabad-Meerut Regional Rapid Transit System [RRTS] corridor
Multi-States (Delhi, 03/2019 06/2025 30274
283 (National Capital Region Transport Corporation [NCRTC]) 27465.26 96
Uttar Pradesh) (03/2019) (02/2026) (30274)
(702633)
Chennai Metro Rail Phase-II Development Project
10/2024 08/2029 63246
284 (Chennai Metro Rail Limited [CMRL]) Tamil Nadu 30721.57 48
(11/2020) (-) (63246)
(702668)
LUCKNOW METRO RAIL PROJECT PHASE-1B EAST WEST CORRIDOR
09/2025 04/2031 5801.05
285 (Uttar Pradesh metro rail corporation [UPMRC]) Uttar Pradesh 0 0
(05/2026) (-) (5801.05)
(619052)
Kanpur Metro Rail Project
05/2019 05/2024 11076.48
286 (Uttar Pradesh metro rail corporation [UPMRC]) Uttar Pradesh 9093.53 79
(11/2019) (03/2027) (11076.5)
(702628)
Agra Metro Rail Project
05/2019 05/2024 8379.62
287 (Uttar Pradesh metro rail corporation [UPMRC]) Uttar Pradesh 6067.18 67
(12/2020) (06/2027) (8379.62)
(702629)
Total (28) 335215.64 205666.48
Waste & Water
ESR - 8 nos., distribution system - 216 Km, new house service connections - 38760
nos. upgrading of feeder mains, pumping station etc. - Phase II 02/2017 03/2023 172.22
288 Andhra Pradesh 88.86 82
(Ministry of Housing & Urban Affairs) (07/2018) (03/2026) (172.22)
(702674)
Muzaffarpur Storm Water Drainage Phase-I Project
11/2016 10/2023 158.78
289 (Ministry of Housing & Urban Affairs) Bihar 93.35 84
(02/2019) (03/2026) (158.78)
(702699)
Storm water drainag Development Project Dadra & Nagar
08/2020 03/2024 210
290 (ministry of housing and urban affairs) Haveli and Daman 0 20
(12/2021) (-) (210)
(702355) & Diu
Upgradation of Sewerage system in Gandhinagar City
07/2020 06/2023 200
291 (ministry of housing and urban affairs) Gujarat 100 10
(03/2021) (-) (200)
(707267)
Sewerage Management Scheme Part-3 Implementation
03/2017 09/2023 278.01
292 (Ministry of Housing & Urban Affairs) Haryana 218.89 88
(11/2017) (03/2026) (278.01)
(702734)
Sewerage Management Scheme Part-3 Implementation
03/2017 03/2023 213.19
293 (Ministry of Housing & Urban Affairs) Haryana 168.14 91
(10/2018) (03/2026) (213.19)
(702735)
Dhanbad Water Supply Infrastructure Project
02/2017 03/2023 216.55
294 (Ministry of Housing & Urban Affairs) Jharkhand 129.16 74
(12/2018) (03/2026) (216.55)
(702741)",Waste & Water,ministry of housing and urban affairs,Gujarat,2026-01,2026-03,2,2020-07,2021-03,2023-06,,200.0,200.0,100.0,10.0,100.0,,-50.0,0,33,1
702735,Sewerage Management Scheme Part-3 Implementation,"All Ongoing Projects
FEBRUARY 2026
Orignal/Target DoC
Project Name Date of Approval Orignal Cost Cumulative
(Revised DoC) Physical Progress
Sl.No (Agency) State (Start Date) Revised Cost Expenditure
MM/YYYY (%)
(Project Code) (Legacy OCMS Code) MM/YYYY in Rs. Crore in Rs. Crore
Pune Metro Phase-1 Extension line towards south from Swargate to Katraj
(Maharashtra Metro Rail Corporation Limited [MMRCL]) 09/2024 03/2029 2954.53
275 Maharashtra 27.93 4
(617226) (09/2024) (-) (2954.53)
(N28000160)
Thane Integral Ring Metro Rail Project
(Maharashtra Metro Rail Corporation Limited [MMRCL]) 09/2024 09/2029 12200.1
276 Maharashtra 9.61 6
(617327) (09/2024) (-) (12200.1)
(-)
Pune Metro Rail Project Phase-2 Corridor 2A Vanaz to Chandani Chowk and Corridor
2B Ramwadi to Wagholi/Vitthalwadi
07/2025 07/2029 3626.24
277 (Maharashtra Metro Rail Corporation Limited [MMRCL]) Maharashtra 1.42 1
(07/2025) (-) (3626.24)
(618971)
(-)
Pune Metro Rail Project Phase-2 Line-4 Kharadi to Khadakwasla with Spur Line 4A
Nal Stop - Warje - Manikbaug
12/2025 12/2030 9857.85
278 (Maharashtra Metro Rail Corporation Limited [MMRCL]) Maharashtra 1.34 0
(12/2025) (-) (9857.85)
(618985)
(-)
New Suburba Station Development Project
(ministry of housing and urban affairs) 04/2018 07/2022 262.76
279 Maharashtra 17.62 6
(701745) (03/2019) (-) (262.76)
(-)
Kalyan Station Precinct Imporvement Project
(ministry of housing and urban affairs) 04/2018 07/2023 600
280 Maharashtra 272.42 70
(701991) (07/2020) (-) (600)
(-)
Mumbai Metro Line 3
(Mumbai Metro Rail Corporation Limited [MMRC]) 07/2013 03/2023 23136
281 Maharashtra 32923.46 97
(702637) (06/2016) (08/2025) (37276)
(N28000086)
Nagpur Metro Rail Phase II Development Project
(Maharashtra Metro Rail Corporation Limited [MMRCL]) 12/2022 12/2027 6708
282 Maharashtra 1595.79 34
(702658) (12/2022) (-) (6708)
(N28000155)
Delhi Metro Rail Phase-IV [Rithala - Kundli Corridor]
(Delhi Metro Rail Corporation Limited [DMRC]) Multi-States (Delhi, 01/2025 01/2029 6230.99
283 72.72 0
(617206) Haryana) (01/2025) (-) (6230.99)
(-)
Delhi-Ghaziabad-Meerut Regional Rapid Transit System [RRTS] corridor
(National Capital Region Transport Corporation [NCRTC]) Multi-States (Delhi, 03/2019 06/2025 30274
284 27720.41 96
(702633) Uttar Pradesh) (03/2019) (02/2026) (30274)
(N28000134)
Chennai Metro Rail Phase-II Development Project
(Chennai Metro Rail Limited [CMRL]) 10/2024 08/2029 63246
285 Tamil Nadu 31451.38 49
(702668) (11/2020) (-) (63246)
(-)
LUCKNOW METRO RAIL PROJECT PHASE-1B EAST WEST CORRIDOR
(Uttar Pradesh metro rail corporation [UPMRC]) 09/2025 04/2031 5801.05
286 Uttar Pradesh 0 0
(619052) (05/2026) (-) (5801.05)
(-)
Kanpur Metro Rail Project
(Uttar Pradesh metro rail corporation [UPMRC]) 05/2019 05/2024 11076.48
287 Uttar Pradesh 9095.8 80
(702628) (11/2019) (03/2027) (11076.5)
(N28000144)
Agra Metro Rail Project
(Uttar Pradesh metro rail corporation [UPMRC]) 05/2019 05/2024 8379.62
288 Uttar Pradesh 6068.28 68
(702629) (12/2020) (06/2027) (8379.62)
(N28000145)
Total (28) 335215.64 208407.32
Waste & Water
ESR - 8 nos., distribution system - 216 Km, new house service connections - 38760
nos. upgrading of feeder mains, pumping station etc. - Phase II
02/2017 03/2023 172.22
289 (Ministry of Housing & Urban Affairs) Andhra Pradesh 88.86 82
(07/2018) (03/2026) (172.22)
(702674)
(-)
Muzaffarpur Storm Water Drainage Phase-I Project
(Ministry of Housing & Urban Affairs) 11/2016 10/2023 158.78
290 Bihar 93.35 84
(702699) (02/2019) (03/2026) (158.78)
(-)
Storm water drainag Development Project
Dadra & Nagar
(ministry of housing and urban affairs) 08/2020 03/2024 210
291 Haveli and Daman 0 20
(702355) (12/2021) (-) (210)
& Diu
(-)
Upgradation of Sewerage system in Gandhinagar City
(ministry of housing and urban affairs) 07/2020 06/2023 200
292 Gujarat 100 10
(707267) (03/2021) (-) (200)
(-)
Sewerage Management Scheme Part-3 Implementation
(Ministry of Housing & Urban Affairs) 03/2017 09/2023 278.01
293 Haryana 218.89 88
(702734) (11/2017) (03/2026) (278.01)
(-)
Sewerage Management Scheme Part-3 Implementation
(Ministry of Housing & Urban Affairs) 03/2017 03/2023 213.19
294 Haryana 168.14 91
(702735) (10/2018) (03/2026) (213.19)
(-)
Dhanbad Water Supply Infrastructure Project
(Ministry of Housing & Urban Affairs) 02/2017 03/2023 216.55
295 Jharkhand 129.16 75
(702741) (12/2018) (03/2026) (216.55)
(-)
SAAP-3 Water Supply Infrastructure SAAP-3 Project
(Ministry of Housing & Urban Affairs) 02/2017 10/2023 159.31
296 Jharkhand 87.5 66
(702742) (12/2018) (03/2026) (159.31)
(-)",Waste & Water,Ministry of Housing & Urban Affairs,Haryana,2026-02,2026-04,2,2017-03,2018-10,2023-03,2026-03,213.19,213.19,168.14,91.0,180.32,2026-04,-15.4182,0,37,0
702764,24/7 water supply under AMRUT for Davanagere,"All Ongoing Projects
MARCH 2026
Orignal/Target DoC
Project Name Date of Approval Orignal Cost Cumulative
(Revised DoC) Physical Progress
Sl.No (Agency) State (Start Date) Revised Cost Expenditure
MM/YYYY (%)
(Project Code) (Legacy OCMS Code) MM/YYYY in Rs. Crore in Rs. Crore
New Suburba Station Development Project
(ministry of housing and urban affairs) 04/2018 07/2022 262.76
274 Maharashtra 17.62 6
(701745) (03/2019) (-) (262.76)
(-)
Kalyan Station Precinct Imporvement Project
(ministry of housing and urban affairs) 04/2018 07/2023 600
275 Maharashtra 272.42 70
(701991) (07/2020) (-) (600)
(-)
Mumbai Metro Line 3
(Mumbai Metro Rail Corporation Limited [MMRC]) 07/2013 03/2023 23136
276 Maharashtra 33308.88 97.76
(702637) (06/2016) (08/2025) (37276)
(N28000086)
Nagpur Metro Rail Phase II Development Project
(Maharashtra Metro Rail Corporation Limited [MMRCL]) 12/2022 12/2027 6708
277 Maharashtra 1876.99 36.76
(702658) (12/2022) (-) (6708)
(N28000155)
Delhi Metro Rail Phase-IV [Rithala - Kundli Corridor]
(Delhi Metro Rail Corporation Limited [DMRC]) Multi-States (Delhi, 01/2025 01/2029 6230.99
278 72.89 0
(617206) Haryana) (01/2025) (-) (6230.99)
(-)
Chennai Metro Rail Phase-II Development Project
(Chennai Metro Rail Limited [CMRL]) 10/2024 08/2029 63246
279 Tamil Nadu 32503.4 51.86
(702668) (11/2020) (-) (63246)
(-)
LUCKNOW METRO RAIL PROJECT PHASE-1B EAST WEST CORRIDOR
(Uttar Pradesh metro rail corporation [UPMRC]) 09/2025 04/2031 5801.05
280 Uttar Pradesh 0 0
(619052) (05/2026) (-) (5801.05)
(-)
Kanpur Metro Rail Project
(Uttar Pradesh metro rail corporation [UPMRC]) 05/2019 05/2024 11076.48
281 Uttar Pradesh 9098.65 80.5
(702628) (11/2019) (03/2027) (11076.5)
(N28000144)
Agra Metro Rail Project
(Uttar Pradesh metro rail corporation [UPMRC]) 05/2019 05/2024 8379.62
282 Uttar Pradesh 6069.78 68.6
(702629) (12/2020) (06/2027) (8379.62)
(N28000145)
Total (26) 299557.47 180184.42
Waste & Water
ESR - 8 nos., distribution system - 216 Km, new house service connections - 38760
nos. upgrading of feeder mains, pumping station etc. - Phase II
02/2017 03/2023 172.22
283 (Ministry of Housing & Urban Affairs) Andhra Pradesh 88.86 82
(07/2018) (06/2026) (172.22)
(702674)
(-)
Muzaffarpur Storm Water Drainage Phase-I Project
(Ministry of Housing & Urban Affairs) 11/2016 10/2023 158.78
284 Bihar 93.35 84
(702699) (02/2019) (06/2026) (158.78)
(-)
Storm water drainag Development Project
Dadra & Nagar
(ministry of housing and urban affairs) 08/2020 03/2024 210
285 Haveli and Daman 0 20
(702355) (12/2021) (-) (210)
& Diu
(-)
Upgradation of Sewerage system in Gandhinagar City
(ministry of housing and urban affairs) 07/2020 06/2023 200
286 Gujarat 100 10
(707267) (03/2021) (-) (200)
(-)
Sewerage Management Scheme Part-3 Implementation
(Ministry of Housing & Urban Affairs) 03/2017 09/2023 278.01
287 Haryana 228.49 88
(702734) (11/2017) (09/2026) (278.01)
(-)
Sewerage Management Scheme Part-3 Implementation
(Ministry of Housing & Urban Affairs) 03/2017 03/2023 213.19
288 Haryana 180.32 100
(702735) (10/2018) (05/2026) (213.19)
(-)
Dhanbad Water Supply Infrastructure Project
(Ministry of Housing & Urban Affairs) 02/2017 03/2023 216.55
289 Jharkhand 129.16 76
(702741) (12/2018) (06/2026) (216.55)
(-)
SAAP-3 Water Supply Infrastructure SAAP-3 Project
(Ministry of Housing & Urban Affairs) 02/2017 10/2023 159.31
290 Jharkhand 87.5 67
(702742) (12/2018) (06/2026) (159.31)
(-)
Augmentation and Strenghthning of Urban Water Supply Phase 1 - SAAP 3
(Ministry of Housing & Urban Affairs) 02/2017 03/2023 278.28
291 Jharkhand 186.5 81
(702746) (12/2018) (06/2026) (278.28)
(-)
Belgavi Improvement in Sewerage System Project
(Ministry of Housing & Urban Affairs) 12/2015 07/2023 162.73
292 Karnataka 79.5 80
(702760) (10/2016) (06/2026) (162.73)
(-)
24/7 water supply under AMRUT for Davanagere
(Ministry of Housing & Urban Affairs) 11/2016 03/2023 174.96
293 Karnataka 103.73 65
(702764) (01/2018) (05/2026) (174.96)
(-)
Indore Water Supply Infrastructure Project
(Ministry of Housing & Urban Affairs) 12/2016 03/2023 287.17
294 Madhya Pradesh 252.5 99
(702793) (11/2017) (05/2026) (287.17)
(-)
Jabalpur Sewerage Management and Treatment Infrastructure Project
(Ministry of Housing & Urban Affairs) 10/2018 03/2023 362.31
295 Madhya Pradesh 332.05 100
(702798) (12/2017) (06/2026) (362.31)
(-)
Satna Sewerage Management and Treatment Infrastructure Project
(Ministry of Housing & Urban Affairs) 11/2015 03/2024 191.56
296 Madhya Pradesh 200.32 95
(702808) (12/2016) (05/2026) (215.89)
(-)",Waste & Water,Ministry of Housing & Urban Affairs,Karnataka,2026-03,2026-05,2,2016-11,2018-01,2023-03,2026-05,174.96,174.96,103.73,65.0,171.6,2026-05,-1.9204,0,38,0
702798,Jabalpur Sewerage Management and Treatment Infrastructure Project,"All Ongoing Projects
FEBRUARY 2026
Orignal/Target DoC
Project Name Date of Approval Orignal Cost Cumulative
(Revised DoC) Physical Progress
Sl.No (Agency) State (Start Date) Revised Cost Expenditure
MM/YYYY (%)
(Project Code) (Legacy OCMS Code) MM/YYYY in Rs. Crore in Rs. Crore
Augmentation and Strenghthning of Urban Water Supply Phase 1 - SAAP 3
(Ministry of Housing & Urban Affairs) 02/2017 03/2023 278.28
297 Jharkhand 186.5 80
(702746) (12/2018) (03/2026) (278.28)
(-)
Belgavi Improvement in Sewerage System Project
(Ministry of Housing & Urban Affairs) 12/2015 07/2023 162.73
298 Karnataka 85.71 80
(702760) (10/2016) (03/2026) (162.73)
(-)
24/7 water supply under AMRUT for Davanagere
(Ministry of Housing & Urban Affairs) 11/2016 03/2023 174.96
299 Karnataka 93.18 65
(702764) (01/2018) (03/2026) (174.96)
(-)
Indore Water Supply Infrastructure Project
(Ministry of Housing & Urban Affairs) 12/2016 03/2023 287.17
300 Madhya Pradesh 252.5 99
(702793) (11/2017) (03/2026) (287.17)
(-)
Jabalpur Sewerage Management and Treatment Infrastructure Project
(Ministry of Housing & Urban Affairs) 10/2018 03/2023 362.31
301 Madhya Pradesh 324.79 96
(702798) (12/2017) (03/2026) (362.31)
(-)
Satna Sewerage Management and Treatment Infrastructure Project
(Ministry of Housing & Urban Affairs) 11/2015 03/2024 191.56
302 Madhya Pradesh 192.79 91
(702808) (12/2016) (03/2026) (215.89)
(-)
Singrauli Sewerage Management and Treatment Infrastructure Project
(Ministry of Housing & Urban Affairs) 05/2016 03/2023 402.01
303 Madhya Pradesh 357.68 90
(702810) (11/2017) (03/2026) (438.1)
(-)
Kalyan-Dombivali Water Supply Infrastructure Project
(Ministry of Housing & Urban Affairs) 07/2016 10/2023 194.2
304 Maharashtra 136.56 75
(702833) (09/2019) (06/2026) (194.2)
(-)
Mira-Bhayandar Water Supply Infrastructure Project
(Ministry of Housing & Urban Affairs) 11/2016 03/2023 204.55
305 Maharashtra 186.13 99
(702840) (08/2018) (03/2026) (204.55)
(-)
Pune Water Supply Infrastructure Project
(Ministry of Housing & Urban Affairs) 03/2017 03/2023 235.95
306 Maharashtra 220.77 95
(702851) (07/2017) (03/2026) (235.95)
(-)
Solapur Sewerage Management Infrastructure Project
(Ministry of Housing & Urban Affairs) 03/2017 03/2023 180.24
307 Maharashtra 172.22 98
(702854) (04/2018) (03/2026) (180.24)
(-)
Jalandhar Water Supply Infrastructure Project
(Ministry of Housing & Urban Affairs) 11/2016 08/2023 258.53
308 Punjab 161.02 58
(703021) (08/2020) (03/2026) (266.64)
(-)
Patiala Water Supply Infrastructure Part-2 Project
(Ministry of Housing & Urban Affairs) 11/2016 10/2023 287
309 Punjab 213.64 99
(703057) (08/2020) (03/2026) (287)
(-)
Jhansi Water Supply Infrastructure Phase-II Project
(Ministry of Housing & Urban Affairs) 03/2017 07/2023 561.74
310 Uttar Pradesh 485.91 93
(702949) (06/2019) (03/2026) (561.74)
(-)
Total (22) 5389.29 3955.3
Ministry of Mines
Construction
Construction of Basement + Ground Floor+ 10 Storeyed building for State of the Art
Director General, GSI Building at plot No.GN-40, Sector-V, Salt Lake, Kolkata
04/2019 08/2026 255.37
311 (Central Public Works Department [CPWD]) West Bengal 96.26 53
(02/2020) (-) (255.37)
(617280)
(N10000015)
Total (1) 255.37 96.26
Metals & Mining
Expansion of Malanjkhand Copper Project
(Hindustan Copper Limited [HCL]) 09/2011 04/2020 1856.36
312 Madhya Pradesh 959.13 83
(400426) (04/2015) (04/2026) (1856.36)
(-)
Expansion of Alumina Refinery Plant with addition of 5th Stream having capacity
enhancement of 1.0 Million Tonee Per Annum
04/2017 12/2022 4103
313 (National Aluminium Company Limited [NALCO]) Odisha 4640.29 82
(04/2017) (06/2026) (5677.4)
(400141)
(-)
Pottangi Bauxite Mines Project
(National Aluminium Company Limited [NALCO]) 05/2018 03/2025 1381
314 Odisha 769.97 51
(400299) (05/2018) (05/2026) (1960.77)
(-)
CONVERSION OF FLAT BOTTOM SETTLERS AND WASHERS WITH A SINGLE
TRAIN OF HRDS AND DCWS IN STREAMS 1 AND
NA 11/2026 355
315 (Ministry of Mines) Odisha 163.55 12
(04/2017) (-) (581)
(709830)
(N10000012)
SOURCING OF BAUXITE ARRANGEMENT FOR 5TH STREAM ALUMINA
REFINERY FROM SOUTH BLOCK MINING LEASE OF PANCHPATMAILI MINES
11/2017 05/2025 483
316 (National Aluminium Company Limited [NALCO]) Odisha 432.66 91
(11/2019) (06/2026) (483)
(709831)
(N10000013)
25.5 MW WIND POWER PROJECT AT KAYATHAR IN TAMILNADU
(National Aluminium Company Limited [NALCO]) 09/2017 03/2025 166
317 Tamil Nadu 135 66
(709832) (12/2017) (03/2026) (166)
(N10000014)
Total (6) 8344.36 7100.6",Waste & Water,Ministry of Housing & Urban Affairs,Madhya Pradesh,2026-02,2026-04,2,2018-10,2017-12,2023-03,2026-03,362.31,362.31,324.79,96.0,332.05,2026-04,-8.352,0,37,0
612178,"Construction of 100 Bedded ESIC Hospital building and 32 Nos Residential Quarters at Vallam Vadangal, SIPCOT, Sriperumbudur",Ministry of Labour and Employment,Healthcare,Employee's State Insurance Company [ESIC],Tamil Nadu,2026-03,2026-05,2,2015-02,2023-03,2025-06,2026-03,152.95,177.01,127.22,100.0,130.22,2026-05,-14.8611,0,11,0
612151,Transmission System for Evacuation of Power from potential Renewable Energy zone in Khavda Area of Gujarat under Phase IV [7 GW] Part E3,Ministry of Power,Transmission & Distribution,Power Grid Corporation of India Limited [POWERGRID],Gujarat,2026-02,2026-04,2,2023-07,2023-07,2025-07,2026-03,334.0,334.0,297.26,93.0,334.0,2026-04,0.0,0,9,0
611951,Transmission system for evacuation of power from REZ in Rajasthan 20GW under Phase-III Part E1,Ministry of Power,Transmission & Distribution,Power Grid Corporation of India Limited [POWERGRID],Rajasthan,2026-02,2026-04,2,2021-12,2023-08,2025-02,2026-02,688.74,688.74,686.67,99.0,688.74,2026-04,0.0,0,14,0
400259,Ghatampur Thermal Power Plant 3 X 660 MW,Ministry of Coal,Electricity Generation,NLC India Limited [NLCIL],Uttar Pradesh,2026-04,2026-06,2,2016-07,2016-08,2020-11,2026-03,17237.8,21780.9,21237.52,95.68,21287.24,2026-06,23.4916,1,67,0
702639,Ahmedabad Metro Rail Project [Phase-I],Ministry of Housing & Urban Affairs,Urban Public Transport,Gujarat Metro Rail Corporation Limited [GMRCL],Gujarat,2026-03,2026-05,2,2014-11,2015-02,2018-03,2026-04,10773.0,12924.5,12410.84,99.99,12521.43,2026-05,16.2297,1,98,0
702840,Mira-Bhayandar Water Supply Infrastructure Project,Ministry of Housing & Urban Affairs,Waste & Water,Ministry of Housing & Urban Affairs,Maharashtra,2026-04,2026-06,2,2016-11,2018-08,2023-03,2026-05,204.55,204.55,186.13,99.0,193.2,2026-06,-5.5488,0,39,0
702854,Solapur Sewerage Management Infrastructure Project,Ministry of Housing & Urban Affairs,Waste & Water,Ministry of Housing & Urban Affairs,Maharashtra,2026-04,2026-06,2,2017-03,2018-04,2023-03,2026-06,180.24,180.24,172.22,98.0,172.22,2026-06,-4.4496,0,39,0
612201,"Construction of 200 bedded ESIC Hospital with 62 Nos Staff quarters , Beltola",Ministry of Labour and Employment,Healthcare,Employee's State Insurance Company [ESIC],Assam,2026-03,2026-05,2,2017-12,2021-10,2025-04,2026-04,143.23,154.75,130.08,98.0,130.08,2026-06,-9.181,0,13,0
607701,"Guwahati Refinery Expansion [1.0 to 1.2 MMTPA] along with installation of CRU, Guwahati Refinery","All Ongoing Projects
MARCH 2026
Orignal/Target DoC
Project Name Date of Approval Orignal Cost Cumulative
(Revised DoC) Physical Progress
Sl.No (Agency) State (Start Date) Revised Cost Expenditure
MM/YYYY (%)
(Project Code) (Legacy OCMS Code) MM/YYYY in Rs. Crore in Rs. Crore
Oil & Gas
KG-DWN-98/2 Cluster - II Development Project - NELP Block
(Oil and Natural Gas Corporation Limited [ONGC]) 03/2016 06/2020 34012
356 Andhra Pradesh 32994.92 96.5
(400120) (03/2016) (06/2026) (34012)
(N16000247)
Provision of four bitumen tanks with capacity of 5 TMT each at Visakh Refinery
(Ministry of Petroleum and Natural Gas) 09/2025 03/2028 258.34
357 Andhra Pradesh 1.54 8.9
(619226) (09/2025) (-) (258.34)
(-)
HP-COAT [Crude to Olefins and Aromatics Technology] demo unit at Visakh Refinery
(Hindustan Petroleum Corporation Limited) 09/2021 06/2024 160
358 Andhra Pradesh 132.39 91.1
(709752) (09/2021) (02/2027) (220)
(N16000432)
Numaligarh Refinery Expansion Project
(Ministry of Petroleum & Natural Gas) 07/2020 07/2024 12366
359 Assam 19417.97 84
(604791) (07/2020) (03/2027) (22494)
(N16000379)
Development of Surface Facilities for production and evacuation of Crude Oil and
Natural Gas from Nadua and East Khagorija
01/2018 02/2020 682.9
360 (Ministry of Petroleum & Natural Gas) Assam 597.74 94.3
(01/2018) (06/2026) (726.93)
(604863)
(N16000331)
Guwahati Refinery Expansion [1.0 to 1.2 MMTPA] along with installation of CRU,
Guwahati Refinery
05/2021 10/2023 412.3
361 (Ministry of Petroleum & Natural Gas) Assam 462.41 94.7
(05/2021) (05/2026) (577)
(607701)
(N16000414)
Construction of Field Gas Gathering Station at Baghjan area for collection, processing
& transportation of natural Gas to be produced from Baghjan Field
12/2020 03/2024 430.76
362 (Ministry of Petroleum & Natural Gas) Assam 346.88 91.6
(12/2020) (06/2026) (430.76)
(616858)
(N16000450)
Coke Drum Structure Package
(Ministry of Petroleum & Natural Gas) 12/2022 12/2025 635.28
363 Assam 412.7 56.5
(617836) (12/2022) (09/2026) (635.28)
(-)
Augmentation/Revamping of Facilities at existing Guwahati Terminal at Betkuchi
(MinistryofPetroleumNaturalGas) 04/2022 09/2026 277
364 Assam 226.36 80.8
(709776) (04/2022) (09/2026) (323.09)
(N16000441)
Capacity Expansion of Digboi Refinery from 0.65 to 1.0 MMTPA
(MinistryofPetroleumNaturalGas) 06/2022 03/2026 768
365 Assam 180.91 54.1
(709779) (06/2022) (07/2027) (740)
(N16000457)
Pipeline Network Project Rudrasagar
(Ministry of Petroleum & Natural Gas) 01/2023 04/2026 481.03
366 Assam 230.22 52.5
(709847) (01/2023) (04/2027) (481.03)
(N16000528)
Borholla GGS Life Extension Project [BLEP]
(Ministry of Petroleum & Natural Gas) 09/2023 05/2026 198.7
367 Assam 90.21 54.8
(709850) (09/2023) (09/2026) (198.7)
(N16000532)
DCU Revamp Project
(NRL) 08/2021 07/2024 370
368 Assam 280.44 73.4
(709864) (08/2021) (10/2026) (370)
(N16000511)
Power Recovery Turbine [PRT] in PFCCU unit as an Energy Conservation Scheme
(NRL) 04/2023 12/2024 293.5
369 Assam 97.24 99
(709865) (04/2023) (09/2026) (293.5)
(N16000510)
Setting up of LPG Plant with Rail Unloading Facility at Hathua, Dist. Gopalganj, Bihar
(MinistryofPetroleumNaturalGas) 10/2023 03/2027 340.15
370 Bihar 162.23 48
(617304) (10/2023) (03/2027) (340.15)
(-)
Barauni Refinery Capacity Expansion from 6.0 to 9.0 MMTPA
(Ministry of Petroleum & Natural Gas) 01/2020 04/2023 14810
371 Bihar 12666.9 90.5
(701324) (01/2020) (08/2026) (16724)
(N16000386)
Installation of Bitumen Manufacturing Unit along with allied facilities at Barauni
Refinery
01/2022 04/2025 389.35
372 (MinistryofPetroleumNaturalGas) Bihar 111.81 58.4
(01/2022) (10/2026) (340)
(709777)
(N16000453)
City Gas Distribution Projects at Darbhanga, Madhubani, Supaul, Sitamarhi and
Sheohar districts
12/2022 03/2030 3638
373 (Bharat Petroleum Corporation Limited [BPCL]) Bihar 465.62 33.2
(12/2022) (03/2030) (3638)
(709792)
(N16000524)
City Gas Distribution Projects at Gopalganj, Siwan, West Champaran, East
Champaran and Deoria districts
12/2022 06/2030 3919
374 (Bharat Petroleum Corporation Limited [BPCL]) Bihar 503.73 30
(12/2022) (06/2030) (3919)
(709793)
(N16000523)
City Gas Distribution [CGD] Project in Kondagaon, Bastar, Sukma, Narayanpur,
Bijapur & Dantewada GA
06/2022 06/2030 557.04
375 (Ministry of Petroleum & Natural Gas) Chhattisgarh 7.8 2.2
(06/2022) (06/2030) (557.04)
(617819)
(-)
Redevelopment of Sobhasan Complex
(Oil and Natural Gas Corporation Limited [ONGC]) 08/2021 03/2027 885.63
376 Gujarat 944.4 86.7
(400087) (08/2021) (03/2027) (1347.61)
(N16000431)
Redevelopment of Santhal Field [Onshore-Mehsana Asset]
(Oil and Natural Gas Corporation Limited [ONGC]) 02/2017 03/2026 1162.56
377 Gujarat 1152 95.9
(400167) (02/2017) (04/2026) (1162.56)
(N16000279)",Oil & Gas,Ministry of Petroleum & Natural Gas,Assam,2026-03,2026-05,2,2021-05,2021-05,2023-10,2026-05,412.3,577.0,462.41,94.7,487.31,2026-05,18.1931,1,31,0
709757,"CGD Project in Banka, Dumka, Godda, Jamtara, Pakur, Sahibganj GA ID 11A.02","All Ongoing Projects
MARCH 2026
Orignal/Target DoC
Project Name Date of Approval Orignal Cost Cumulative
(Revised DoC) Physical Progress
Sl.No (Agency) State (Start Date) Revised Cost Expenditure
MM/YYYY (%)
(Project Code) (Legacy OCMS Code) MM/YYYY in Rs. Crore in Rs. Crore
Ethylene Cracker Project at Bina Refinery including downstream Petrochemical Plants
and expansion of Refinery
05/2023 05/2028 43367
400 (MinistryofPetroleumNaturalGas) Madhya Pradesh 4552.5 23.3
(05/2023) (05/2028) (43367)
(709798)
(N16000518)
500 KTA PDHPP Project, Usar
(Ministry of Petroleum & Natural Gas) 04/2021 04/2025 8797
401 Maharashtra 7920.66 90
(400168) (04/2021) (04/2027) (11256)
(N16000430)
Lube Modernization & Bottom Upgradation Project at Mumbai Refinery
(Ministry of Petroleum and Natural Gas) 12/2024 03/2028 4679
402 Maharashtra 252.41 9.9
(616933) (12/2024) (03/2028) (4679)
(N16000540)
Petro Resid Fluidized Catalytic Cracking [PRFCC] Unit and its associated facilities at
Mumbai Refinery
05/2025 09/2029 13626
403 (Ministry of Petroleum & Natural Gas) Maharashtra 41.13 3.8
(05/2025) (-) (13626)
(619223)
(-)
Augmentation of DUPL-DPPL Pipeline
(Ministry of Petroleum & Natural Gas) 06/2025 03/2028 844
404 Maharashtra 0 0
(619224) (06/2025) (-) (844)
(-)
Installation of Compression facility at GAIL Usar
(Ministry of Petroleum & Natural Gas) 04/2025 04/2027 260.2
405 Maharashtra 0 0
(619225) (04/2025) (-) (260.2)
(-)
HP TDAE Unit in Mumbai Refinery
(Hindustan Petroleum Corporation Limited) 06/2024 04/2026 240
406 Maharashtra 139.9 80.4
(709760) (06/2024) (06/2026) (240)
(N16000534)
City Gas Distribution Project at Beed, Jalgaon and Jalna Districts
(MinistryofPetroleumNaturalGas) 03/2022 09/2031 865
407 Maharashtra 78.67 3.4
(709771) (03/2022) (09/2031) (865)
(N16000487)
Construction of Additional Tankages and Allied Facilities at JNPT Terminal
(MinistryofPetroleumNaturalGas) 04/2022 08/2026 341.43
408 Maharashtra 301.94 70.1
(709780) (04/2022) (08/2026) (436.14)
(N16000504)
ATF Pipeline from Jawaharlal Nehru Port Trust to Navi Mumbai International Airport
(Indian Oil Corporation Limited [IOCL]) 08/2022 08/2025 165
409 Maharashtra 99.04 94.8
(709782) (08/2022) (06/2026) (165)
(N16000456)
POL & LOBS Installations with Receipt Pipelines at Rasayani
(Bharat Petroleum Corporation Limited [BPCL]) 05/2023 05/2026 2585
410 Maharashtra 1205.5 79.1
(709797) (05/2023) (05/2026) (2585)
(N16000519)
Visakh Raipur Pipeline Project Multi-States
(Ministry of Petroleum and Natural Gas) (Andhra Pradesh, 09/2024 09/2027 2212
411 481.17 31.2
(616254) Chhattisgarh, (09/2024) (09/2027) (2212)
(N16000539) Odisha)
North East Gas Grid Multi-States
(Ministry of Petroleum & Natural Gas) (Arunachal
(701346) Pradesh, Assam,
(N16000439) Manipur,
04/2020 03/2024 9265
412 Meghalaya, 6739.27 87.4
(04/2020) (07/2026) (9265)
Mizoram,
Nagaland, Sikkim,
Tripura, West
Bengal)
Pipeline Rehabilitation Project, Phase-II
Multi-States
(Ministry of Petroleum & Natural Gas) 12/2024 12/2029 680
413 (Assam, Bihar, 7.64 23
(617827) (12/2024) (12/2029) (680)
West Bengal)
(-)
CGD Project in Banka, Dumka, Godda, Jamtara, Pakur, Sahibganj GA ID 11A.02
(Hindustan Petroleum Corporation Limited) Multi-States 06/2022 06/2030 1377
414 365.39 35.6
(709757) (Bihar, Jharkhand) (06/2022) (06/2030) (1377)
(N16000497)
Mumbai Nagpur Jharsuguda Pipeline Project Multi-States
(Ministry of Petroleum & Natural Gas) (Chhattisgarh,
06/2020 05/2023 7844.25
415 (701354) Madhya Pradesh, 6969.7 98.8
(06/2020) (06/2026) (8255)
(N16000398) Maharashtra,
Odisha)
Mehsana-Bhatinda & Bhatinda-Jammu Natural Gas Pipeline Multi-States
(Ministry of Petroleum & Natural Gas) (Gujarat, Haryana, 07/2011 06/2024 7392
416 6349 90.2
(701330) Punjab, (07/2011) (04/2026) (7392)
(-) Rajasthan)
Gurdaspur Jammu Pipeline
Multi-States
(Gas Authority of India Limited [GAIL]) 07/2023 07/2026 521.9
417 (Jammu and 288.9 45.6
(612853) (07/2023) (07/2026) (521.9)
Kashmir, Punjab)
(N16000531)
Kochi - Koottanad - Bangalore - Mangalore Pipeline Phase-II Multi-States
(Ministry of Petroleum & Natural Gas) (Karnataka, 06/2009 12/2012 2915
418 4623.3 96.5
(701228) Kerala, Tamil (06/2009) (09/2026) (5909)
(N16000285) Nadu)
City Gas Distribution Maharashtra Natural Gas Limited
Multi-States
(Ministry of Petroleum & Natural Gas) 01/2006 06/2031 5535
419 (Karnataka, 4224.31 47
(701338) (01/2006) (06/2031) (5535)
Maharashtra)
(-)
Dhamra Haldia Pipeline Project
Multi-States
(Ministry of Petroleum & Natural Gas) 03/2020 11/2022 1030.65
420 (Odisha, West 915.3 93.5
(701344) (03/2020) (09/2026) (1125)
Bengal)
(N16000391)
City Gas Distribution Projects at Fazilka [except area already authorized], Ganganagar
and Hanumangarh districts Multi-States
12/2022 06/2030 3207
421 (Bharat Petroleum Corporation Limited [BPCL]) (Punjab, 409.92 30.4
(12/2022) (06/2030) (3207)
(709794) Rajasthan)
(N16000520)",Oil & Gas,Hindustan Petroleum Corporation Limited,"Multi-States
(Bihar, Jharkhand)",2026-03,2026-05,2,2022-06,2022-06,2030-06,2030-06,1377.0,1377.0,365.39,35.6,377.51,2026-05,-72.5846,0,-49,0
701354,Mumbai Nagpur Jharsuguda Pipeline Project,"All Ongoing Projects
MARCH 2026
Orignal/Target DoC
Project Name Date of Approval Orignal Cost Cumulative
(Revised DoC) Physical Progress
Sl.No (Agency) State (Start Date) Revised Cost Expenditure
MM/YYYY (%)
(Project Code) (Legacy OCMS Code) MM/YYYY in Rs. Crore in Rs. Crore
Ethylene Cracker Project at Bina Refinery including downstream Petrochemical Plants
and expansion of Refinery
05/2023 05/2028 43367
400 (MinistryofPetroleumNaturalGas) Madhya Pradesh 4552.5 23.3
(05/2023) (05/2028) (43367)
(709798)
(N16000518)
500 KTA PDHPP Project, Usar
(Ministry of Petroleum & Natural Gas) 04/2021 04/2025 8797
401 Maharashtra 7920.66 90
(400168) (04/2021) (04/2027) (11256)
(N16000430)
Lube Modernization & Bottom Upgradation Project at Mumbai Refinery
(Ministry of Petroleum and Natural Gas) 12/2024 03/2028 4679
402 Maharashtra 252.41 9.9
(616933) (12/2024) (03/2028) (4679)
(N16000540)
Petro Resid Fluidized Catalytic Cracking [PRFCC] Unit and its associated facilities at
Mumbai Refinery
05/2025 09/2029 13626
403 (Ministry of Petroleum & Natural Gas) Maharashtra 41.13 3.8
(05/2025) (-) (13626)
(619223)
(-)
Augmentation of DUPL-DPPL Pipeline
(Ministry of Petroleum & Natural Gas) 06/2025 03/2028 844
404 Maharashtra 0 0
(619224) (06/2025) (-) (844)
(-)
Installation of Compression facility at GAIL Usar
(Ministry of Petroleum & Natural Gas) 04/2025 04/2027 260.2
405 Maharashtra 0 0
(619225) (04/2025) (-) (260.2)
(-)
HP TDAE Unit in Mumbai Refinery
(Hindustan Petroleum Corporation Limited) 06/2024 04/2026 240
406 Maharashtra 139.9 80.4
(709760) (06/2024) (06/2026) (240)
(N16000534)
City Gas Distribution Project at Beed, Jalgaon and Jalna Districts
(MinistryofPetroleumNaturalGas) 03/2022 09/2031 865
407 Maharashtra 78.67 3.4
(709771) (03/2022) (09/2031) (865)
(N16000487)
Construction of Additional Tankages and Allied Facilities at JNPT Terminal
(MinistryofPetroleumNaturalGas) 04/2022 08/2026 341.43
408 Maharashtra 301.94 70.1
(709780) (04/2022) (08/2026) (436.14)
(N16000504)
ATF Pipeline from Jawaharlal Nehru Port Trust to Navi Mumbai International Airport
(Indian Oil Corporation Limited [IOCL]) 08/2022 08/2025 165
409 Maharashtra 99.04 94.8
(709782) (08/2022) (06/2026) (165)
(N16000456)
POL & LOBS Installations with Receipt Pipelines at Rasayani
(Bharat Petroleum Corporation Limited [BPCL]) 05/2023 05/2026 2585
410 Maharashtra 1205.5 79.1
(709797) (05/2023) (05/2026) (2585)
(N16000519)
Visakh Raipur Pipeline Project Multi-States
(Ministry of Petroleum and Natural Gas) (Andhra Pradesh, 09/2024 09/2027 2212
411 481.17 31.2
(616254) Chhattisgarh, (09/2024) (09/2027) (2212)
(N16000539) Odisha)
North East Gas Grid Multi-States
(Ministry of Petroleum & Natural Gas) (Arunachal
(701346) Pradesh, Assam,
(N16000439) Manipur,
04/2020 03/2024 9265
412 Meghalaya, 6739.27 87.4
(04/2020) (07/2026) (9265)
Mizoram,
Nagaland, Sikkim,
Tripura, West
Bengal)
Pipeline Rehabilitation Project, Phase-II
Multi-States
(Ministry of Petroleum & Natural Gas) 12/2024 12/2029 680
413 (Assam, Bihar, 7.64 23
(617827) (12/2024) (12/2029) (680)
West Bengal)
(-)
CGD Project in Banka, Dumka, Godda, Jamtara, Pakur, Sahibganj GA ID 11A.02
(Hindustan Petroleum Corporation Limited) Multi-States 06/2022 06/2030 1377
414 365.39 35.6
(709757) (Bihar, Jharkhand) (06/2022) (06/2030) (1377)
(N16000497)
Mumbai Nagpur Jharsuguda Pipeline Project Multi-States
(Ministry of Petroleum & Natural Gas) (Chhattisgarh,
06/2020 05/2023 7844.25
415 (701354) Madhya Pradesh, 6969.7 98.8
(06/2020) (06/2026) (8255)
(N16000398) Maharashtra,
Odisha)
Mehsana-Bhatinda & Bhatinda-Jammu Natural Gas Pipeline Multi-States
(Ministry of Petroleum & Natural Gas) (Gujarat, Haryana, 07/2011 06/2024 7392
416 6349 90.2
(701330) Punjab, (07/2011) (04/2026) (7392)
(-) Rajasthan)
Gurdaspur Jammu Pipeline
Multi-States
(Gas Authority of India Limited [GAIL]) 07/2023 07/2026 521.9
417 (Jammu and 288.9 45.6
(612853) (07/2023) (07/2026) (521.9)
Kashmir, Punjab)
(N16000531)
Kochi - Koottanad - Bangalore - Mangalore Pipeline Phase-II Multi-States
(Ministry of Petroleum & Natural Gas) (Karnataka, 06/2009 12/2012 2915
418 4623.3 96.5
(701228) Kerala, Tamil (06/2009) (09/2026) (5909)
(N16000285) Nadu)
City Gas Distribution Maharashtra Natural Gas Limited
Multi-States
(Ministry of Petroleum & Natural Gas) 01/2006 06/2031 5535
419 (Karnataka, 4224.31 47
(701338) (01/2006) (06/2031) (5535)
Maharashtra)
(-)
Dhamra Haldia Pipeline Project
Multi-States
(Ministry of Petroleum & Natural Gas) 03/2020 11/2022 1030.65
420 (Odisha, West 915.3 93.5
(701344) (03/2020) (09/2026) (1125)
Bengal)
(N16000391)
City Gas Distribution Projects at Fazilka [except area already authorized], Ganganagar
and Hanumangarh districts Multi-States
12/2022 06/2030 3207
421 (Bharat Petroleum Corporation Limited [BPCL]) (Punjab, 409.92 30.4
(12/2022) (06/2030) (3207)
(709794) Rajasthan)
(N16000520)",Oil & Gas,Ministry of Petroleum & Natural Gas,"Multi-States
(Chhattisgarh,
Madhya Pradesh,
Maharashtra,
Odisha)",2026-03,2026-05,2,2020-06,2020-06,2023-05,2026-06,7844.25,8255.0,6969.7,98.8,7109.3,2026-06,-9.3693,0,36,0
709758,"CGD Project in Malda, Birbhum, Murshidabad, Dakshin Dinajpur GA ID 11A.03","All Ongoing Projects
MARCH 2026
Orignal/Target DoC
Project Name Date of Approval Orignal Cost Cumulative
(Revised DoC) Physical Progress
Sl.No (Agency) State (Start Date) Revised Cost Expenditure
MM/YYYY (%)
(Project Code) (Legacy OCMS Code) MM/YYYY in Rs. Crore in Rs. Crore
Haldia Panagarh Pipeline Project
(Hindustan Petroleum Corporation Limited) 11/2022 11/2025 1010
445 West Bengal 808.43 94.2
(709753) (11/2022) (05/2026) (1107)
(N16000478)
CGD Project in Malda, Birbhum, Murshidabad, Dakshin Dinajpur GA ID 11A.03
(Hindustan Petroleum Corporation Limited) 06/2022 06/2030 2628
446 West Bengal 567.65 35.4
(709758) (06/2022) (06/2030) (2628)
(N16000498)
City Gas Distribution Project at East Mednipore, West Mednipore & Jhargram Districts
(MinistryofPetroleumNaturalGas) 03/2022 06/2031 609
447 West Bengal 62.42 2.8
(709772) (03/2022) (06/2031) (609)
(N16000491)
City Gas Distribution Projects at Alipurduar and Cooch Behar
(Bharat Petroleum Corporation Limited [BPCL]) 12/2022 03/2030 1017
448 West Bengal 224.72 43.5
(709791) (12/2022) (03/2030) (1017)
(N16000522)
Total (93) 363711.6 198328.45
Ministry of Health & Family Welfare
Healthcare
AIIMS Darbhanga
(PMSSY AND Institute of NATIONAL Importance) NA 09/2024 1264
449 Bihar 0 0
(701172) (09/2020) (-) (1264)
(-)
Establishment of new GMC Jamui
(Medical Education, Ministry of Health and Family Welfare) 03/2019 10/2025 250
450 Bihar 100.21 32
(707020) (10/2022) (-) (500)
(-)
Establishment of new GMC Korba
(Medical Education, Ministry of Health and Family Welfare) 02/2023 12/2026 325
451 Chhattisgarh 167.49 54
(707044) (10/2023) (-) (322.85)
(-)
Establishment of new GMC Mahasamund
(Medical Education, Ministry of Health and Family Welfare) 10/2023 05/2026 325
452 Chhattisgarh 311.5 75
(707045) (10/2023) (-) (325)
(-)
Establishment of new GMC Kanker
(Medical Education, Ministry of Health and Family Welfare) 02/2020 03/2027 325
453 Chhattisgarh 25 52
(707046) (09/2024) (-) (325)
(-)
Setting up IT Infrastructure including Network Security and Hosting at AIIMS, New
Delhi
09/2025 09/2026 358.19
454 (PMSSY AND Institute of NATIONAL Importance) Delhi 0 0
(09/2025) (-) (358.19)
(617882)
(-)
Redevelopment of Residential colonies at Ayur Vigyan Nagar and West Ansari Nagar
campuses of AIIMS, New Delhi
10/2016 06/2027 4441
455 (PMSSY AND Institute of NATIONAL Importance) Delhi 24.68 61
(06/2022) (-) (4441)
(617883)
(-)
AIIMS Rajkot
(PMSSY AND Institute of NATIONAL Importance) 01/2019 03/2026 1195
456 Gujarat 775.6 93.7
(701170) (01/2019) (03/2026) (1195)
(-)
Establishment of new GMC Panchmahal
(Medical Education, Ministry of Health and Family Welfare) 09/2022 03/2026 325
457 Gujarat 438.34 38
(707049) (09/2022) (-) (663.5)
(-)
Establishment of new GMC Porbandar
(Medical Education, Ministry of Health and Family Welfare) 04/2022 09/2024 325
458 Gujarat 928.64 68
(707050) (10/2022) (-) (618.98)
(-)
AIIMS Majra Rewari Haryana
(PMSSY AND Institute of NATIONAL Importance) 02/2019 12/2026 1299
459 Haryana 651.42 57.2
(701173) (02/2019) (12/2026) (1646.43)
(N21000032)
AIIMS Kashmir at Awantipora Jammu & Kashmir
(PMSSY AND Institute of NATIONAL Importance) Jammu and 01/2019 12/2025 1828
460 1545.05 75
(701167) Kashmir (03/2019) (12/2026) (2160.84)
(N28000150)
Establishment of new GMC Koderma
(Medical Education, Ministry of Health and Family Welfare) 09/2023 08/2026 250
461 Jharkhand 269 30
(707021) (02/2024) (-) (504.8)
(-)
Establishment of new GMC Chaibasa [Singhbhum]
(Medical Education, Ministry of Health and Family Welfare) 06/2018 09/2025 250
462 Jharkhand 63 48
(707022) (03/2023) (-) (454.1)
(-)
Establishment of new GMC Rajgarh
(Medical Education, Ministry of Health and Family Welfare) 12/2021 04/2024 325
463 Madhya Pradesh 168 71
(707058) (11/2022) (-) (325)
(-)
Establishment of new GMC Mandla
(Medical Education, Ministry of Health and Family Welfare) 08/2023 04/2026 325
464 Madhya Pradesh 72.41 43
(707059) (10/2023) (-) (325)
(-)
Establishment of new GMC Kapurthala
(Medical Education, Ministry of Health and Family Welfare) 11/2019 12/2028 325
465 Punjab 0 0
(707069) (07/2027) (-) (550)
(-)
Establishment of new GMC Hoshiarpur
(Medical Education, Ministry of Health and Family Welfare) 01/2020 12/2028 325
466 Punjab 1 1
(707070) (03/2026) (-) (374.75)
(-)",Oil & Gas,Hindustan Petroleum Corporation Limited,West Bengal,2026-03,2026-05,2,2022-06,2022-06,2030-06,2030-06,2628.0,2628.0,567.65,35.4,390.91,2026-05,-85.1252,0,-49,0
400005,Transmission Network Expansion in Gujarat to increase its ATC from ISTS Part B,Ministry of Power,Transmission & Distribution,Power Grid Corporation of India Limited [POWERGRID],"Multi-States
(Dadra & Nagar
Haveli and Daman
& Diu, Gujarat,
Maharashtra)",2026-03,2026-05,2,2022-01,2022-07,2023-06,2026-05,4546.26,4546.26,4523.49,99.65,4546.26,2026-05,0.0,0,35,0
611947,Transmission System for Evacuation of Power from REZ in Rajasthan 20GW under Phase III- Part E2,"All Ongoing Projects
MARCH 2026
Orignal/Target DoC
Project Name Date of Approval Orignal Cost Cumulative
(Revised DoC) Physical Progress
Sl.No (Agency) State (Start Date) Revised Cost Expenditure
MM/YYYY (%)
(Project Code) (Legacy OCMS Code) MM/YYYY in Rs. Crore in Rs. Crore
RAJASTHAN PART I POWER TRANSMISSION LIMITED Multi-States
(Adani Transmission Limited) (Madhya Pradesh, 01/2025 07/2029 25000
237 227.05 1
(619025) Rajasthan, Uttar (01/2025) (-) (25000)
(-) Pradesh)
Transmission System for Evacuation of power from Rajasthan REZ Ph-IV [Part-1]
[Bikaner Complex] Part D [Neemrana Bareilly Transmission Ltd] Multi-States
12/2023 12/2025 2056
238 (Power Grid Corporation of India Limited [POWERGRID]) (Rajasthan, Uttar 1706.48 71.69
(12/2023) (12/2026) (2056)
(612133) Pradesh)
(N18000387)
Transmission System for evacuation of Power from Rajasthan REZ Ph-IV [Part-4 3.5
GW] Part A [SPV name POWERGRID Ghiror Transmission Limited] Multi-States
12/2024 12/2026 5846
239 (Power Grid Corporation of India Limited [POWERGRID]) (Rajasthan, Uttar 1461.5 27.54
(12/2024) (06/2027) (5846)
(616670) Pradesh)
(N18000407)
Transmission System for Evacuation of Power from REZ in Rajasthan 20GW under
Phase III- Part E2
11/2023 06/2025 428.3
240 (Power Grid Corporation of India Limited [POWERGRID]) Rajasthan 406.88 97.4
(11/2023) (06/2026) (428.3)
(611947)
(N18000379)
Transmission system for evacuation of power from REZ in Rajasthan 20 GW under
Phase-III part H
10/2023 04/2025 2211.29
241 (Power Grid Corporation of India Limited [POWERGRID]) Rajasthan 2122.84 97.68
(10/2023) (06/2026) (2211.29)
(611948)
(N18000374)
Transmission system for evacuation of power from REZ in Rajasthan 20 GW under
Phase-III part C1
10/2023 04/2025 1796.02
242 (Power Grid Corporation of India Limited [POWERGRID]) Rajasthan 1724.17 98.47
(10/2023) (05/2026) (1796.02)
(611949)
(N18000375)
Transmission system for evacuation of power from REZ in Rajasthan 20GW under
Phase-III Part E1
12/2021 02/2025 688.74
243 (Power Grid Corporation of India Limited [POWERGRID]) Rajasthan 686.67 99.7
(08/2023) (04/2026) (688.74)
(611951)
(N18000373)
Transmission System for Evacuation of power from Rajasthan REZ Ph-IV [Part-1]
[Bikaner Complex] Part A [Bikaner Neemrana Transmission Ltd]
12/2023 12/2025 2998.34
244 (Power Grid Corporation of India Limited [POWERGRID]) Rajasthan 2278.73 68.21
(12/2023) (12/2026) (2998.34)
(612134)
(N18000386)
Transmission System for Evacuation of Power from Rajasthan REZ Ph-IV [Part-2 5.5
GW][Jaisalmer/Barmer Complex] Part B [SPV Name POWERGRID Sirohi
Transmission Limited] 08/2024 08/2026 3279
245 Rajasthan 1442.76 43.68
(Power Grid Corporation of India Limited [POWERGRID]) (08/2024) (03/2027) (3279)
(615332)
(N18000391)
Transmission System Strengthening for Interconnections of Bhadla-III & Bikaner III
Complex [SPV Name POWERGRID BHADLA BIKANER TRANSMISSION LIMITED]
08/2024 08/2026 1382
246 (Power Grid Corporation of India Limited [POWERGRID]) Rajasthan 511.34 39.59
(08/2024) (03/2027) (1382)
(615335)
(N18000397)
Additional Transmission System for evacuation of Power from Bhadla-III PS as part of
Rajasthan REZ Phase III Scheme [20 GW] [SPV Name POWERGRID Bhadla-III
Power Transmission Limited] 08/2024 02/2026 369
247 Rajasthan 206.64 58.75
(Power Grid Corporation of India Limited [POWERGRID]) (08/2024) (09/2026) (369)
(615337)
(N18000396)
TRANSMISSION SYSTEM FOR EVACUATION OF POWER FROM RAJASTHAN
REZ PH -IV [PART-2 5.5 GW] [JAISALMER/BARMER COMPLEX] PART F [SPV
Name POWERGRID BARMER I TRANSMISSION LIMITED] 11/2024 11/2026 2735
248 Rajasthan 847.85 30.42
(Power Grid Corporation of India Limited [POWERGRID]) (11/2024) (06/2027) (2735)
(615338)
(N18000401)
Augmentation at Fatehgarh-II PS, Fatehgarh-IV PS [Section-II] and Barmer-I PS
[POWERGRID Fatehgarh Barmer Augmentation Transmission Limited]
03/2025 12/2026 404
249 (Power Grid Corporation of India Limited [POWERGRID]) Rajasthan 26.26 6.8
(03/2025) (06/2027) (404)
(617181)
(N18000415)
Transmission System under ISTS for evacuation of Power from Kudankulam Unit-3&4
[2x1000 MW] [SPV Name POWERGRID Kudankulam Tarnsmission Limited]
01/2025 12/2026 548
250 (Power Grid Corporation of India Limited [POWERGRID]) Tamil Nadu 117.82 17.28
(01/2025) (03/2027) (548)
(616671)
(N18000408)
Transmission System for Strengthening to facilitate evacuation of power from
Bhadla/Bikaner Complex
12/2024 06/2026 212.81
251 (Power Grid Corporation of India Limited [POWERGRID]) Uttar Pradesh 5.32 3
(12/2024) (08/2026) (212.81)
(617269)
(N18000423)
Total (68) 203786.64 65534.82
Ministry of Housing & Urban Affairs
Construction
Construction of One Tower of Office Complex and another Tower of Residential
quarters consisting of 10Nos. Type-V, 10Nos. Type-VI & 1No.Type-VII Quarters i/c
internal water supply, sanitary installation and all development and bulk services,
Horticulture works on EPC Mode-I basis i/c comprehensive operation and
maintenance of Civil, E&M services for 7 years after completion of original 03/2024 09/2027 644
252 Telangana 161.57 17
construction work for Ranga Reddy, Secunderabad, Medchal, AuditI, Audit-II (11/2024) (-) (644)
Commissionerates of Central Tax at Khajaguda, Serilingampally, Hyderabad.
(Central Public Works Department - CPWD)
(617412)
(-)
Total (1) 644 161.57",Transmission & Distribution,Power Grid Corporation of India Limited [POWERGRID],Rajasthan,2026-03,2026-05,2,2023-11,2023-11,2025-06,2026-06,428.3,428.3,406.88,97.4,428.3,2026-06,0.0,0,11,0
701105,Goa Airport Terminal Building Extension Project,Ministry of Civil Aviation,Aviation & Aviation Infrastructure,Airport Authority of India [AAI],Goa,2026-04,2026-06,2,2017-11,2019-12,2021-12,2026-04,255.69,255.69,156.7,100.0,161.06,2026-04,-37.0097,0,54,1
701263,Rajasthan Refinery Project,Ministry of Petroleum & Natural Gas,Energy Storage,MinistryofPetroleumNaturalGas,Rajasthan,2026-04,2026-06,2,2017-10,2017-10,2022-10,2026-06,43129.0,79459.0,69202.21,91.9,70293.57,2026-06,62.9845,1,44,0
400035,"Grass Root Rail-fed Depot at Sekerkote, Agartala as resitement of existing Dharmanagar Depot",Ministry of Petroleum & Natural Gas,Energy Storage,Indian Oil Corporation Limited [IOCL],Tripura,2026-04,2026-06,2,2022-06,2022-06,2025-09,2026-06,656.0,656.0,537.17,97.0,546.57,2026-06,-16.6814,0,9,0
709760,HP TDAE Unit in Mumbai Refinery,Ministry of Petroleum & Natural Gas,Oil & Gas,Hindustan Petroleum Corporation Limited,Maharashtra,2026-04,2026-06,2,2024-06,2024-06,2026-04,2026-06,240.0,240.0,151.04,85.0,160.8,2026-06,-33.0,0,2,0
709782,ATF Pipeline from Jawaharlal Nehru Port Trust to Navi Mumbai International Airport,Ministry of Petroleum & Natural Gas,Oil & Gas,Indian Oil Corporation Limited [IOCL],Maharashtra,2026-04,2026-06,2,2022-08,2022-08,2025-08,2026-06,165.0,165.0,101.62,97.8,103.36,2026-06,-37.3576,0,10,0
611967,Transmission Scheme for Solar Energy Zone in Ananthpuram 2500MW and Kurnool 1000MW,Ministry of Power,Transmission & Distribution,Power Grid Corporation of India Limited [POWERGRID],Andhra Pradesh,2026-04,2026-06,2,2023-09,2023-09,2025-09,2026-05,823.0,823.0,798.31,98.34,798.31,2026-05,-3.0,0,9,0
900808,Transmission System for Kurnool Wind Energy Zone/ Solar Energy Zone Part-A and Part-B,Ministry of Power,Transmission & Distribution,Power Grid Corporation of India Limited [POWERGRID],"Multi-States
(Andhra Pradesh,
Telangana)",2026-04,2026-06,2,2022-11,2023-03,2024-11,2026-05,3546.94,3546.94,3532.75,99.69,3546.94,2026-05,0.0,0,19,0
611948,Transmission system for evacuation of power from REZ in Rajasthan 20 GW under Phase-III part H,Ministry of Power,Transmission & Distribution,Power Grid Corporation of India Limited [POWERGRID],Rajasthan,2026-04,2026-06,2,2023-10,2023-10,2025-04,2026-06,1910.0,1910.0,1851.81,98.33,1910.0,2026-06,0.0,0,14,0
617907,Rehabilitation and Up-gradation from Km 170700 Bhadrachalam to Km 234567 Konta on NH-30 to Two lane with Paved Shoulder in the State of Andra Pradesh on EPC mode.,Ministry of Road Transport & Highways,Roads & Highways,MoRTH,Andhra Pradesh,2026-04,2026-06,2,2021-12,2022-09,2024-09,2026-04,436.09,436.09,221.22,100.0,240.15,2026-04,-44.9311,0,21,1
617990,Construction of bypass road to Adoni town connecting NH-167 Hagari - Jadcharla road from km.62/700 to 71/400 in Kurnool District in the State of Andhra Pradesh.,Ministry of Road Transport & Highways,Roads & Highways,MoRTH,Andhra Pradesh,2026-04,2026-06,2,2023-03,2024-02,2025-11,,242.0,242.0,78.49,95.94,99.13,2025-11,-59.0372,0,7,1
618145,Widening to two lane with paved shoulder of Rampachodavaram - Koyyuru section of NH 516E from Km 43700 to Km 113820 in the State of Andhra Pradesh on EPC mode Job No. 737,Ministry of Road Transport & Highways,Roads & Highways,MoRTH,Andhra Pradesh,2026-04,2026-06,2,2022-03,2023-01,2025-01,2026-04,568.12,568.12,303.13,98.63,324.96,2026-04,-42.8008,0,17,1
618161,Widening and Reconstruction of existing road to four lane from Km.56400 to Km 120300 i.e. from B.Kothapalli Junction to Gorantla excluding Kadiri Bypass from Km 70200 to Km 77105 of NH 716G in the State of Andhra Pradesh on EPC mode Job no. 742,Ministry of Road Transport & Highways,Roads & Highways,MoRTH,Andhra Pradesh,2026-04,2026-06,2,2022-03,2023-09,2025-12,2026-04,839.98,839.98,355.56,99.45,415.11,2026-03,-50.581,0,6,1
618191,"Rehabilitation and upgradation of NH-167AD from Macherla to Dachepalli via Paluvai Junction, Rentachinthala, Gurazala from Km.0.000 to 43.659 to two lane with paved shoulders in the state of Andhra Pradesh job-729",Ministry of Road Transport & Highways,Roads & Highways,MoRTH,Andhra Pradesh,2026-04,2026-06,2,2022-01,2023-01,2025-01,2026-03,403.22,403.22,227.13,99.06,256.17,2026-02,-36.4689,0,17,1
618237,Rehabilitation and Up-gradation of Pasarlapudi to Dhindi section from Km 105/170 to Km 126/510 of NH -214 New NH -216 to two lane with paved shoulder in the state of Andhra Pradesh under NHDP-IV,Ministry of Road Transport & Highways,Roads & Highways,MoRTH,Andhra Pradesh,2026-04,2026-06,2,2017-03,2017-09,2019-09,2025-09,263.45,263.45,151.56,98.4,158.8,2026-01,-39.7229,0,81,1
618258,Two laning with paved shoulders of Gondiguda to Araku uptoBhallaguda section of NH 516E,Ministry of Road Transport & Highways,Roads & Highways,MoRTH,Andhra Pradesh,2026-04,2026-06,2,2020-08,2021-09,2023-09,2024-04,296.66,289.11,237.52,91.5,275.38,2025-12,-7.1732,0,33,1
618259,Two laning with paved shoulders of Paderu to GundigudaSection of NH 516E,Ministry of Road Transport & Highways,Roads & Highways,MoRTH,Andhra Pradesh,2026-04,2026-06,2,2020-08,2021-03,2023-03,2024-03,222.61,222.61,122.52,100.0,181.04,2025-10,-18.6739,0,39,1
618527,Six Laning of Vijayawada Bypass from Gollapudi to Chinnakakani in Vijayawada - Gundugolanu Section from km. 30.00 to km. 47.881 Pkg-IV,Ministry of Road Transport & Highways,Roads & Highways,National Highways Authority of India [NHAI],Andhra Pradesh,2026-04,2026-06,2,2020-01,2021-07,2024-01,2026-05,1194.57,1757.82,853.14,99.92,862.83,2026-05,-27.7707,0,29,0
618748,Khammam-Devarapalle Pkg IV [4L Access Controlled Greenfield from Recherla village to Gurvaygudem village Design Chainage 105236 to 132664],Ministry of Road Transport & Highways,Roads & Highways,National Highways Authority of India [NHAI],Andhra Pradesh,2026-04,2026-06,2,2020-11,2022-09,2024-09,2025-05,569.37,752.02,355.88,100.0,499.99,2026-01,-12.1854,0,21,1
618919,4L PS from Mandlem Existing Km. 38.000/Design Km.30.600 to Atmakur Existing Km.73.000/Design Km 66.115 of NH340C Package2,Ministry of Road Transport & Highways,Roads & Highways,National Highways Authority of India [NHAI],Andhra Pradesh,2026-04,2026-06,2,2023-03,2023-11,2025-11,,887.28,913.03,374.39,99.94,550.42,2025-11,-37.9655,0,7,1
618576,"6L Standalone Flyovers at Raha, Demow, Borghat, Kathiatali junctions and ROB at Jagiroad on stretches of NH 36 and NH 27",Ministry of Road Transport & Highways,Roads & Highways,National Highways Authority of India [NHAI],Assam,2026-04,2026-06,2,2022-03,2022-12,2024-06,,280.75,255.53,211.79,99.04,212.27,2024-10,-24.3918,0,24,1
618285,Widening/Improvement to 4 -Lane with Paved Shoulder from Ch. 88.000km to Ch.99.930 km Design Ch.84.100km to Ch.96.000 km of Sagunbashi forest near Nichinta to starting of Krishnai Bypass Section of Bilasipura Guwahati road NH 17 on EPC Package-7,Ministry of Road Transport & Highways,Roads & Highways,NHIDCL,Assam,2026-04,2026-06,2,2021-03,2023-10,2025-10,2026-01,286.72,286.72,186.64,100.0,220.81,2025-08,-22.9876,0,8,1
618327,Widening/Improvement to 4-Lane with Paved Shoulder from KM 113300 to Km 146230 Design Chainage 113830 to 145712 of Kwaram Taro Village - Dillai Section in Assam on EPC Package-6,Ministry of Road Transport & Highways,Roads & Highways,NHIDCL,Assam,2026-04,2026-06,2,2021-09,2022-07,2024-07,2025-03,625.64,625.64,0.0,0.0,578.19,2025-03,-7.5842,0,23,1
618330,Construction of 4/6 Laning from existing Km 159.400 of NH-36 to existing Km 102.500 of NH-39 and upto end point of Assam portion [Design Km 118.050 to design Km 132.375] Total New Alignment length of 14.325 Km of Daboka -Dimapur Section Dimapur Bypass in the state of Assam under SARDP-NE 'Phase-A' on EPC mode Assam Portion,Ministry of Road Transport & Highways,Roads & Highways,NHIDCL,Assam,2026-04,2026-06,2,2018-03,2019-11,2022-11,2025-09,511.02,511.02,647.21,100.0,671.35,2025-11,31.3745,1,43,1
618372,"Widening / Improvement to 4-Lane with Paved Shoulder configuration of existing single lane road from Kachukhana Harichara Paglagaunj to Dhubri - Phulbari Bridge approach Package-II of Srirampur - Dhubri Section of NH-127B from existing Km 28.050 to Km 55.060 Design Km 27.650 to Km 54.154, Design Length26.504 Km under JICA ODA Loan assistance Phase-V [Srirampur - Dhubri Pkg-2]",Ministry of Road Transport & Highways,Roads & Highways,NHIDCL,Assam,2026-04,2026-06,2,2022-03,2023-01,2025-01,2025-06,909.02,909.02,638.5,100.0,683.81,2025-06,-24.775,0,17,1
617959,Rehabilitation & Widening work for 2 Lane with Paved Shoulder of Existing NH-80 from km 70.15 to Km 121.025 of Munger-Suttanganj -BhagatpurMirzachowki section on EPC Mode in the State of Bihar.,Ministry of Road Transport & Highways,Roads & Highways,MoRTH,Bihar,2026-04,2026-06,2,2021-03,2023-02,2025-01,,477.54,477.54,311.39,95.66,343.05,2025-11,-28.1631,0,17,1
618570,4L Elevated Highway and at grade improvements at Gopalganj Town from Km. 384.000 to Km. 386.750 on NH-27,Ministry of Road Transport & Highways,Roads & Highways,National Highways Authority of India [NHAI],Bihar,2026-04,2026-06,2,2021-10,2022-03,2024-08,2026-04,325.57,248.92,225.44,99.78,241.89,2025-05,-25.7026,0,22,1
618582,4L of Galgalia - Bahadurganj section from Km 0.000 to Km 49.000 Package-I of NH327E,Ministry of Road Transport & Highways,Roads & Highways,National Highways Authority of India [NHAI],Bihar,2026-04,2026-06,2,2021-01,2022-01,2024-01,,1282.97,1282.97,599.36,100.0,816.12,2025-02,-36.3882,0,29,1
618583,4L of Bahadurganj Araria section from Km 49.000 to Km 94.000 Package-II of NH- 327E,Ministry of Road Transport & Highways,Roads & Highways,National Highways Authority of India [NHAI],Bihar,2026-04,2026-06,2,2021-01,2022-01,2024-01,2024-05,1358.77,1358.77,713.95,100.0,812.28,2025-01,-40.2195,0,29,1
618774,Ara - Mohania Pkg-II,Ministry of Road Transport & Highways,Roads & Highways,National Highways Authority of India [NHAI],Bihar,2026-04,2026-06,2,2020-08,2021-01,2023-07,2025-11,984.63,827.51,798.12,100.0,798.25,2025-11,-18.9289,0,35,1
618779,4L of Aurangabad-Paithan,Ministry of Road Transport & Highways,Roads & Highways,NHAI,Bihar,2026-04,2026-06,2,2022-09,2023-01,2024-07,2026-05,1505.0,349.96,305.59,96.5,328.32,2025-12,-78.1847,0,23,1
618839,Aunta - Simaria including Ganga Bridge,Ministry of Road Transport & Highways,Roads & Highways,National Highways Authority of India [NHAI],Bihar,2026-04,2026-06,2,2017-01,2018-08,2022-02,2026-04,1309.47,2107.68,812.81,100.0,1209.46,2026-03,-7.6374,0,52,1
618915,4L of Bal. works of Patna - Gaya -Dobhi Pkg-II from km. 39.00 to km. 83.00 of Old NH- 83,Ministry of Road Transport & Highways,Roads & Highways,National Highways Authority of India [NHAI],Bihar,2026-04,2026-06,2,2019-09,2020-11,2022-11,2025-05,1637.29,777.2,728.91,89.01,764.68,2025-05,-53.296,0,43,1
618916,4L of Bal. works of Patna - Gaya -Dobhi Pkg-III from km. 83.00 to km. 127.217 of Old NH-83,Ministry of Road Transport & Highways,Roads & Highways,National Highways Authority of India [NHAI],Bihar,2026-04,2026-06,2,2019-09,2020-11,2022-11,2025-05,1077.46,799.7,774.78,92.0,803.33,2025-05,-25.4422,0,43,1
619320,Muzaffarpur - Sonbarsa Section of NH-77 from km 2.800 to km 89.000,Ministry of Road Transport & Highways,Roads & Highways,NHAI,Bihar,2026-04,2026-06,2,,2011-05,2013-11,2026-06,2290.72,2311.1,468.71,100.0,2308.19,2026-03,0.7626,0,151,1
617973,Strengthening and widening of existing 2 lane road to two lane paved shoulder from km 7.750 to 26.542 & km. 32.093 to 45.786 of NH-130 on EPC mode in the state of chhattisgarh.job No. 130-CG-2017-18-348,Ministry of Road Transport & Highways,Roads & Highways,MoRTH,Chhattisgarh,2026-04,2026-06,2,2017-11,2019-05,2020-11,2026-02,188.8,188.8,102.56,97.0,107.79,2023-06,-42.9078,0,67,1
618064,Up-gradation of NH-930 Sherpar to Kohka from Km.67880 to Km.114860 to 2LPS in Chhattisgarh under EPC mode,Ministry of Road Transport & Highways,Roads & Highways,MoRTH,Chhattisgarh,2026-04,2026-06,2,2020-03,2022-05,2024-05,,278.97,278.97,201.05,90.0,210.82,2025-12,-24.4292,0,25,1
618078,Up-gradation of NH-130C Abhanpur to Paund from NH Km. 0000 to KM 40380 to two lane with paved shoulders in the State of Chhattisgarh on EPC mode.,Ministry of Road Transport & Highways,Roads & Highways,MoRTH,Chhattisgarh,2026-04,2026-06,2,2020-12,2022-03,2023-09,2026-02,193.16,193.16,97.78,85.0,116.5,2025-08,-39.6873,0,33,1
618849,Conversion of Partially Excavated Escape Tunnel to Uni-Directional 2L Tunnelincluding construction of cross passages and approach roads on either side of the tunnel from Km 12.732 to Km 14.568 of Kiratpur to Nerchowk Section of NH-21,Ministry of Road Transport & Highways,Roads & Highways,National Highways Authority of India [NHAI],Chhattisgarh,2026-04,2026-06,2,2022-05,2022-09,2024-03,2026-05,444.21,412.88,394.65,100.0,394.73,2026-04,-11.1389,0,27,1
618578,6L Access Controlled Highway from DND Maharani Bagh - Jn. with Jaitpur - Pushta Road of NH-148NA from km. 0.00 to km. 9.00 in NCR,Ministry of Road Transport & Highways,Roads & Highways,National Highways Authority of India [NHAI],Delhi,2026-04,2026-06,2,2020-07,2022-01,2024-07,2026-05,1467.44,2510.34,1615.84,98.25,1652.29,2026-04,12.5968,1,23,1
618464,Vadodara Mumbai Expressway Ena -Kim Phase IB - Pkg VI [Km 217.500 to Km 254.430],Ministry of Road Transport & Highways,Roads & Highways,National Highways Authority of India [NHAI],Gujarat,2026-04,2026-06,2,2020-05,2021-12,2023-12,2026-05,2271.86,4297.28,2574.42,98.9,2991.42,2025-06,31.6727,1,30,1
618465,Vadodara Mumbai Expressway Gandeva to Ena Phase IB - Pkg VII [Km 190.00 to Km 217.500],Ministry of Road Transport & Highways,Roads & Highways,National Highways Authority of India [NHAI],Gujarat,2026-04,2026-06,2,2020-07,2021-11,2023-11,2026-05,1710.3,3392.21,2158.87,97.05,2451.01,2026-01,43.3088,1,31,1
618501,Ahmedabad - Dholera Pkg I from km. 0.00 to km. 22.00 [Sardar Patel Ring Road - Sindhrej Village],Ministry of Road Transport & Highways,Roads & Highways,National Highways Authority of India [NHAI],Gujarat,2026-04,2026-06,2,2020-05,2022-01,2024-01,2026-05,1298.0,1421.05,1012.45,100.0,1385.83,2026-01,6.7666,0,29,1
618502,Ahmedabad - Dholera Pkg II from km. 22.00 to km. 48.52 [Sindhrej Village - Vejallka Village],Ministry of Road Transport & Highways,Roads & Highways,National Highways Authority of India [NHAI],Gujarat,2026-04,2026-06,2,2020-05,2022-01,2024-01,2026-05,1415.34,1729.69,1354.93,100.0,1785.68,2026-04,26.1662,1,29,1
618614,Sanchore - Santalpur from km 67.000 - km 99.000 of NH-754K AJ-RGBS-Package-3,Ministry of Road Transport & Highways,Roads & Highways,National Highways Authority of India [NHAI],Gujarat,2026-04,2026-06,2,2020-02,2021-08,2023-08,2026-05,752.3,765.25,569.43,99.0,601.6,2024-01,-20.0319,0,34,1
618699,Pipli Bhavnagar-Package 1 from km 136.025 to km 169.328,Ministry of Road Transport & Highways,Roads & Highways,National Highways Authority of India [NHAI],Gujarat,2026-04,2026-06,2,2018-03,2019-02,2021-09,,819.14,1297.38,188.7,100.0,975.85,2024-03,19.131,1,57,1
618834,4L Kodinar - Veraval Package VI from km. 222.400 to km. 230.00 Kodinar Bypass of NH-8E NH 51 new,Ministry of Road Transport & Highways,Roads & Highways,National Highways Authority of India [NHAI],Gujarat,2026-04,2026-06,2,2022-03,2022-04,2023-09,2025-04,162.73,192.01,174.82,100.0,189.95,2025-05,16.7271,1,33,1
618835,4L of Bal Works of Talaja - Mahuva from 54.990 km. to 100.450 km. of Old NH-8E Package-II,Ministry of Road Transport & Highways,Roads & Highways,National Highways Authority of India [NHAI],Gujarat,2026-04,2026-06,2,2020-08,2021-03,2022-09,,698.4,735.51,418.41,100.0,726.01,2024-05,3.9533,0,45,1
619067,6L of Chiloda-Naroda section from Km. 540.595 to Km. 555.595 of NH-8Package-VII,Ministry of Road Transport & Highways,Roads & Highways,National Highways Authority of India [NHAI],Gujarat,2026-04,2026-06,2,2016-11,2017-05,2019-05,2026-05,356.6,463.03,103.23,100.0,443.07,2026-02,24.2485,1,85,1
619147,4L of Bal Works of Mahuva to Kagvadar from 100.450 Km. to 140.470 Km. of NH-8E Pkg- III,Ministry of Road Transport & Highways,Roads & Highways,National Highways Authority of India [NHAI],Gujarat,2026-04,2026-06,2,2020-08,2021-03,2022-09,2026-01,603.08,628.49,624.41,99.71,624.43,2024-07,3.5402,0,45,1
619148,4L of Bhavnagar - Talaja Package-I from Km. 6.945 to Km. 54.990 of Old NH-8E,Ministry of Road Transport & Highways,Roads & Highways,National Highways Authority of India [NHAI],Gujarat,2026-04,2026-06,2,2016-03,2017-02,2019-08,,1185.66,1343.16,53.18,100.0,1316.53,2024-06,11.0377,1,82,1
618484,Delhi-Amritsar-Katra Expressway Phase-I Pkg-III from Junction with Jind-Panipat road NH-352A near Gangana village to Junction with Jind-Karnal road NH-709A near Alewa village Km 60800 to Km 91400,Ministry of Road Transport & Highways,Roads & Highways,National Highways Authority of India [NHAI],Haryana,2026-04,2026-06,2,2020-12,2021-12,2023-12,2024-05,1606.27,1813.91,631.62,79.08,1322.85,2025-11,-17.6446,0,30,1
618485,Delhi-Amritsar-Katra Expressway Phase-I Pkg-IV from Junction with Jind-Karnal road NH-709A near Alewa village to Junction with Ambala-Kaithal-Hissar road NH-152 near Kharak Pandwa village Km 91400 to Km 120250,Ministry of Road Transport & Highways,Roads & Highways,National Highways Authority of India [NHAI],Haryana,2026-04,2026-06,2,2021-01,2021-12,2023-12,2024-03,1306.95,1578.66,563.2,76.13,1098.84,2025-11,-15.9233,0,30,1
618050,Rehabilitation and Upgradation to 2-lane/Intermediate lane configuration of Ashyari- Shri Kyari Section km 50.000 to km 75.000 of NH-707 in the state of Himachal Pradesh under Green National Highways Corridor Project GNHCP with the loan assistance of World Bank on EPC mode.,Ministry of Road Transport & Highways,Roads & Highways,MoRTH,Himachal Pradesh,2026-04,2026-06,2,2020-08,2021-09,2023-09,2024-11,345.89,359.56,146.64,98.16,232.82,2025-12,-32.6896,0,33,1
618396,Construction & Upgradation to 2 lane with paved shoulder from Design Km. 31.449 Khellani Ex. Km 44.946 to Km 51.700 Prem Nagar Ex. Km 68617 of 20.251 Km length on Khellani - Kishtwar - Chattroo section of NH-244 in the UT of J&K on EPC Mode under NHO-Gen PKG- 1,Ministry of Road Transport & Highways,Roads & Highways,NHIDCL,"Jammu and
Kashmir",2026-04,2026-06,2,2021-02,2021-03,2022-08,2024-10,486.45,486.45,0.0,0.0,300.52,2024-11,-38.2218,0,45,1
618829,4L from km 196.87 Sankha to km 219.6 Khajuri on NH-75 [Rehla / Garhwa Bypass],Ministry of Road Transport & Highways,Roads & Highways,National Highways Authority of India [NHAI],Jharkhand,2026-04,2026-06,2,2020-09,2021-10,2023-10,,1129.48,1129.48,527.11,93.45,790.59,2025-03,-30.0041,0,32,1
618946,4L of Mehgama - Hansdiha from km. 41.900 to km. 93.000 of NH -133A Pkg-II,Ministry of Road Transport & Highways,Roads & Highways,National Highways Authority of India [NHAI],Jharkhand,2026-04,2026-06,2,2022-03,2023-05,2025-05,2026-05,1479.72,1568.18,878.2,99.5,1034.52,2026-05,-30.0868,0,13,0
617954,Balance work of Rehabilitation and upgrading to 2lane/2lane with paved shoulder configuration and strengthening from from Km 343.80 to 400.33 of Gowribidanur-Chik Ballapur section in the state of Karnataka Under Annual Plan 2021-22 under EPC Mode.-952,Ministry of Road Transport & Highways,Roads & Highways,MoRTH,Karnataka,2026-04,2026-06,2,2022-03,2023-02,2025-02,2026-04,398.48,398.48,211.59,93.25,242.02,2025-10,-39.2642,0,16,1
618698,Challakere to Hariyur section from km 358.500 to km 414.205 of NH-150 A,Ministry of Road Transport & Highways,Roads & Highways,National Highways Authority of India [NHAI],Karnataka,2026-04,2026-06,2,2018-03,2021-01,2023-01,2025-06,1167.52,1873.58,843.6,99.5,1243.48,2025-12,6.5061,0,41,1
619121,4L of Hubli - Hospet Section of NH-63 from Km 128.850 to Km 272.571,Ministry of Road Transport & Highways,Roads & Highways,National Highways Authority of India [NHAI],Karnataka,2026-04,2026-06,2,2016-07,2017-03,2020-03,2026-05,2531.99,3619.32,1360.9,99.65,3522.85,2026-03,39.1336,1,75,1
619144,Hospet - Chitradurga from km. 299.00 to km. 418.750,Ministry of Road Transport & Highways,Roads & Highways,National Highways Authority of India [NHAI],Karnataka,2026-04,2026-06,2,2015-03,2016-02,2018-08,2026-06,1519.72,387.48,36.36,100.0,331.26,2026-06,-78.2026,0,94,0
618045,"Construction of Mihona bypass, Lahar bypass, Daboh bypass & Bhander Bypass total length 20.60 km to 2-lane with paved shoulder from on Mihona-Bhander-MP/UP border section of NH 552E in the State of Madhya Pradesh on EPC mode",Ministry of Road Transport & Highways,Roads & Highways,MoRTH,Madhya Pradesh,2026-04,2026-06,2,2022-03,2023-06,2024-12,,179.18,179.18,71.77,67.0,74.89,2025-07,-58.204,0,18,1
618625,Indore - Gujarat / MP Border from km. Km 9.500 to Km 171.000 of NH-59 in MP,Ministry of Road Transport & Highways,Roads & Highways,National Highways Authority of India [NHAI],Madhya Pradesh,2026-04,2026-06,2,2009-12,2010-08,2013-02,2026-05,1175.0,217.22,14.04,99.93,191.43,2026-02,-83.7081,0,160,1
618665,4L of Sagar - Mohari from Km.8 to Km.50 Pkg-I,Ministry of Road Transport & Highways,Roads & Highways,National Highways Authority of India [NHAI],Madhya Pradesh,2026-04,2026-06,2,2021-03,2022-04,2024-04,2026-05,790.78,660.38,454.77,98.64,555.28,2026-03,-29.7807,0,26,1
618695,Indore - Harda Pkg-III [Nanasa to Pidgaon Section from km 95.000 to km 142.445],Ministry of Road Transport & Highways,Roads & Highways,National Highways Authority of India [NHAI],Madhya Pradesh,2026-04,2026-06,2,2020-01,2021-10,2023-10,2026-05,1146.22,1240.64,626.01,98.21,758.23,2026-04,-33.8495,0,32,1
618701,Balance work of 4L of Nauradehi Sanctuary de-scoped stretch of Hiran River to Sindoor River from Km. 66.00 to 130.00 NH-12 New NH-45,Ministry of Road Transport & Highways,Roads & Highways,National Highways Authority of India [NHAI],Madhya Pradesh,2026-04,2026-06,2,2021-01,2021-07,2023-07,2024-04,178.18,153.15,142.2,57.14,143.37,2025-07,-19.5364,0,35,1
618099,"Rehabilitation & up-gradation for Talere Gaganbawada - kolhapur Road NH 166G stretch start from km. 0/00 to Km. 06/00 and km. 13/00 to km 19/440 of NH-166G, length 12.440 km in the State of Maharashtra.",Ministry of Road Transport & Highways,Roads & Highways,MoRTH,Maharashtra,2026-04,2026-06,2,2024-03,2024-10,2026-04,2026-04,164.13,164.13,98.68,100.0,115.51,2025-10,-29.6229,0,2,1
618468,Vadodara Mumbai Expressway Phase II - Pkg XI [Km. 77.000 to Km. 103.400] Ganjad - Talsari,Ministry of Road Transport & Highways,Roads & Highways,National Highways Authority of India [NHAI],Maharashtra,2026-04,2026-06,2,2020-06,2022-05,2024-05,2026-04,1524.71,1913.95,813.35,99.76,901.76,2026-01,-40.8569,0,25,1
618638,Tarsod - Fagne section of NH-6,Ministry of Road Transport & Highways,Roads & Highways,National Highways Authority of India [NHAI],Maharashtra,2026-04,2026-06,2,2016-06,2019-01,2021-07,2026-04,2267.99,2560.5,990.0,98.84,2213.75,2026-04,-2.3915,0,59,1
618652,Chakur Loha Section of NH-361 from km 114.600 to km 187.80,Ministry of Road Transport & Highways,Roads & Highways,National Highways Authority of India [NHAI],Maharashtra,2026-04,2026-06,2,2018-03,2019-03,2021-03,2024-02,1241.38,3342.11,785.13,100.0,1717.21,2026-02,38.3307,1,63,1
619209,4L of existing 2/4L stretch from Lonand to Dive Ghat Km 166.400 to Km 220.900 of Mohol Alandi section of NH-965 Pkg - V,Ministry of Road Transport & Highways,Roads & Highways,National Highways Authority of India [NHAI],Maharashtra,2026-04,2026-06,2,2021-10,2022-05,2024-05,2026-04,1709.56,2049.51,1125.89,98.52,1295.04,2026-03,-24.2472,0,25,1
618341,Up-gradation to 2-lane with paved shoulders of Ngopa - Pawlrang section of NH 102B of Aizawl - Imphal Economic Corridor from Existing Chainage km 32.796 to km 72.030 [Design Chainage km 31.280 to km 68.170] in the State of Mizoram under Bharatmala Pariyojna on EPC mode under NHO-NE Package-2 Keifang- Tuivai Pkg-2,Ministry of Road Transport & Highways,Roads & Highways,NHIDCL,Mizoram,2026-04,2026-06,2,2021-09,2023-09,2025-02,2026-06,523.78,523.78,394.29,95.31,426.69,2025-06,-18.5364,0,16,1
618381,Widening and up-gradation to 2-lane with paved shoulder configuration and geometric improvements from km 250.00 Lunglei to km 298.00 on Aizawl-Tuipang section under JICA ODA Loan assistance Phase-I Package-6,Ministry of Road Transport & Highways,Roads & Highways,NHIDCL,Mizoram,2026-04,2026-06,2,2019-09,2019-12,2023-06,2025-05,768.76,768.76,168.78,98.73,168.78,2025-05,-78.0452,0,36,1
618382,Widening and up-gradation to 2-lane with paved shoulder configuration and geometric improvements from km 298.00 to km 339.00 on Aizawl-Tuipang section under JICA ODA Loan assistance Phase-I Package-7,Ministry of Road Transport & Highways,Roads & Highways,NHIDCL,Mizoram,2026-04,2026-06,2,2019-09,2020-10,2024-04,2025-05,605.76,750.32,0.01,100.0,132.33,2025-05,-78.1547,0,26,1
618384,Widening and Up-gradation to 2- Lane with Paved Shoulder Configuration and geometric improvement from Km. 166. 000 to Km 208.000 Package-4 on Aizawl Tuipang Section of NH-54 in the State of Mizoram Package-4,Ministry of Road Transport & Highways,Roads & Highways,NHIDCL,Mizoram,2026-04,2026-06,2,2019-09,2019-10,2023-04,2025-04,899.45,899.45,191.59,99.88,191.68,2025-04,-78.6892,0,38,1
618771,6L of Varadharajula to Kumarajapet from km 0.000 to km 43.800 of NH-716B Pkg-I,Ministry of Road Transport & Highways,Roads & Highways,National Highways Authority of India [NHAI],"Multi-States
(Andhra Pradesh,
Tamil Nadu)",2026-04,2026-06,2,2021-02,2022-12,2024-12,2026-04,1924.75,1887.38,947.66,99.19,1120.2,2026-02,-41.8002,0,18,1
618532,6L of Aurangabad to Bihar-Jharkhand border Chordaha section from km. 209.827 to Km. 249.525 of NH-19 PKG-02,Ministry of Road Transport & Highways,Roads & Highways,National Highways Authority of India [NHAI],"Multi-States
(Bihar, Jharkhand)",2026-04,2026-06,2,2021-06,2022-03,2024-03,2026-05,1822.46,738.11,605.5,97.92,611.43,2026-04,-66.4503,0,27,1
618676,6L of Dhanara - Hatibena Section from Km 124.611 to km 146.50 of NH-130-CD Package OD-1,Ministry of Road Transport & Highways,Roads & Highways,National Highways Authority of India [NHAI],"Multi-States
(Chhattisgarh,
Odisha)",2026-04,2026-06,2,2021-02,2022-03,2024-03,2026-04,477.76,638.32,297.98,99.95,359.28,2026-03,-24.7991,0,27,1
618515,6L from Belgaum to Sankeshwar Bypass from Km. 515.000 to Km. 555.017 of NH-48 Pkg-I,Ministry of Road Transport & Highways,Roads & Highways,National Highways Authority of India [NHAI],"Multi-States
(Karnataka,
Maharashtra)",2026-04,2026-06,2,2021-11,2022-10,2025-04,2026-05,1479.3,1237.04,1178.11,100.0,1199.4,2026-03,-18.9211,0,14,1
618624,Mangloor to Telangana Maharashtra Border,Ministry of Road Transport & Highways,Roads & Highways,National Highways Authority of India [NHAI],"Multi-States
(Maharashtra,
Telangana)",2026-04,2026-06,2,2018-03,2019-04,2021-04,2021-03,1082.65,1323.12,180.13,96.02,1011.7,2025-10,-6.5534,0,62,1
618938,4L of Rajura-Korpana-Adilabad Road upto M.S. Border from km 32.910 to km 89.090 of NH-353B,Ministry of Road Transport & Highways,Roads & Highways,National Highways Authority of India [NHAI],"Multi-States
(Maharashtra,
Telangana)",2026-04,2026-06,2,2022-03,2022-10,2024-10,2026-05,1013.33,1274.63,630.06,100.0,699.33,2026-03,-30.9869,0,20,1
618760,4L Greenfield a Malout bypass from ch. Km 44.500 to ch. Km 35.500 on NH-07 and Ch. Km 0.000 to Km 6.984 on NH-09 bMandi Dabwali Bypass from Ch. 38.450 Km to Km 27.910 Pkg-02,Ministry of Road Transport & Highways,Roads & Highways,National Highways Authority of India [NHAI],"Multi-States
(Haryana, Punjab)",2026-04,2026-06,2,2021-11,2022-12,2024-07,2026-04,646.42,556.09,549.2,98.0,571.11,2026-01,-11.6503,0,23,1
618935,4L Ambala - Kalaamb from Km. -0.800 to Km. 33.015 of old NH-72,Ministry of Road Transport & Highways,Roads & Highways,National Highways Authority of India [NHAI],"Multi-States
(Haryana, Punjab)",2026-04,2026-06,2,2022-10,2023-06,2025-06,2026-05,1183.7,1190.34,452.48,100.0,706.54,2026-02,-40.3109,0,12,1
618755,4L of left out existing road section from Lalgopalganj Km 161.450 to Nawabganj Km 180.200 in Prayagraj,Ministry of Road Transport & Highways,Roads & Highways,National Highways Authority of India [NHAI],"Multi-States
(Rajasthan, Uttar
Pradesh)",2026-04,2026-06,2,2024-03,2025-04,2026-03,2026-05,159.53,100.74,72.27,100.0,93.24,2026-04,-41.5533,0,3,1
619122,Akshardham - DL/UP Border Pkg-01,Ministry of Road Transport & Highways,Roads & Highways,National Highways Authority of India [NHAI],"Multi-States (Delhi,
Uttar Pradesh)",2026-04,2026-06,2,2020-09,2022-06,2024-12,2026-05,1479.22,1476.75,1343.18,100.0,1399.88,2024-08,-5.3636,0,18,1
618828,4L from Km 219.600 Khajuri to Km 260.483 Wyndhamganj on NH-75 Sec-V,Ministry of Road Transport & Highways,Roads & Highways,National Highways Authority of India [NHAI],"Multi-States
(Jharkhand, Uttar
Pradesh)",2026-04,2026-06,2,2022-03,2023-09,2025-09,2026-05,1436.49,1465.55,830.18,92.02,959.96,2026-05,-33.1732,0,9,0
618912,Construction of Rudrapur Bypass Section from Km. 0.000 to 20.640 in the state of Uttar Pradesh & Uttarakhand,Ministry of Road Transport & Highways,Roads & Highways,National Highways Authority of India [NHAI],"Multi-States (Uttar
Pradesh,
Uttarakhand)",2026-04,2026-06,2,2023-03,2024-01,2026-01,2026-05,1051.73,1117.17,665.1,99.1,670.74,2026-03,-36.2251,0,5,1
619104,4L/2L PS of Govindpur Raiganj - Chas - WB border section of from km. 0.00 to km. 56.889 of Old NH-32,Ministry of Road Transport & Highways,Roads & Highways,National Highways Authority of India [NHAI],"Multi-States
(Jharkhand, West
Bengal)",2026-04,2026-06,2,2016-03,2017-12,2019-12,,1139.65,1154.8,6.64,99.84,1064.7,2025-09,-6.5766,0,78,1
618002,Widening of existing single lane to intermediate lane road from Mokokchung to Chare via Dikhu in the state of Nagaland on EPC mode,Ministry of Road Transport & Highways,Roads & Highways,MoRTH,Nagaland,2026-04,2026-06,2,2021-02,2023-06,2025-06,,192.93,192.93,99.65,0.0,110.98,2025-11,-42.4765,0,12,1
618329,Construction of 4/6 Laning from Km 132.375 to Km 153.058 Total New Alignment length of 20.683 Km of Daboka-Dimapur Section Dimapur Bypass Nagaland Portion of NH-36 & 39 in the State of Nagaland on EPC basis under PhaseA of SARDP-NE,Ministry of Road Transport & Highways,Roads & Highways,NHIDCL,Nagaland,2026-04,2026-06,2,2017-02,2017-09,2020-09,2023-02,819.39,819.39,0.0,0.0,635.0,2025-09,-22.5033,0,69,1
617924,Construction of bypass to Nayagarh town from km 235.469 to 252.482 of NH-57 including land acquisition in the state of Odisha.,Ministry of Road Transport & Highways,Roads & Highways,MoRTH,Odisha,2026-04,2026-06,2,2022-01,2023-05,2025-04,2026-03,300.33,300.33,82.33,100.0,103.64,2026-02,-65.4913,0,14,1
618819,Balance work of Panikoili Rimoli Section of new NH-20 from Km 0.00 to Km. 163.000,Ministry of Road Transport & Highways,Roads & Highways,National Highways Authority of India [NHAI],Odisha,2026-04,2026-06,2,2020-09,2021-03,2022-03,2022-07,183.03,200.79,89.36,99.0,185.4,2023-12,1.2949,0,51,1
618913,4-L of Rajamunda to Barkote Section of NH-23 from km. 287.200 to km. 337.185,Ministry of Road Transport & Highways,Roads & Highways,National Highways Authority of India [NHAI],Odisha,2026-04,2026-06,2,2017-10,2018-12,2021-06,2024-12,609.63,630.97,114.77,96.52,608.19,2025-07,-0.2362,0,60,1
619075,6L of Bhubaneswar - Jagatpur - Chandikhole Section of NH-16,Ministry of Road Transport & Highways,Roads & Highways,National Highways Authority of India [NHAI],Odisha,2026-04,2026-06,2,2009-01,2011-12,2014-06,2026-05,639.3,632.89,52.23,97.48,579.23,2026-04,-9.3962,0,144,1
618487,Delhi-Amritsar-Katra Expressway Phase-I Pkg-VII from Junction with Patiala-Bathinda road NH-7 near Bhawanigarh to Junction with Ludhiana-Malerhkotla SH-11 near Bhogiwal village Km 188830 to km 225770,Ministry of Road Transport & Highways,Roads & Highways,National Highways Authority of India [NHAI],Punjab,2026-04,2026-06,2,2020-12,2022-07,2024-07,2026-06,1759.82,1774.32,1250.45,95.8,1695.83,2026-02,-3.6362,0,23,1
617891,"Construction of Two lane with Paved Shoulder for Fatehpur Bypass Design Km 0.000 to Km 7.400 , Mandawa Bypass Design Km 20.925 to Km 27.300 & Jhunjhunu Bypass Design Km 41.625 to Km 54.689 of NH-11 on EPC Mode in the state of Rajasthan .",Ministry of Road Transport & Highways,Roads & Highways,MoRTH,Rajasthan,2026-04,2026-06,2,2022-03,2023-02,2024-08,2025-08,186.29,186.29,66.7,100.0,78.06,2025-09,-58.0976,0,22,1
617900,Upgradation to Two Lane Paved Shoulder in km 33/0 to 126/520 of NH-23 Old NH- 11B Kothun-Lalsot-Karoli-Dholpur road in the state of Rajasthan under EPC mode Length-93.52 Km.,Ministry of Road Transport & Highways,Roads & Highways,MoRTH,Rajasthan,2026-04,2026-06,2,2021-12,2022-09,2024-09,2025-09,150.11,150.11,12.2,97.0,12.25,2026-05,-91.8393,0,21,0
618093,Up-gradation to 2 lane with Paved shoulder from Charbhuja at Design km 0.00 existing km 150.00 to Neechli Oden Nathdwara at Design ch. Km 88.800 existing km 55.950 of NH-162E on EPC mode.,Ministry of Road Transport & Highways,Roads & Highways,MoRTH,Rajasthan,2026-04,2026-06,2,2022-02,2023-09,2025-09,,838.43,838.43,55.04,0.0,43.9,2025-04,-94.764,0,9,1
618118,Upgradation of two lane paved shoulder from Shahpura existing km. 0.00 Design Ch. 000 to Thanagazi existing Km.37352 Design Ch. 36810 of NH-248A on EPC mode in the State of Rajasthan.,Ministry of Road Transport & Highways,Roads & Highways,MoRTH,Rajasthan,2026-04,2026-06,2,2022-03,2023-02,2024-07,2025-07,174.34,174.34,63.55,100.0,100.48,2025-07,-42.3655,0,23,1
618456,Delhi-Vadodara Greenfield Alignment NH-148N Pkg-14 Ch. 388.420 to Ch. 419.000 [Junction with NH- 76 to Junction with NH-12 near village Ummedpura],Ministry of Road Transport & Highways,Roads & Highways,National Highways Authority of India [NHAI],Rajasthan,2026-04,2026-06,2,2019-11,2021-05,2023-05,2025-03,1119.35,1194.17,975.7,99.8,1114.19,2025-03,-0.461,0,37,1
619063,4L Greenfield spur from Delhi-Vadodara Greenfield expressway near Bandikui to Jaipur,Ministry of Road Transport & Highways,Roads & Highways,National Highways Authority of India [NHAI],Rajasthan,2026-04,2026-06,2,2022-03,2022-11,2024-11,2026-05,1636.15,2170.39,1205.29,100.0,1283.3,2025-10,-21.5659,0,19,1
618562,Dindigul Bypass - Samyanallore from km. 373.275 to km. 426.00,Ministry of Road Transport & Highways,Roads & Highways,National Highways Authority of India [NHAI],Tamil Nadu,2026-04,2026-06,2,2005-06,2006-07,2009-01,,579.0,295.5,1.4,100.0,141.09,2025-07,-75.6321,0,209,1
618743,Trichy 135.800 to Karur 218.000 section of NH-67 - Trichy Bypass,Ministry of Road Transport & Highways,Roads & Highways,National Highways Authority of India [NHAI],Tamil Nadu,2026-04,2026-06,2,2006-12,2007-07,2024-10,,876.88,360.88,66.59,100.0,336.71,2026-06,-61.6014,0,191,0
618745,4L of Vadugapatti to Therkuvenganallur Rajapalyam section from km 36.000 to km 71.600 of NH-744,Ministry of Road Transport & Highways,Roads & Highways,National Highways Authority of India [NHAI],Tamil Nadu,2026-04,2026-06,2,2022-02,2023-04,2025-04,2026-05,1317.6,1137.16,926.56,99.98,954.04,2026-06,-27.5926,0,14,0
618773,Tuticorin - Tirunelveli from km. 0.00 to km. 47.250,Ministry of Road Transport & Highways,Roads & Highways,National Highways Authority of India [NHAI],Tamil Nadu,2026-04,2026-06,2,2009-11,2010-04,2012-04,,449.85,452.48,1.17,100.0,2.8,2014-06,-99.3776,0,170,1
618874,Four Laning of Trichy - Dindigul from km. 333.00 to km. 421.273 of NH-45,Ministry of Road Transport & Highways,Roads & Highways,National Highways Authority of India [NHAI],Tamil Nadu,2026-04,2026-06,2,2006-12,2008-01,2010-07,2026-05,1003.11,435.81,9.43,100.0,377.7,2026-06,-62.3471,0,191,0
618897,4L of Sethiyathope -Cholapuram section from Km. 65.960 to Km. 116.440 section of NH45 C Pkg-II,Ministry of Road Transport & Highways,Roads & Highways,National Highways Authority of India [NHAI],Tamil Nadu,2026-04,2026-06,2,2017-03,2018-08,2020-08,2026-04,2356.19,2356.9,1011.39,100.0,1697.35,2025-11,-27.9621,0,70,1
618943,Salem - Ulundurpet section from km 0.313 to km 136.670 of NH-68,Ministry of Road Transport & Highways,Roads & Highways,National Highways Authority of India [NHAI],Tamil Nadu,2026-04,2026-06,2,2006-12,2008-01,2011-01,2026-05,861.23,1019.85,137.29,100.0,940.44,2025-11,9.1973,0,185,1
619083,Thumbipadi-Namakkal from km. 180.00 to km. 248.625 Package No. NS-2/BOT/TN- 02,Ministry of Road Transport & Highways,Roads & Highways,National Highways Authority of India [NHAI],Tamil Nadu,2026-04,2026-06,2,2005-06,2006-08,2009-02,2026-08,255.53,395.43,206.64,100.0,392.41,2026-06,53.5671,1,208,0
619084,Start of Karur Bypass - Dindigul from km. 292.600 to km. 305.600 Contract Package No. NS2/BOT/TN-4,Ministry of Road Transport & Highways,Roads & Highways,National Highways Authority of India [NHAI],Tamil Nadu,2026-04,2026-06,2,2005-08,2006-10,2009-04,2026-10,461.54,515.03,42.28,100.0,222.72,2025-12,-51.7442,0,206,1
617992,Rehabilitation & upgradation of NH - 167 from design km 187.723 to 234.434 Miryalaguda to Kodad section to two lane with paved shoulder on EPC mode in the state of Telangana,Ministry of Road Transport & Highways,Roads & Highways,MoRTH,Telangana,2026-04,2026-06,2,2018-03,2018-09,2020-09,2026-06,322.81,322.81,148.48,98.14,154.47,2026-01,-52.1483,0,69,1
617996,Widening to 2/4 Lane with paved shoulders from Km 182.120 to Km 227.600 of NH 167 on Haggari-Jadcherla Road on EPC mode under NHO in the state of Telangana,Ministry of Road Transport & Highways,Roads & Highways,MoRTH,Telangana,2026-04,2026-06,2,2016-10,2017-02,2019-02,2026-03,298.0,298.0,234.7,95.6,238.2,2024-04,-20.0671,0,88,1
618026,Rehabilitation and upgradation to two lane with paved shoulders from Km 0/000 to 72/6 of NH-365 Nakrekal to Tanamcherla section under NHDP IV in the state of Telangana under EPC mode,Ministry of Road Transport & Highways,Roads & Highways,MoRTH,Telangana,2026-04,2026-06,2,2017-06,2017-11,2019-10,2026-05,605.08,605.08,585.2,99.9,585.2,2025-05,-3.2855,0,80,1
618132,Widening & strengthening of existing carriageway in 2 lane with paved shoulders from km 25/0 to 59/2 design Ch km 25.467 to 59.200 of NH - 353C on EPC mode in the state of Telangana,Ministry of Road Transport & Highways,Roads & Highways,MoRTH,Telangana,2026-04,2026-06,2,2018-02,2018-06,2020-06,,206.13,206.13,152.77,98.57,318.62,2025-01,54.5724,1,72,1
618142,Widening to Two lane with Paved shoulders from km.40/410 to 84/037 of Thirumanlagiri-- Suryapet Section of NH-365B earstwhile section of SH-16,Ministry of Road Transport & Highways,Roads & Highways,MoRTH,Telangana,2026-04,2026-06,2,2017-01,2017-05,2019-05,2019-09,244.54,244.54,0.0,99.96,147.48,2023-08,-39.6908,0,85,1
618143,widening to two lane with Paved shoulders from Km.0/970 to Km.40/410 of Jangaon - Thirumal giriof NH- 365B in the state of Telanganaon EPC mode under NHO Annual Plan 2016-17,Ministry of Road Transport & Highways,Roads & Highways,MoRTH,Telangana,2026-04,2026-06,2,2017-03,2017-11,2019-10,2019-10,197.0,197.0,0.0,92.74,3.24,2023-10,-98.3553,0,80,1
618386,Rehabilitation & Upgradation of Road from Km 0.00 to Km 18.600 Total length-18.600 km of Kumarghat-Kailashahar section on NH-208 to 2-lane with Paved shoulder on EPC bais under NHO,Ministry of Road Transport & Highways,Roads & Highways,NHIDCL,Tripura,2026-04,2026-06,2,2020-02,2020-07,2022-01,2024-10,277.5,302.03,0.0,0.0,273.04,2024-12,-1.6072,0,53,1
618008,"Construction of four-lane elevated viaduct from km.4634 to km.6345 on NH-24A including Retaining wall, service lane, at grade road and improvement of junctions, on EPC mode",Ministry of Road Transport & Highways,Roads & Highways,MoRTH,Uttar Pradesh,2026-04,2026-06,2,2021-03,2022-03,2023-09,2024-12,185.09,269.81,175.09,100.0,200.32,2024-09,8.2284,0,33,1
618110,Improvement and upgradation to two lane with Paved Shoulder configuration from existing km 55.00 to km 90.00 Design length 34.76 of NH-227A near Chhapia Village to near Sikriganj in the State of UP on EPC Mode.,Ministry of Road Transport & Highways,Roads & Highways,MoRTH,Uttar Pradesh,2026-04,2026-06,2,2021-11,2022-11,2024-05,2025-07,307.11,307.11,125.88,0.0,136.8,2025-05,-55.4557,0,25,1
618498,6L Greenfield Kanpur - Lucknow Expressway Pkg II from km. 28.500 to km. 73.744,Ministry of Road Transport & Highways,Roads & Highways,National Highways Authority of India [NHAI],Uttar Pradesh,2026-04,2026-06,2,2021-12,2022-11,2025-05,2026-04,2471.56,2489.0,1178.84,99.8,1439.5,2026-02,-41.7574,0,13,1
618553,6L of Agra Bypass Northern connecting Km. 174.500 of NH-2 new NH-19 to Km. 141.000 of Yamuna Expressways,Ministry of Road Transport & Highways,Roads & Highways,National Highways Authority of India [NHAI],Uttar Pradesh,2026-04,2026-06,2,2022-01,2023-02,2025-02,2026-05,957.62,1034.42,758.4,99.7,759.58,2026-01,-20.6804,0,16,1
618565,Strengthening of existing 4L Ayodhya Bypass Section from design Km. 121 600 to Km. 144020 of NH 28 New NH 27Pkg-3,Ministry of Road Transport & Highways,Roads & Highways,NHAI,Uttar Pradesh,2026-04,2026-06,2,2023-03,2023-09,2025-03,2025-08,526.45,281.13,259.66,81.85,270.75,2025-11,-48.5706,0,15,1
618770,4L Spur of Panipat - Shamli connecting NH-709AD Panipat Shamli Muzaffarnagar and NH-709A Karnal Meerut bypassing Shamli district UP,Ministry of Road Transport & Highways,Roads & Highways,National Highways Authority of India [NHAI],Uttar Pradesh,2026-04,2026-06,2,2021-10,2022-10,2024-10,2025-03,516.16,273.42,232.93,74.23,247.21,2025-05,-52.1059,0,20,1
618854,2L PS of Raebareli - Jagdishpur with 4L Jagdishpur Bypass Spur,Ministry of Road Transport & Highways,Roads & Highways,National Highways Authority of India [NHAI],Uttar Pradesh,2026-04,2026-06,2,2021-02,2022-01,2024-01,2025-06,706.41,752.52,515.53,97.2,534.31,2025-11,-24.3626,0,29,1
618855,"Improvement and Up-Gradation of Existing Road to 2/4L PS from Km 40.000 to 88.750, start of Khutar bypass to start of Shahjahanpur bypass of NH 731Pkg-I",Ministry of Road Transport & Highways,Roads & Highways,National Highways Authority of India [NHAI],Uttar Pradesh,2026-04,2026-06,2,2022-03,2023-02,2025-02,2026-04,838.68,838.68,560.48,99.2,616.56,2026-03,-26.4845,0,16,1
618864,4L from Mathura Bypass Start at Existing Km. 154.20 of NH-44 to Gaju Village at Km 32.982 of NH-530B Pkg-IB,Ministry of Road Transport & Highways,Roads & Highways,National Highways Authority of India [NHAI],Uttar Pradesh,2026-04,2026-06,2,2022-01,2023-03,2025-03,2026-05,1722.11,1820.77,1049.87,99.9,1057.04,2026-01,-38.6195,0,15,1
618865,4L from Gaju Village at Km. 32.982 to Devinagar Bypass End at Km. 208.000 of NH- 530B Pkg-1C.,Ministry of Road Transport & Highways,Roads & Highways,National Highways Authority of India [NHAI],Uttar Pradesh,2026-04,2026-06,2,2021-12,2023-01,2025-01,,1384.79,1496.44,823.04,99.99,862.65,2025-04,-37.7054,0,17,1
618959,4L Prayagraj Greenfield By-pass from design Km 50860 near Nibi Kala Uperhar to design Km 64763 on NH-19 near Khodaypur Kasgaon including Interchange loop at NH-19,Ministry of Road Transport & Highways,Roads & Highways,National Highways Authority of India [NHAI],Uttar Pradesh,2026-04,2026-06,2,2023-08,2023-12,2025-03,,1017.99,427.54,406.6,100.0,412.74,2026-02,-59.4554,0,15,1
617970,Reconstruction of existing 2 L/IL to 2L with paved shoulder from existing km 52.200 to 92.880 of NH-,Ministry of Road Transport & Highways,Roads & Highways,MoRTH,Uttarakhand,2026-04,2026-06,2,2016-10,2017-06,2019-06,2023-10,282.08,282.08,166.13,100.0,352.53,2023-09,24.9752,1,84,1
617975,Rehabilitation and upgradation to 2 lane with paved shoulder configuration from km 122.00 Dharasu Bend to km 147.230 Silkyara Bend of NH-94 in the state of Uttarakhand,Ministry of Road Transport & Highways,Roads & Highways,MoRTH,Uttarakhand,2026-04,2026-06,2,2017-03,2017-11,2019-11,2024-07,237.79,237.79,79.56,100.0,196.69,2026-01,-17.2842,0,79,1
617253,Revamping of old sub-systems of Blast Furnace 3 at Bokaro Steel Plant,Ministry of Steel,Steel,Steel Authority of India Limited [SAIL],Jharkhand,2026-04,2026-06,2,2023-08,2023-10,2025-07,2026-05,513.82,513.82,408.4,97.3,415.18,2026-05,-19.1974,0,11,0
701406,Rajiv Bhima Lift Irrigation Scheme,"Department of Water Resources, River Development & GR",Water Resources,Irrigation and CAD-TG,Telangana,2026-04,2026-06,2,2007-04,2008-01,2019-12,2026-03,1402.0,2509.66,1839.76,100.0,1839.76,2026-03,31.224,1,78,1
702851,Pune Water Supply Infrastructure Project,"All Ongoing Projects
MAY 2026
Orignal/Target DoC
Project Name Date of Approval Orignal Cost Cumulative
(Revised DoC) Physical Progress
Sl.No (Agency) State (Start Date) Revised Cost Expenditure
MM/YYYY (%)
(Project Code) (Legacy OCMS Code) MM/YYYY in Rs. Crore in Rs. Crore
Delhi Metro Rail Phase-IV [Rithala - Kundli Corridor]
(Delhi Metro Rail Corporation Limited [DMRC]) Multi-States (Delhi, 01/2025 01/2029 6230.99
275 558.03 0
(617206) Haryana) (01/2025) (-) (6230.99)
(-)
Jaipur Metro Phase 1C from Badi Chaupar to Transport Nagar via Ramganj
(Jaipur Metro Rail Corporation) NA 04/2027 980.08
276 Rajasthan 103.03 0
(612066) (09/2023) (-) (980.08)
(-)
Jaipur Metro Phase 1D Project from Mansarovar to Ajmer Road Chauraha
(Jaipur Metro Rail Corporation) NA 03/2026 204.81
277 Rajasthan 23.34 12.48
(612068) (12/2023) (-) (204.81)
(-)
Chennai Metro Rail Phase-II Development Project
(Chennai Metro Rail Limited [CMRL]) 10/2024 08/2029 63246
278 Tamil Nadu 33774 53.36
(702668) (11/2020) (-) (63246)
(-)
Extension of Aqua Line Metro Corridor from Noida Sector-142 station to Botanical
Garden, Noida of Noida Metro Rail Corporation
03/2026 03/2030 2254.35
279 (Noida Metro Rail Corporation Ltd. [NMRCL]) Uttar Pradesh 0 0
(03/2026) (-) (2254.35)
(616221)
(-)
LUCKNOW METRO RAIL PROJECT PHASE-1B EAST WEST CORRIDOR
(Uttar Pradesh metro rail corporation [UPMRC]) 09/2025 04/2031 5801.05
280 Uttar Pradesh 0 1.1
(619052) (05/2026) (-) (5801.05)
(-)
Kanpur Metro Rail Project
(Uttar Pradesh metro rail corporation [UPMRC]) 05/2019 05/2024 11076.48
281 Uttar Pradesh 9121.15 81.95
(702628) (11/2019) (03/2027) (11076.5)
(N28000144)
Agra Metro Rail Project
(Uttar Pradesh metro rail corporation [UPMRC]) 05/2019 05/2024 8379.62
282 Uttar Pradesh 6102.28 71
(702629) (12/2020) (06/2027) (8379.62)
(N28000145)
Total (29) 307834.71 171812.91
Waste & Water
ESR - 8 nos., distribution system - 216 Km, new house service connections - 38760
nos. upgrading of feeder mains, pumping station etc. - Phase II
02/2017 03/2023 172.22
283 (Ministry of Housing & Urban Affairs) Andhra Pradesh 88.86 82
(07/2018) (08/2026) (172.22)
(702674)
(-)
Muzaffarpur Storm Water Drainage Phase-I Project
(Ministry of Housing & Urban Affairs) 11/2016 10/2023 158.78
284 Bihar 135.72 85
(702699) (02/2019) (06/2026) (158.78)
(-)
Sewerage Management Scheme Part-3 Implementation
(Ministry of Housing & Urban Affairs) 03/2017 09/2023 278.01
285 Haryana 228.49 88
(702734) (11/2017) (09/2026) (278.01)
(-)
Dhanbad Water Supply Infrastructure Project
(Ministry of Housing & Urban Affairs) 02/2017 03/2023 216.55
286 Jharkhand 129.16 76
(702741) (12/2018) (06/2026) (216.55)
(-)
SAAP-3 Water Supply Infrastructure SAAP-3 Project
(Ministry of Housing & Urban Affairs) 02/2017 10/2023 159.31
287 Jharkhand 87.5 67
(702742) (12/2018) (06/2026) (159.31)
(-)
Augmentation and Strenghthning of Urban Water Supply Phase 1 - SAAP 3
(Ministry of Housing & Urban Affairs) 02/2017 03/2023 278.28
288 Jharkhand 186.5 81
(702746) (12/2018) (06/2026) (278.28)
(-)
Belgavi Improvement in Sewerage System Project
(Ministry of Housing & Urban Affairs) 12/2015 07/2023 162.73
289 Karnataka 79.5 80
(702760) (10/2016) (06/2026) (162.73)
(-)
Indore Water Supply Infrastructure Project
(Ministry of Housing & Urban Affairs) 12/2016 03/2023 287.17
290 Madhya Pradesh 252.5 99
(702793) (11/2017) (06/2026) (287.17)
(-)
Satna Sewerage Management and Treatment Infrastructure Project
(Ministry of Housing & Urban Affairs) 11/2015 03/2024 191.56
291 Madhya Pradesh 200.32 96
(702808) (12/2016) (08/2026) (215.89)
(-)
Singrauli Sewerage Management and Treatment Infrastructure Project
(Ministry of Housing & Urban Affairs) 05/2016 03/2023 402.01
292 Madhya Pradesh 371.17 90
(702810) (11/2017) (06/2026) (438.1)
(-)
Kalyan-Dombivali Water Supply Infrastructure Project
(Ministry of Housing & Urban Affairs) 07/2016 10/2023 194.2
293 Maharashtra 136.56 75
(702833) (09/2019) (08/2026) (194.2)
(-)
Pune Water Supply Infrastructure Project
(Ministry of Housing & Urban Affairs) 03/2017 03/2023 235.95
294 Maharashtra 220.77 96
(702851) (07/2017) (08/2026) (235.95)
(-)
Jalandhar Water Supply Infrastructure Project
(Ministry of Housing & Urban Affairs) 11/2016 08/2023 258.53
295 Punjab 161.02 90
(703021) (08/2020) (08/2026) (266.64)
(-)
Patiala Water Supply Infrastructure Part-2 Project
(Ministry of Housing & Urban Affairs) 11/2016 10/2023 287
296 Punjab 218.85 99
(703057) (08/2020) (08/2026) (287)
(-)
Jhansi Water Supply Infrastructure Phase-II Project
(Ministry of Housing & Urban Affairs) 03/2017 07/2023 561.74
297 Uttar Pradesh 506.52 95
(702949) (06/2019) (08/2026) (561.74)
(-)",Waste & Water,Ministry of Housing & Urban Affairs,Maharashtra,2026-05,2026-07,2,2017-03,2017-07,2023-03,2026-08,235.95,235.95,220.77,96.0,220.77,2026-08,-6.4336,0,40,0
701343,Srikakulam Angul Gas Pipeline Project,Ministry of Petroleum & Natural Gas,Energy Storage,Ministry of Petroleum & Natural Gas,"Multi-States
(Andhra Pradesh,
Odisha)",2026-05,2026-07,2,2019-09,2019-09,2022-07,2026-06,2658.34,2810.0,2315.2,97.8,2315.2,2026-07,-12.9081,0,0,0
400078,New Mundra Panipat Crude Oil Pipeline,Ministry of Petroleum & Natural Gas,Energy Storage,Ministry of Petroleum & Natural Gas,"Multi-States
(Gujarat, Haryana,
Rajasthan)",2026-05,2026-07,2,2021-12,2021-12,2024-12,2026-06,9028.0,9028.0,7456.3,92.7,7554.56,2026-07,-16.3208,0,19,0
611966,Transmission System for Evacuation of power from Potential RE Zone in Khavda Area of Gujarat under phase IV 7GW-Part E4,Ministry of Power,Transmission & Distribution,Power Grid Corporation of India Limited [POWERGRID],Maharashtra,2026-04,2026-06,2,2023-11,2023-11,2025-07,2026-04,224.41,224.41,206.45,94.8,224.41,2026-05,0.0,0,11,0
617915,Upgradation of Dindori-Sagartola-kabichabutra MP-CG border section of NH -45 from km 000Design to km 77.00 Design to Two lane with paved shoulder configration along with one time improvement in 04 nos. of bypaased built-up areas in a total length of 9.1 km in the state of Madhya Pradesh on EPC mode.,Ministry of Road Transport & Highways,Roads & Highways,MoRTH,Madhya Pradesh,2026-01,2026-03,2,2022-01,2023-09,2025-09,,329.14,319.09,0.0,93.0,204.39,2026-03,-37.9018,0,6,0
618175,Rehabilitation and Upgradation of Satana to Mangrul Chandwad Section of NH752 G Design Ch Km 64.000 to Ch Km 101.140 two lane with paved shoulder/four lane configuration in the state of Maharashtra on EPC mode.,Ministry of Road Transport & Highways,Roads & Highways,MoRTH,Maharashtra,2025-12,2026-02,2,2022-03,2023-05,2025-05,,428.8,428.8,0.0,62.0,184.63,2026-02,-56.9426,0,9,0
618749,Khammam-Devarapalle Pkg V [4L Access Controlled Greenfield from Gurvaygudem village to Devarapalle village Design Chainage 132664 to 162126,Ministry of Road Transport & Highways,Roads & Highways,National Highways Authority of India [NHAI],Andhra Pradesh,2026-03,2026-05,2,2020-12,2022-09,2024-09,2026-04,711.94,926.48,407.99,97.96,591.01,2026-05,-16.986,0,20,0
618460,Delhi-Vadodara Greenfield Alignment NH-148N Pkg-28 Ch.756052 to Ch.781282,Ministry of Road Transport & Highways,Roads & Highways,National Highways Authority of India [NHAI],Gujarat,2026-02,2026-04,2,2020-09,2021-11,2023-11,2025-05,1263.38,1266.98,864.33,99.0,935.5,2026-04,-25.9526,0,29,0
618833,Kodinar - Veraval Package VI from km. 221.610 to km. 263.00 of NH-8E & km. 120.900 to km. 121.150 of NH-8D,Ministry of Road Transport & Highways,Roads & Highways,National Highways Authority of India [NHAI],Gujarat,2026-03,2026-05,2,2016-02,2018-02,2020-07,2026-04,894.01,1127.42,453.77,98.79,730.06,2026-05,-18.3387,0,70,0
619146,Kagvadar - Una Package-IV,Ministry of Road Transport & Highways,Roads & Highways,National Highways Authority of India [NHAI],Gujarat,2026-04,2026-06,2,2016-02,2017-03,2019-09,2026-05,750.53,955.78,363.41,97.93,833.13,2026-06,11.0056,1,81,0
